{"type": "FeatureCollection", "features": [{"type": "Feature", "geometry": {"type": "Point", "coordinates": [21.2150169, 45.7485739]}, "properties": {"type": "school", "name": "LICEUL TEOLOGIC BAPTIST MUN.TIMISOARA", "locality": "TIMI\u015eOARA", "uat": "MUNICIPIUL TIMI\u015eOARA"}}, {"type": "Feature", "geometry": {"type": "Point", "coordinates": [21.1806322, 45.7286412]}, "properties": {"type": "school", "name": "LICEUL TEHNOLOGIC TRANSPORTURI AUTO MUN.TIMISOARA", "locality": "TIMI\u015eOARA", "uat": "MUNICIPIUL TIMI\u015eOARA"}}, {"type": "Feature", "geometry": {"type": "Point", "coordinates": [21.2685163, 45.2567643999999]}, "properties": {"type": "school", "name": "SCOALA GIMNAZIALA COM.MORAVITA", "locality": "MORAVI\u0162A", "uat": "MORAVI\u0162A"}}, {"type": "Feature", "geometry": {"type": "Point", "coordinates": [21.24007, 45.734782]}, "properties": {"type": "school", "name": "GRADINITA CU PROGRAM PRELUNGIT NR.11 MUN.TIMISOARA", "locality": "TIMI\u015eOARA", "uat": "MUNICIPIUL TIMI\u015eOARA"}}, {"type": "Feature", "geometry": {"type": "Point", "coordinates": [20.8985116, 45.7910271999999]}, "properties": {"type": "school", "name": "SCOALA GIMNAZIALA COM.CARPINIS", "locality": "C\u0102RPINI\u015e", "uat": "C\u0102RPINI\u015e"}}, {"type": "Feature", "geometry": {"type": "Point", "coordinates": [21.218114, 45.756466]}, "properties": {"type": "school", "name": "CENTRUL DE RESURSE SI ASISTENTA EDUCATIONALA \"SPERANTA\" MUN.TIMISOARA", "locality": "TIMI\u015eOARA", "uat": "MUNICIPIUL TIMI\u015eOARA"}}, {"type": "Feature", "geometry": {"type": "Point", "coordinates": [21.2094407, 45.7471556]}, "properties": {"type": "school", "name": "CENTRUL SCOLAR PENTRU EDUCATIE INCLUZIVA \"DUMITRU CIUMAGIANU\" MUN.TIMISOARA", "locality": "TIMI\u015eOARA", "uat": "MUNICIPIUL TIMI\u015eOARA"}}, {"type": "Feature", "geometry": {"type": "Point", "coordinates": [21.2366059, 45.7606279]}, "properties": {"type": "school", "name": "SCOALA GIMNAZIALA NR.16 \"TAKE IONESCU\" MUN.TIMISOARA", "locality": "TIMI\u015eOARA", "uat": "MUNICIPIUL TIMI\u015eOARA"}}, {"type": "Feature", "geometry": {"type": "Point", "coordinates": [21.9024608, 45.6909898]}, "properties": {"type": "school", "name": "COLEGIUL NATIONAL \"CORIOLAN BREDICEANU\" MUN.LUGOJ", "locality": "LUGOJ", "uat": "MUNICIPIUL LUGOJ"}}, {"type": "Feature", "geometry": {"type": "Point", "coordinates": [21.3084447, 45.7330638]}, "properties": {"type": "school", "name": "SCOALA GIMNAZIALA COM.VALCANI", "locality": "V\u0102LCANI", "uat": "VALCANI"}}, {"type": "Feature", "geometry": {"type": "Point", "coordinates": [21.1961165, 45.967036]}, "properties": {"type": "school", "name": "LICEUL TEHNOLOGIC AGRICOL COM.ORTISOARA", "locality": "OR\u0162I\u015eOARA", "uat": "OR\u0162I\u015eOARA"}}, {"type": "Feature", "geometry": {"type": "Point", "coordinates": [21.2086793, 45.7478716]}, "properties": {"type": "school", "name": "GRADINITA CU PROGRAM PRELUNGIT NR.32 MUN.TIMISOARA", "locality": "TIMI\u015eOARA", "uat": "MUNICIPIUL TIMI\u015eOARA"}}, {"type": "Feature", "geometry": {"type": "Point", "coordinates": [21.1325263, 45.6275234]}, "properties": {"type": "school", "name": "SCOALA GIMNAZIALA COM.PARTA", "locality": "PAR\u0162A", "uat": "PAR\u0162A"}}, {"type": "Feature", "geometry": {"type": "Point", "coordinates": [21.2089407, 45.7471556]}, "properties": {"type": "school", "name": "LICEUL TEORETIC \"BARTOK BELA\" MUN.TIMISOARA", "locality": "TIMI\u015eOARA", "uat": "MUNICIPIUL TIMI\u015eOARA"}}, {"type": "Feature", "geometry": {"type": "Point", "coordinates": [21.891774, 45.6855339]}, "properties": {"type": "school", "name": "GRADINITA CU PROGRAM PRELUNGIT NR.2 MUN.LUGOJ", "locality": "LUGOJ", "uat": "MUNICIPIUL LUGOJ"}}, {"type": "Feature", "geometry": {"type": "Point", "coordinates": [21.8749961, 45.8929886]}, "properties": {"type": "school", "name": "SCOALA PRIMARA COM.BARA", "locality": "BARA", "uat": "BARA"}}, {"type": "Feature", "geometry": {"type": "Point", "coordinates": [21.6057492, 45.6473899]}, "properties": {"type": "school", "name": "LICEUL TEORETIC ORAS BUZIAS", "locality": "BUZIA\u015e", "uat": "ORA\u015e BUZIA\u015e"}}, {"type": "Feature", "geometry": {"type": "Point", "coordinates": [21.2332475, 45.7590168]}, "properties": {"type": "school", "name": "GRADINITA CU PROGRAM PRELUNGIT NR.33 MUN.TIMISOARA", "locality": "TIMI\u015eOARA", "uat": "MUNICIPIUL TIMI\u015eOARA"}}, {"type": "Feature", "geometry": {"type": "Point", "coordinates": [22.0675079, 45.8005416]}, "properties": {"type": "school", "name": "SCOALA GIMNAZIALA SUDRIAS COM.TRAIAN VUIA", "locality": "TRAIAN VUIA", "uat": "TRAIAN VUIA"}}, {"type": "Feature", "geometry": {"type": "Point", "coordinates": [20.9006693, 45.7165143]}, "properties": {"type": "school", "name": "SCOALA GIMNAZIALA COM.CENEI", "locality": "CENEI", "uat": "CENEI"}}, {"type": "Feature", "geometry": {"type": "Point", "coordinates": [21.4555243, 45.9973418]}, "properties": {"type": "school", "name": "SCOALA GIMNAZIALA COM.MASLOC", "locality": "MA\u015eLOC", "uat": "MA\u015eLOC"}}, {"type": "Feature", "geometry": {"type": "Point", "coordinates": [21.2436796, 45.7543538]}, "properties": {"type": "school", "name": "LICEUL TEORETIC \"J.L.CALDERON\" MUN.TIMISOARA", "locality": "TIMI\u015eOARA", "uat": "MUNICIPIUL TIMI\u015eOARA"}}, {"type": "Feature", "geometry": {"type": "Point", "coordinates": [21.2437495, 45.7452755]}, "properties": {"type": "school", "name": "CENTRUL SCOLAR PENTRU EDUCATIE INCLUZIVA \"CONSTANTIN PUFAN\" MUN.TIMISOARA", "locality": "TIMI\u015eOARA", "uat": "MUNICIPIUL TIMI\u015eOARA"}}, {"type": "Feature", "geometry": {"type": "Point", "coordinates": [21.2175559, 45.762895]}, "properties": {"type": "school", "name": "GRADINITA CU PROGRAM PRELUNGIT NR.36 MUN.TIMISOARA", "locality": "TIMI\u015eOARA", "uat": "MUNICIPIUL TIMI\u015eOARA"}}, {"type": "Feature", "geometry": {"type": "Point", "coordinates": [21.982833, 45.566667]}, "properties": {"type": "school", "name": "SCOALA GIMNAZIALA COM.STIUCA", "locality": "\u015eTIUCA", "uat": "\u015eTIUCA"}}, {"type": "Feature", "geometry": {"type": "Point", "coordinates": [21.3110828, 45.7361079999999]}, "properties": {"type": "school", "name": "SCOALA GIMNAZIALA COM.DUMBRAVA", "locality": "DUMBRAVA", "uat": "DUMBRAVA"}}, {"type": "Feature", "geometry": {"type": "Point", "coordinates": [21.2140208, 45.7454455]}, "properties": {"type": "school", "name": "SCOALA GIMNAZIALA NR.12 MUN.TIMISOARA", "locality": "TIMI\u015eOARA", "uat": "MUNICIPIUL TIMI\u015eOARA"}}, {"type": "Feature", "geometry": {"type": "Point", "coordinates": [21.123164, 45.510498]}, "properties": {"type": "school", "name": "LICEUL TEORETIC \"ALEXANDRU MOCIONI\" ORAS CIACOVA", "locality": "CIACOVA", "uat": "ORA\u015e CIACOVA"}}, {"type": "Feature", "geometry": {"type": "Point", "coordinates": [20.925222, 45.6579305]}, "properties": {"type": "school", "name": "SCOALA GIMNAZIALA COM.UIVAR", "locality": "UIVAR", "uat": "UIVAR"}}, {"type": "Feature", "geometry": {"type": "Point", "coordinates": [23.7806087, 44.2928069]}, "properties": {"type": "school", "name": "SCOALA GIMNAZIALA COM.BUCOVAT", "locality": "BUCOV\u0102\u0162", "uat": "BUCOV\u0102\u0162"}}, {"type": "Feature", "geometry": {"type": "Point", "coordinates": [21.4909718, 45.5210477]}, "properties": {"type": "school", "name": "SCOALA GIMNAZIALA COM.TORMAC", "locality": "TORMAC", "uat": "TORMAC"}}, {"type": "Feature", "geometry": {"type": "Point", "coordinates": [21.6157498, 45.6458593]}, "properties": {"type": "school", "name": "SCOALA GIMNAZIALA COM.BARNA", "locality": "B\u00c2RNA", "uat": "B\u00c2RNA"}}, {"type": "Feature", "geometry": {"type": "Point", "coordinates": [21.6785179, 45.8737158]}, "properties": {"type": "school", "name": "SCOALA GIMNAZIALA COM.BRESTOVAT", "locality": "BRESTOV\u0102\u0162", "uat": "BRESTOV\u0102\u0162"}}, {"type": "Feature", "geometry": {"type": "Point", "coordinates": [21.91312, 45.679479]}, "properties": {"type": "school", "name": "SCOALA GIMNAZIALA DE MUZICA \"FILARET BARBU\" MUN.LUGOJ", "locality": "LUGOJ", "uat": "MUNICIPIUL LUGOJ"}}, {"type": "Feature", "geometry": {"type": "Point", "coordinates": [21.890933, 45.689298]}, "properties": {"type": "school", "name": "COLEGIUL TEHNIC \"VALERIU BRANISTE\" MUN.LUGOJ", "locality": "LUGOJ", "uat": "MUNICIPIUL LUGOJ"}}, {"type": "Feature", "geometry": {"type": "Point", "coordinates": [20.7704848, 45.9691796]}, "properties": {"type": "school", "name": "LICEUL TEHNOLOGIC \"ROMULUS PARASCHIVOIU\" COM.LOVRIN", "locality": "LOVRIN", "uat": "LOVRIN"}}, {"type": "Feature", "geometry": {"type": "Point", "coordinates": [21.1060989, 45.8413751]}, "properties": {"type": "school", "name": "SCOALA GIMNAZIALA COM.DUDESTII NOI", "locality": "DUDE\u015eTII NOI", "uat": "DUDE\u015eTII NOI"}}, {"type": "Feature", "geometry": {"type": "Point", "coordinates": [21.895152, 45.685311]}, "properties": {"type": "school", "name": "LICEUL TEHNOLOGIC \"AUREL VLAICU\" MUN.LUGOJ", "locality": "LUGOJ", "uat": "MUNICIPIUL LUGOJ"}}, {"type": "Feature", "geometry": {"type": "Point", "coordinates": [20.8354512, 45.9965924]}, "properties": {"type": "school", "name": "SCOALA GIMNAZIALA \"MARIA BRINDEA\" COM.PESAC", "locality": "PESAC", "uat": "PESAC"}}, {"type": "Feature", "geometry": {"type": "Point", "coordinates": [21.4597243, 45.8014022]}, "properties": {"type": "school", "name": "SCOALA GIMNAZIALA IZVIN ORAS RECAS", "locality": "IZVIN", "uat": "ORA\u015e RECA\u015e"}}, {"type": "Feature", "geometry": {"type": "Point", "coordinates": [21.2426012, 45.7435487]}, "properties": {"type": "school", "name": "LICEUL CU PROGRAM SPORTIV \"BANATUL\" MUN.TIMISOARA", "locality": "TIMI\u015eOARA", "uat": "MUNICIPIUL TIMI\u015eOARA"}}, {"type": "Feature", "geometry": {"type": "Point", "coordinates": [20.8626504, 45.5645432]}, "properties": {"type": "school", "name": "SCOALA GIMNAZIALA IOHANISFELD COM.OTELEC", "locality": "IOHANISFELD", "uat": "OTELEC"}}, {"type": "Feature", "geometry": {"type": "Point", "coordinates": [21.3086995, 45.7356597]}, "properties": {"type": "school", "name": "SCOALA GIMNAZIALA \"NICOLAE GROZA\" COM.FIBIS", "locality": "FIBI\u015e", "uat": "FIBI\u015e"}}, {"type": "Feature", "geometry": {"type": "Point", "coordinates": [21.235466, 45.6961115]}, "properties": {"type": "school", "name": "LICEUL TEORETIC \"DAVID VONIGA\" COM.GIROC", "locality": "GIROC", "uat": "GIROC"}}, {"type": "Feature", "geometry": {"type": "Point", "coordinates": [20.6232962, 46.0748718]}, "properties": {"type": "school", "name": "GRADINITA CU PROGRAM PRELUNGIT NR.1 ORAS SANNICOLAU MARE", "locality": "S\u00c2NNICOLAU MARE", "uat": "ORA\u015e S\u00c2NNICOLAU MARE"}}, {"type": "Feature", "geometry": {"type": "Point", "coordinates": [21.2336836, 45.7344381]}, "properties": {"type": "school", "name": "SCOALA GIMNAZIALA NR.25 MUN.TIMISOARA", "locality": "TIMI\u015eOARA", "uat": "MUNICIPIUL TIMI\u015eOARA"}}, {"type": "Feature", "geometry": {"type": "Point", "coordinates": [21.215546, 45.764137]}, "properties": {"type": "school", "name": "SCOALA GIMNAZIALA NR.18 MUN.TIMISOARA", "locality": "TIMI\u015eOARA", "uat": "MUNICIPIUL TIMI\u015eOARA"}}, {"type": "Feature", "geometry": {"type": "Point", "coordinates": [21.211859, 45.758121]}, "properties": {"type": "school", "name": "GRADINITA CU PROGRAM PRELUNGIT NR.25 MUN.TIMISOARA", "locality": "TIMI\u015eOARA", "uat": "MUNICIPIUL TIMI\u015eOARA"}}, {"type": "Feature", "geometry": {"type": "Point", "coordinates": [22.3098123, 45.7829845]}, "properties": {"type": "school", "name": "SCOALA GIMNAZIALA \"SORIN LEIA\" COM.TOMESTI", "locality": "TOME\u015eTI", "uat": "TOME\u015eTI"}}, {"type": "Feature", "geometry": {"type": "Point", "coordinates": [21.236118, 45.753955]}, "properties": {"type": "school", "name": "LICEUL PEDAGOGIC \"CARMEN SYLVA\" MUN.TIMISOARA", "locality": "TIMI\u015eOARA", "uat": "MUNICIPIUL TIMI\u015eOARA"}}, {"type": "Feature", "geometry": {"type": "Point", "coordinates": [21.8218226, 45.8849648]}, "properties": {"type": "school", "name": "SCOALA PRIMARA COM.SECAS", "locality": "SECA\u015e", "uat": "SECA\u015e"}}, {"type": "Feature", "geometry": {"type": "Point", "coordinates": [21.2368387, 45.7337205]}, "properties": {"type": "school", "name": "COLEGIUL TEHNIC \"AZUR\" MUN.TIMISOARA", "locality": "TIMI\u015eOARA", "uat": "MUNICIPIUL TIMI\u015eOARA"}}, {"type": "Feature", "geometry": {"type": "Point", "coordinates": [21.2412089, 45.8065759]}, "properties": {"type": "school", "name": "SCOALA GIMNAZIALA COM.SANANDREI", "locality": "S\u00c2NANDREI", "uat": "S\u00c2NANDREI"}}, {"type": "Feature", "geometry": {"type": "Point", "coordinates": [20.9600309, 46.0101167]}, "properties": {"type": "school", "name": "SCOALA GIMNAZIALA COM.VARIAS", "locality": "VARIA\u015e", "uat": "VARIA\u015e"}}, {"type": "Feature", "geometry": {"type": "Point", "coordinates": [21.2331836, 45.7344381]}, "properties": {"type": "school", "name": "LICEUL TEORETIC SPECIAL IRIS MUN.TIMISOARA", "locality": "TIMI\u015eOARA", "uat": "MUNICIPIUL TIMI\u015eOARA"}}, {"type": "Feature", "geometry": {"type": "Point", "coordinates": [21.2456355, 45.7340279]}, "properties": {"type": "school", "name": "LICEUL WALDORF MUN.TIMISOARA", "locality": "TIMI\u015eOARA", "uat": "MUNICIPIUL TIMI\u015eOARA"}}, {"type": "Feature", "geometry": {"type": "Point", "coordinates": [21.2441936, 45.7434774]}, "properties": {"type": "school", "name": "LICEUL TEORETIC \"VLAD TEPES\" MUN.TIMISOARA", "locality": "TIMI\u015eOARA", "uat": "MUNICIPIUL TIMI\u015eOARA"}}, {"type": "Feature", "geometry": {"type": "Point", "coordinates": [21.222248, 45.765524]}, "properties": {"type": "school", "name": "SCOALA GIMNAZIALA NR.24 MUN.TIMISOARA", "locality": "TIMI\u015eOARA", "uat": "MUNICIPIUL TIMI\u015eOARA"}}, {"type": "Feature", "geometry": {"type": "Point", "coordinates": [22.1744388, 45.8550099]}, "properties": {"type": "school", "name": "GRADINITA CU PROGRAM PRELUNGIT ORAS FAGET", "locality": "F\u0102GET", "uat": "ORA\u015e F\u0102GET"}}, {"type": "Feature", "geometry": {"type": "Point", "coordinates": [21.1103836, 45.7603638999999]}, "properties": {"type": "school", "name": "SCOALA GIMNAZIALA COM.SACALAZ", "locality": "S\u0102C\u0102LAZ", "uat": "S\u0102C\u0102LAZ"}}, {"type": "Feature", "geometry": {"type": "Point", "coordinates": [21.3070446, 45.7335159]}, "properties": {"type": "school", "name": "SCOALA GIMNAZIALA COM.CENAD", "locality": "CENAD", "uat": "CENAD"}}, {"type": "Feature", "geometry": {"type": "Point", "coordinates": [20.715542, 45.789308]}, "properties": {"type": "school", "name": "LICEUL TEHNOLOGIC ORAS JIMBOLIA", "locality": "JIMBOLIA", "uat": "ORA\u015e JIMBOLIA"}}, {"type": "Feature", "geometry": {"type": "Point", "coordinates": [21.219637, 45.7412299999999]}, "properties": {"type": "school", "name": "COLEGIUL ECONOMIC \"F.S. NITTI\" MUN.TIMISOARA", "locality": "TIMI\u015eOARA", "uat": "MUNICIPIUL TIMI\u015eOARA"}}, {"type": "Feature", "geometry": {"type": "Point", "coordinates": [21.217614, 45.756466]}, "properties": {"type": "school", "name": "COLEGIUL TEHNIC \"HENRI COANDA\" MUN.TIMISOARA", "locality": "TIMI\u015eOARA", "uat": "MUNICIPIUL TIMI\u015eOARA"}}, {"type": "Feature", "geometry": {"type": "Point", "coordinates": [21.9287257, 45.696753]}, "properties": {"type": "school", "name": "CENTRUL SCOLAR PENTRU EDUCATIE INCLUZIA \"ALEXANDRU ROSCA\" MUN. LUGOJ", "locality": "LUGOJ", "uat": "MUNICIPIUL LUGOJ"}}, {"type": "Feature", "geometry": {"type": "Point", "coordinates": [21.2159956, 45.5623937]}, "properties": {"type": "school", "name": "SCOALA GIMNAZIALA \"MARTIN SUBONI\"COM.JEBEL", "locality": "JEBEL", "uat": "JEBEL"}}, {"type": "Feature", "geometry": {"type": "Point", "coordinates": [22.0666431, 45.6306769]}, "properties": {"type": "school", "name": "SCOALA GIMNAZIALA COM.CRICIOVA", "locality": "CRICIOVA", "uat": "CRICIOVA"}}, {"type": "Feature", "geometry": {"type": "Point", "coordinates": [21.4250161, 45.4296466]}, "properties": {"type": "school", "name": "LICEUL TEORETIC ORAS GATAIA", "locality": "G\u0102TAIA", "uat": "ORA\u015e G\u0102TAIA"}}, {"type": "Feature", "geometry": {"type": "Point", "coordinates": [20.626817, 46.071667]}, "properties": {"type": "school", "name": "SCOALA GIMNAZIALA \"THEODOR BUCURESCU\" NR.1 ORAS SANNICOLAU MARE", "locality": "S\u00c2NNICOLAU MARE", "uat": "ORA\u015e S\u00c2NNICOLAU MARE"}}, {"type": "Feature", "geometry": {"type": "Point", "coordinates": [21.2359372, 45.7557209]}, "properties": {"type": "school", "name": "COLEGIUL NATIONAL \"ANA ASLAN\" MUN.TIMISOARA", "locality": "TIMI\u015eOARA", "uat": "MUNICIPIUL TIMI\u015eOARA"}}, {"type": "Feature", "geometry": {"type": "Point", "coordinates": [20.620683, 46.0708259]}, "properties": {"type": "school", "name": "SCOALA GIMNAZIALA \"NESTOR OPREAN\" NR.2 ORAS SANNICOLAU MARE", "locality": "S\u00c2NNICOLAU MARE", "uat": "ORA\u015e S\u00c2NNICOLAU MARE"}}, {"type": "Feature", "geometry": {"type": "Point", "coordinates": [20.6450424, 46.0537457]}, "properties": {"type": "school", "name": "SCOALA GIMNAZIALA \"MILIVOI TRIFUNSCHI\" COM. SANPETRU MARE", "locality": "S\u00c2NPETRU MARE", "uat": "S\u00c2NPETRU MARE"}}, {"type": "Feature", "geometry": {"type": "Point", "coordinates": [20.644487, 46.066289]}, "properties": {"type": "school", "name": "SCOALA GIMNAZIALA COM.SARAVALE", "locality": "SARAVALE", "uat": "SARAVALE"}}, {"type": "Feature", "geometry": {"type": "Point", "coordinates": [21.895944, 45.6929469]}, "properties": {"type": "school", "name": "SCOALA GIMNAZIALA \"EFTIMIE MURGU\" MUN.LUGOJ", "locality": "LUGOJ", "uat": "MUNICIPIUL LUGOJ"}}, {"type": "Feature", "geometry": {"type": "Point", "coordinates": [21.2982754, 45.7353479]}, "properties": {"type": "school", "name": "SCOALA GIMNAZIALA COM.BOLDUR", "locality": "BOLDUR", "uat": "BOLDUR"}}, {"type": "Feature", "geometry": {"type": "Point", "coordinates": [20.8340976, 45.7539184]}, "properties": {"type": "school", "name": "SCOALA GIMNAZIALA COM.CHECEA", "locality": "CHECEA", "uat": "CHECEA"}}, {"type": "Feature", "geometry": {"type": "Point", "coordinates": [21.9076836, 45.6864395]}, "properties": {"type": "school", "name": "COLEGIUL NATIONAL \"IULIA HASDEU\" MUN.LUGOJ", "locality": "LUGOJ", "uat": "MUNICIPIUL LUGOJ"}}, {"type": "Feature", "geometry": {"type": "Point", "coordinates": [21.2160212, 45.7506456]}, "properties": {"type": "school", "name": "SCOALA GIMNAZIALA COM.CURTEA", "locality": "CURTEA", "uat": "CURTEA"}}, {"type": "Feature", "geometry": {"type": "Point", "coordinates": [20.7184579, 45.795756]}, "properties": {"type": "school", "name": "GRADINITA CU PROGRAM PRELUNGIT ORAS JIMBOLIA", "locality": "JIMBOLIA", "uat": "ORA\u015e JIMBOLIA"}}, {"type": "Feature", "geometry": {"type": "Point", "coordinates": [21.3081995, 45.7356597]}, "properties": {"type": "school", "name": "SCOALA GIMNAZIALA COM.LIVEZILE", "locality": "LIVEZILE", "uat": "LIVEZILE"}}, {"type": "Feature", "geometry": {"type": "Point", "coordinates": [21.210443, 45.7252869999999]}, "properties": {"type": "school", "name": "GRADINITA CU PROGRAM PRELUNGIT NR.2 TIMISOARA", "locality": "TIMI\u015eOARA", "uat": "MUNICIPIUL TIMI\u015eOARA"}}, {"type": "Feature", "geometry": {"type": "Point", "coordinates": [21.2379429, 45.7794126]}, "properties": {"type": "school", "name": "SCOALA GIMNAZIALA NR.7 \"SFANTA MARIA\" MUN.TIMISOARA", "locality": "TIMI\u015eOARA", "uat": "MUNICIPIUL TIMI\u015eOARA"}}, {"type": "Feature", "geometry": {"type": "Point", "coordinates": [20.5255738, 45.9359087]}, "properties": {"type": "school", "name": "SCOALA GIMNAZIALA COM.TEREMIA MARE", "locality": "TEREMIA MARE", "uat": "TEREMIA MARE"}}, {"type": "Feature", "geometry": {"type": "Point", "coordinates": [21.2079169, 45.7284218]}, "properties": {"type": "school", "name": "GRADINITA CU PROGRAM PRELUNGIT NR.23 MUN.TIMISOARA", "locality": "TIMI\u015eOARA", "uat": "MUNICIPIUL TIMI\u015eOARA"}}, {"type": "Feature", "geometry": {"type": "Point", "coordinates": [21.904725, 45.693723]}, "properties": {"type": "school", "name": "SCOALA GIMNAZIALA NR.2 MUN.LUGOJ", "locality": "LUGOJ", "uat": "MUNICIPIUL LUGOJ"}}, {"type": "Feature", "geometry": {"type": "Point", "coordinates": [21.2167881, 45.3863676]}, "properties": {"type": "school", "name": "SCOALA GIMNAZIALA COM.BIRDA", "locality": "BIRDA", "uat": "BIRDA"}}, {"type": "Feature", "geometry": {"type": "Point", "coordinates": [21.2103013, 45.7269119]}, "properties": {"type": "school", "name": "SCOALA GIMNAZIALA NR.13 MUN.TIMISOARA", "locality": "TIMI\u015eOARA", "uat": "MUNICIPIUL TIMI\u015eOARA"}}, {"type": "Feature", "geometry": {"type": "Point", "coordinates": [21.2058919, 45.7588632]}, "properties": {"type": "school", "name": "LICEUL TEHNOLOGIC DE INDUSTRIE ALIMENTARA MUN.TIMISOARA", "locality": "TIMI\u015eOARA", "uat": "MUNICIPIUL TIMI\u015eOARA"}}, {"type": "Feature", "geometry": {"type": "Point", "coordinates": [21.203034, 45.736176]}, "properties": {"type": "school", "name": "LICEUL TEOLOGIC PENTICOSTAL LOGOS MUN.TIMISOARA", "locality": "TIMI\u015eOARA", "uat": "MUNICIPIUL TIMI\u015eOARA"}}, {"type": "Feature", "geometry": {"type": "Point", "coordinates": [20.4747164, 46.0445747]}, "properties": {"type": "school", "name": "LICEUL TEORETIC \"SFINTII KIRIL SI METODII\" COM.DUDESTII VECHI", "locality": "DUDE\u015eTII VECHI", "uat": "DUDE\u015eTII VECHI"}}, {"type": "Feature", "geometry": {"type": "Point", "coordinates": [21.9098831, 45.690236]}, "properties": {"type": "school", "name": "GRADINITA CU PROGRAM PRELUNGIT NR.4 MUN.LUGOJ", "locality": "LUGOJ", "uat": "MUNICIPIUL LUGOJ"}}, {"type": "Feature", "geometry": {"type": "Point", "coordinates": [21.1986301, 45.7390203]}, "properties": {"type": "school", "name": "SCOALA GIMNAZIALA NR.6 MUN.TIMISOARA", "locality": "TIMI\u015eOARA", "uat": "MUNICIPIUL TIMI\u015eOARA"}}, {"type": "Feature", "geometry": {"type": "Point", "coordinates": [21.2363018, 45.7446761]}, "properties": {"type": "school", "name": "COLEGIUL NATIONAL DE ARTA \"ION VIDU\" MUN.TIMISOARA", "locality": "TIMI\u015eOARA", "uat": "MUNICIPIUL TIMI\u015eOARA"}}, {"type": "Feature", "geometry": {"type": "Point", "coordinates": [21.887072, 45.6856]}, "properties": {"type": "school", "name": "SCOALA GIMNAZIALA SPECIALA ORAS BUZIAS", "locality": "BUZIA\u015e", "uat": "ORA\u015e BUZIA\u015e"}}, {"type": "Feature", "geometry": {"type": "Point", "coordinates": [21.9114354, 45.6875965]}, "properties": {"type": "school", "name": "SCOALA GIMNAZIALA COM.VICTOR VLAD DELAMARINA", "locality": "VICTOR VLAD DELAMARINA", "uat": "VICTOR VLAD DELAMARINA"}}, {"type": "Feature", "geometry": {"type": "Point", "coordinates": [21.2208276, 45.7458824]}, "properties": {"type": "school", "name": "LICEUL TEHNOLOGIC SPECIAL \"GHEORGHE ATANASIU\" MUN.TIMISOARA", "locality": "TIMI\u015eOARA", "uat": "MUNICIPIUL TIMI\u015eOARA"}}, {"type": "Feature", "geometry": {"type": "Point", "coordinates": [21.209714, 45.7598709]}, "properties": {"type": "school", "name": "SCOALA GIMNAZIALA NR.19 \"AVRAM IANCU\" MUN.TIMISOARA", "locality": "TIMI\u015eOARA", "uat": "MUNICIPIUL TIMI\u015eOARA"}}, {"type": "Feature", "geometry": {"type": "Point", "coordinates": [24.3724483, 45.1116155]}, "properties": {"type": "school", "name": "SCOALA GIMNAZIALA COM.RACOVITA", "locality": "RACOVI\u0162A", "uat": "RACOVI\u0162A"}}, {"type": "Feature", "geometry": {"type": "Point", "coordinates": [21.2462352, 45.3592340999999]}, "properties": {"type": "school", "name": "SCOALA GIMNAZIALA COM.DENTA", "locality": "DENTA", "uat": "DENTA"}}, {"type": "Feature", "geometry": {"type": "Point", "coordinates": [21.7461204, 45.8229585]}, "properties": {"type": "school", "name": "SCOALA GIMNAZIALA COM.GHIZELA", "locality": "GHIZELA", "uat": "GHIZELA"}}, {"type": "Feature", "geometry": {"type": "Point", "coordinates": [21.4047661, 45.2545702]}, "properties": {"type": "school", "name": "SCOALA GIMNAZIALA COM.JAMU MARE", "locality": "JAMU MARE", "uat": "JAMU MARE"}}, {"type": "Feature", "geometry": {"type": "Point", "coordinates": [20.8938262, 45.8514579]}, "properties": {"type": "school", "name": "SCOALA GIMNAZIALA COM.IECEA MARE", "locality": "IECEA MARE", "uat": "IECEA MARE"}}, {"type": "Feature", "geometry": {"type": "Point", "coordinates": [21.0440591, 45.9417919]}, "properties": {"type": "school", "name": "SCOALA GIMNAZIALA COM.SATCHINEZ", "locality": "SATCHINEZ", "uat": "SATCHINEZ"}}, {"type": "Feature", "geometry": {"type": "Point", "coordinates": [20.9930162, 45.4068115]}, "properties": {"type": "school", "name": "SCOALA GIMNAZIALA COM.GIERA", "locality": "GIERA", "uat": "GIERA"}}, {"type": "Feature", "geometry": {"type": "Point", "coordinates": [21.2267904, 45.7414093]}, "properties": {"type": "school", "name": "LICEUL TEORETIC \"GRIGORE MOISIL\" MUN.TIMISOARA", "locality": "TIMI\u015eOARA", "uat": "MUNICIPIUL TIMI\u015eOARA"}}, {"type": "Feature", "geometry": {"type": "Point", "coordinates": [21.234593, 45.752664]}, "properties": {"type": "school", "name": "COLEGIUL NATIONAL \"CONSTANTIN DIACONOVICI LOGA\" MUN.TIMISOARA", "locality": "TIMI\u015eOARA", "uat": "MUNICIPIUL TIMI\u015eOARA"}}, {"type": "Feature", "geometry": {"type": "Point", "coordinates": [20.6240906, 45.8925508]}, "properties": {"type": "school", "name": "SCOALA GIMNAZIALA COM.COMLOSU MARE", "locality": "COMLO\u015eU MARE", "uat": "COMLO\u015eU MARE"}}, {"type": "Feature", "geometry": {"type": "Point", "coordinates": [20.717795, 45.791649]}, "properties": {"type": "school", "name": "SCOALA GIMNAZIALA ORAS JIMBOLIA", "locality": "JIMBOLIA", "uat": "ORA\u015e JIMBOLIA"}}, {"type": "Feature", "geometry": {"type": "Point", "coordinates": [21.3247571, 45.7203429]}, "properties": {"type": "school", "name": "SCOALA GIMNAZIALA COM.MOSNITA NOUA", "locality": "MO\u015eNI\u0162A NOU\u0102", "uat": "MO\u015eNI\u0162A NOU\u0102"}}, {"type": "Feature", "geometry": {"type": "Point", "coordinates": [21.1395407, 45.7147611]}, "properties": {"type": "school", "name": "SCOALA GIMNAZIALA COM.SANMIHAIU ROMAN", "locality": "S\u00c2NMIHAIU ROM\u00c2N", "uat": "S\u00c2NMIHAIU ROM\u00c2N"}}, {"type": "Feature", "geometry": {"type": "Point", "coordinates": [21.1383146, 45.3874737]}, "properties": {"type": "school", "name": "SCOALA GIMNAZIALA \"ING. ANGHEL SALIGNY\" COM.BANLOC", "locality": "BANLOC", "uat": "BANLOC"}}, {"type": "Feature", "geometry": {"type": "Point", "coordinates": [21.221561, 45.7421578]}, "properties": {"type": "school", "name": "GRADINITA CU PROGRAM PRELUNGIT NR.14 MUN.TIMISOARA", "locality": "TIMI\u015eOARA", "uat": "MUNICIPIUL TIMI\u015eOARA"}}, {"type": "Feature", "geometry": {"type": "Point", "coordinates": [20.8916237, 45.9261893]}, "properties": {"type": "school", "name": "SCOALA GIMNAZIALA COM.SANDRA", "locality": "\u015eANDRA", "uat": "\u015eANDRA"}}, {"type": "Feature", "geometry": {"type": "Point", "coordinates": [20.9589878, 45.8885965]}, "properties": {"type": "school", "name": "LICEUL TEHNOLOGIC \"PETRE MITROI\" COM.BILED", "locality": "BILED", "uat": "BILED"}}, {"type": "Feature", "geometry": {"type": "Point", "coordinates": [21.3308491, 45.7383203]}, "properties": {"type": "school", "name": "SCOALA GIMNAZIALA COM.REMETEA MARE", "locality": "REMETEA MARE", "uat": "REMETEA MARE"}}, {"type": "Feature", "geometry": {"type": "Point", "coordinates": [21.2119407, 45.7471556]}, "properties": {"type": "school", "name": "LICEUL DE ARTE PLASTICE MUN.TIMISOARA", "locality": "TIMI\u015eOARA", "uat": "MUNICIPIUL TIMI\u015eOARA"}}, {"type": "Feature", "geometry": {"type": "Point", "coordinates": [21.3171601, 45.5818018]}, "properties": {"type": "school", "name": "SCOALA GIMNAZIALA COM.LIEBLING", "locality": "LIEBLING", "uat": "LIEBLING"}}, {"type": "Feature", "geometry": {"type": "Point", "coordinates": [21.901454, 45.683295]}, "properties": {"type": "school", "name": "SCOALA GIMNAZIALA \"ANISOARA ODEANU\" MUN.LUGOJ", "locality": "LUGOJ", "uat": "MUNICIPIUL LUGOJ"}}, {"type": "Feature", "geometry": {"type": "Point", "coordinates": [21.3139492, 45.7138673]}, "properties": {"type": "school", "name": "SCOALA GIMNAZIALA COM.PIETROASA", "locality": "PIETROASA", "uat": "PIETROASA"}}, {"type": "Feature", "geometry": {"type": "Point", "coordinates": [21.9966604, 45.662812]}, "properties": {"type": "school", "name": "SCOALA GIMNAZIALA NR.12 MAGURI MUN.LUGOJ", "locality": "M\u0102GURI", "uat": "MUNICIPIUL LUGOJ"}}, {"type": "Feature", "geometry": {"type": "Point", "coordinates": [21.2368175, 45.469255]}, "properties": {"type": "school", "name": "SCOALA GIMNAZIALA COM.VOITEG", "locality": "VOITEG", "uat": "VOITEG"}}, {"type": "Feature", "geometry": {"type": "Point", "coordinates": [21.2684896, 45.7547108]}, "properties": {"type": "school", "name": "SCOALA GIMNAZIALA \"RUDOLF WALTHER\" MUN.TIMISOARA", "locality": "TIMI\u015eOARA", "uat": "MUNICIPIUL TIMI\u015eOARA"}}, {"type": "Feature", "geometry": {"type": "Point", "coordinates": [22.0633136, 45.8300156]}, "properties": {"type": "school", "name": "SCOALA GIMNAZIALA \"GEORGE GARDA\" COM.MANASTIUR", "locality": "M\u0102N\u0102\u015eTIUR", "uat": "M\u0102N\u0102\u015eTIUR"}}, {"type": "Feature", "geometry": {"type": "Point", "coordinates": [21.248558, 45.7631419999999]}, "properties": {"type": "school", "name": "SCOALA GIMNAZIALA NR.21 \"VICENTIU BABES\" MUN.TIMISOARA", "locality": "TIMI\u015eOARA", "uat": "MUNICIPIUL TIMI\u015eOARA"}}, {"type": "Feature", "geometry": {"type": "Point", "coordinates": [21.845551, 45.7447011999999]}, "properties": {"type": "school", "name": "SCOALA GIMNAZIALA COM.COSTEIU", "locality": "CO\u015eTEIU", "uat": "CO\u015eTEIU"}}, {"type": "Feature", "geometry": {"type": "Point", "coordinates": [21.3017006, 45.7339352]}, "properties": {"type": "school", "name": "SCOALA GIMNAZIALA \"SORIN TITEL\"COM.MARGINA", "locality": "MARGINA", "uat": "MARGINA"}}, {"type": "Feature", "geometry": {"type": "Point", "coordinates": [21.2478592, 45.8013139]}, "properties": {"type": "school", "name": "SCOALA GIMNAZIALA COM.DUMBRAVITA", "locality": "DUMBR\u0102VI\u0162A", "uat": "DUMBR\u0102VI\u0162A"}}, {"type": "Feature", "geometry": {"type": "Point", "coordinates": [21.6235283, 45.7740465]}, "properties": {"type": "school", "name": "SCOALA GIMNAZIALA COM.TOPOLOVATU MARE", "locality": "TOPOLOV\u0102\u0162U MARE", "uat": "TOPOLOV\u0102\u0162U MARE"}}, {"type": "Feature", "geometry": {"type": "Point", "coordinates": [21.9067477, 45.6933288]}, "properties": {"type": "school", "name": "GRADINITA CU PROGRAM PRELUNGIT NR.5 MUN.LUGOJ", "locality": "LUGOJ", "uat": "MUNICIPIUL LUGOJ"}}, {"type": "Feature", "geometry": {"type": "Point", "coordinates": [21.4250905, 45.6544911]}, "properties": {"type": "school", "name": "SCOALA GIMNAZIALA COM.SACOSU TURCESC", "locality": "SACO\u015eU TURCESC", "uat": "SACO\u015eU TURCESC"}}, {"type": "Feature", "geometry": {"type": "Point", "coordinates": [21.109784, 45.82624]}, "properties": {"type": "school", "name": "SCOALA GIMNAZIALA \"DIMITRIE TICHINDEAL\" COM.BECICHERECU MIC", "locality": "BECICHERECU MIC", "uat": "BECICHERECU MIC"}}, {"type": "Feature", "geometry": {"type": "Point", "coordinates": [21.2061793, 45.7488716]}, "properties": {"type": "school", "name": "GRADINITA CU PROGRAM PRELUNGIT NR.20 MUN.TIMISOARA", "locality": "TIMI\u015eOARA", "uat": "MUNICIPIUL TIMI\u015eOARA"}}, {"type": "Feature", "geometry": {"type": "Point", "coordinates": [21.0550064, 45.6029843]}, "properties": {"type": "school", "name": "LICEUL TEORETIC COM.PECIU NOU", "locality": "PECIU NOU", "uat": "PECIU NOU"}}, {"type": "Feature", "geometry": {"type": "Point", "coordinates": [20.8737781, 45.4997565]}, "properties": {"type": "school", "name": "SCOALA GIMNAZIALA COM.FOENI", "locality": "FOENI", "uat": "FOENI"}}, {"type": "Feature", "geometry": {"type": "Point", "coordinates": [21.2132405, 45.7296095]}, "properties": {"type": "school", "name": "SCOALA GIMNAZIALA NR.2 MUN.TIMISOARA", "locality": "TIMI\u015eOARA", "uat": "MUNICIPIUL TIMI\u015eOARA"}}, {"type": "Feature", "geometry": {"type": "Point", "coordinates": [21.2510299, 45.7539449999999]}, "properties": {"type": "school", "name": "SCOALA GIMNAZIALA NR.1 MUN.TIMISOARA", "locality": "TIMI\u015eOARA", "uat": "MUNICIPIUL TIMI\u015eOARA"}}, {"type": "Feature", "geometry": {"type": "Point", "coordinates": [21.262875, 45.768382]}, "properties": {"type": "school", "name": "COLEGIUL DE SILVICULTURA SI AGRICULTURA \"CASA VERDE\" MUN.TIMISOARA", "locality": "TIMI\u015eOARA", "uat": "MUNICIPIUL TIMI\u015eOARA"}}, {"type": "Feature", "geometry": {"type": "Point", "coordinates": [21.227013, 45.757615]}, "properties": {"type": "school", "name": "LICEUL TEORETIC \"NIKOLAUS LENAU\" MUN.TIMISOARA", "locality": "TIMI\u015eOARA", "uat": "MUNICIPIUL TIMI\u015eOARA"}}, {"type": "Feature", "geometry": {"type": "Point", "coordinates": [21.2278403, 45.7536649]}, "properties": {"type": "school", "name": "COLEGIUL TEHNIC \"ION.I.C.BRATIANU\" MUN.TIMISOARA", "locality": "TIMI\u015eOARA", "uat": "MUNICIPIUL TIMI\u015eOARA"}}, {"type": "Feature", "geometry": {"type": "Point", "coordinates": [21.2120208, 45.7454455]}, "properties": {"type": "school", "name": "COLEGIUL TEHNIC DE VEST MUN.TIMISOARA", "locality": "TIMI\u015eOARA", "uat": "MUNICIPIUL TIMI\u015eOARA"}}, {"type": "Feature", "geometry": {"type": "Point", "coordinates": [21.3158168, 45.838636]}, "properties": {"type": "school", "name": "SCOALA GIMNAZIALA COM.GIARMATA", "locality": "GIARMATA", "uat": "GIARMATA"}}, {"type": "Feature", "geometry": {"type": "Point", "coordinates": [21.251433, 45.7557009999999]}, "properties": {"type": "school", "name": "CENTRUL SCOLAR PENTRU EDUCATIE INCLUZIVA \"PAUL POPESCU NEVEANU\" MUN.TIMISOARA", "locality": "TIMI\u015eOARA", "uat": "MUNICIPIUL TIMI\u015eOARA"}}, {"type": "Feature", "geometry": {"type": "Point", "coordinates": [21.7668744, 45.6400709]}, "properties": {"type": "school", "name": "SCOALA GIMNAZIALA COM.DAROVA", "locality": "DAROVA", "uat": "DAROVA"}}, {"type": "Feature", "geometry": {"type": "Point", "coordinates": [21.910526, 45.68719]}, "properties": {"type": "school", "name": "SCOALA GIMNAZIALA NR.4 MUN.LUGOJ", "locality": "LUGOJ", "uat": "MUNICIPIUL LUGOJ"}}, {"type": "Feature", "geometry": {"type": "Point", "coordinates": [21.3074054, 45.7350903]}, "properties": {"type": "school", "name": "SCOALA GIMNAZIALA COM.PISCHIA", "locality": "PI\u015eCHIA", "uat": "PI\u015eCHIA"}}, {"type": "Feature", "geometry": {"type": "Point", "coordinates": [21.2550999, 45.7669469999999]}, "properties": {"type": "school", "name": "COLEGIUL TEHNIC ENERGETIC \"REGELE FERDINAND I \" MUN.TIMISOARA", "locality": "TIMI\u015eOARA", "uat": "MUNICIPIUL TIMI\u015eOARA"}}, {"type": "Feature", "geometry": {"type": "Point", "coordinates": [21.2219392, 45.7526833]}, "properties": {"type": "school", "name": "LICEUL TEOLOGIC ROMANO-CATOLIC \"GERHARDINUM\" MUN.TIMISOARA", "locality": "TIMI\u015eOARA", "uat": "MUNICIPIUL TIMI\u015eOARA"}}, {"type": "Feature", "geometry": {"type": "Point", "coordinates": [20.7082811, 45.9361807]}, "properties": {"type": "school", "name": "SCOALA GIMNAZIALA COM.GOTTLOB", "locality": "GOTTLOB", "uat": "GOTTLOB"}}, {"type": "Feature", "geometry": {"type": "Point", "coordinates": [21.2126793, 45.7478716]}, "properties": {"type": "school", "name": "SCOALA GIMNAZIALA NR.30 MUN.TIMISOARA", "locality": "TIMI\u015eOARA", "uat": "MUNICIPIUL TIMI\u015eOARA"}}, {"type": "Feature", "geometry": {"type": "Point", "coordinates": [21.9822335, 45.9075471]}, "properties": {"type": "school", "name": "SCOALA GIMNAZIALA COM.OHABA LUNGA", "locality": "OHABA LUNG\u0102", "uat": "OHABA LUNG\u0102"}}, {"type": "Feature", "geometry": {"type": "Point", "coordinates": [21.2639765, 45.7292603]}, "properties": {"type": "school", "name": "COLEGIUL TEHNIC ELECTROTIMIS MUN.TIMISOARA", "locality": "TIMI\u015eOARA", "uat": "MUNICIPIUL TIMI\u015eOARA"}}, {"type": "Feature", "geometry": {"type": "Point", "coordinates": [21.9058364, 45.6869641]}, "properties": {"type": "school", "name": "SCOALA GIMNAZIALA NR.3 MUN.LUGOJ", "locality": "LUGOJ", "uat": "MUNICIPIUL LUGOJ"}}, {"type": "Feature", "geometry": {"type": "Point", "coordinates": [21.1911169, 45.750909]}, "properties": {"type": "school", "name": "COLEGIUL TEHNIC \"DIMITRIE LEONIDA\" MUN.TIMISOARA", "locality": "TIMI\u015eOARA", "uat": "MUNICIPIUL TIMI\u015eOARA"}}, {"type": "Feature", "geometry": {"type": "Point", "coordinates": [21.24078, 45.7540369]}, "properties": {"type": "school", "name": "GRADINITA CU PROGRAM PRELUNGIT NR.53 MUN.TIMISOARA", "locality": "TIMI\u015eOARA", "uat": "MUNICIPIUL TIMI\u015eOARA"}}, {"type": "Feature", "geometry": {"type": "Point", "coordinates": [21.4871925, 45.6671305]}, "properties": {"type": "school", "name": "SCOALA GIMNAZIALA COM.CHEVERESU MARE", "locality": "CHEVERE\u015eU MARE", "uat": "CHEVERE\u015eU MARE"}}, {"type": "Feature", "geometry": {"type": "Point", "coordinates": [22.159665, 45.7359142]}, "properties": {"type": "school", "name": "SCOALA GIMNAZIALA COM.FARDEA", "locality": "F\u00c2RDEA", "uat": "F\u00c2RDEA"}}, {"type": "Feature", "geometry": {"type": "Point", "coordinates": [21.5109138, 45.8011607]}, "properties": {"type": "school", "name": "LICEUL TEORETIC ORAS RECAS", "locality": "RECA\u015e", "uat": "ORA\u015e RECA\u015e"}}, {"type": "Feature", "geometry": {"type": "Point", "coordinates": [21.3129079, 45.7337069]}, "properties": {"type": "school", "name": "SCOALA GIMNAZIALA COM.PADURENI", "locality": "P\u0102DURENI", "uat": "P\u0102DURENI"}}, {"type": "Feature", "geometry": {"type": "Point", "coordinates": [21.3017392, 45.7338491999999]}, "properties": {"type": "school", "name": "SCOALA GIMNAZIALA COM.TOMNATIC", "locality": "TOMNATIC", "uat": "TOMNATIC"}}, {"type": "Feature", "geometry": {"type": "Point", "coordinates": [21.223411, 45.389908]}, "properties": {"type": "school", "name": "LICEUL TEHNOLOGIC \"SFANTUL NICOLAE\" ORAS DETA", "locality": "DETA", "uat": "ORA\u015e DETA"}}, {"type": "Feature", "geometry": {"type": "Point", "coordinates": [22.1802494, 45.6527576]}, "properties": {"type": "school", "name": "LICEUL TEHNOLOGIC \"TRAIAN GROZAVESCU\" COM.NADRAG", "locality": "N\u0102DRAG", "uat": "N\u0102DRAG"}}, {"type": "Feature", "geometry": {"type": "Point", "coordinates": [21.5354019, 45.578502]}, "properties": {"type": "school", "name": "SCOALA GIMNAZIALA COM.NITCHIDORF", "locality": "NI\u0162CHIDORF", "uat": "NI\u0162CHIDORF"}}, {"type": "Feature", "geometry": {"type": "Point", "coordinates": [21.239123, 45.7583379999999]}, "properties": {"type": "school", "name": "GRADINITA CU PROGRAM PRELUNGIT NR.22 MUN.TIMISOARA", "locality": "TIMI\u015eOARA", "uat": "MUNICIPIUL TIMI\u015eOARA"}}, {"type": "Feature", "geometry": {"type": "Point", "coordinates": [20.621454, 46.0593374]}, "properties": {"type": "school", "name": "LICEUL TEORETIC \"IOAN JEBELEAN\" ORAS SANNICOLAU MARE", "locality": "S\u00c2NNICOLAU MARE", "uat": "ORA\u015e S\u00c2NNICOLAU MARE"}}, {"type": "Feature", "geometry": {"type": "Point", "coordinates": [21.5114138, 45.8011607]}, "properties": {"type": "school", "name": "CENTRUL SCOLAR PENTRU EDUCATIE INCLUZIVA \"CONSTANTIN PAUNESCU\" ORAS RECAS", "locality": "RECA\u015e", "uat": "ORA\u015e RECA\u015e"}}, {"type": "Feature", "geometry": {"type": "Point", "coordinates": [21.8543461, 45.8137543]}, "properties": {"type": "school", "name": "SCOALA GIMNAZIALA COM.BALINT", "locality": "BALIN\u0162", "uat": "BALIN\u0162"}}, {"type": "Feature", "geometry": {"type": "Point", "coordinates": [21.3025724, 45.7708834]}, "properties": {"type": "school", "name": "SCOALA GIMNAZIALA COM.GHIRODA", "locality": "GHIRODA", "uat": "GHIRODA"}}, {"type": "Feature", "geometry": {"type": "Point", "coordinates": [21.2293252, 45.7536322]}, "properties": {"type": "school", "name": "COLEGIUL TEHNIC \"EMANUIL UNGUREANU\" MUN.TIMISOARA", "locality": "TIMI\u015eOARA", "uat": "MUNICIPIUL TIMI\u015eOARA"}}, {"type": "Feature", "geometry": {"type": "Point", "coordinates": [20.9896751, 45.5465138]}, "properties": {"type": "school", "name": "SCOALA GIMNAZIALA COM.GIULVAZ", "locality": "GIULV\u0102Z", "uat": "GIULV\u0102Z"}}, {"type": "Feature", "geometry": {"type": "Point", "coordinates": [21.204275, 45.732636]}, "properties": {"type": "school", "name": "SCOALA GIMNAZIALA NR.27 MUN.TIMISOARA", "locality": "TIMI\u015eOARA", "uat": "MUNICIPIUL TIMI\u015eOARA"}}, {"type": "Feature", "geometry": {"type": "Point", "coordinates": [20.619764, 46.068829]}, "properties": {"type": "school", "name": "LICEUL TEHNOLOGIC \"CRISTOFOR NAKO\" ORAS SANNICOLAU MARE", "locality": "S\u00c2NNICOLAU MARE", "uat": "ORA\u015e S\u00c2NNICOLAU MARE"}}, {"type": "Feature", "geometry": {"type": "Point", "coordinates": [21.1635545, 45.6503127]}, "properties": {"type": "school", "name": "SCOALA GIMNAZIALA COM.SAG", "locality": "\u015eAG", "uat": "\u015eAG"}}, {"type": "Feature", "geometry": {"type": "Point", "coordinates": [21.213957, 45.7442483]}, "properties": {"type": "school", "name": "COLEGIUL NATIONAL BANATEAN MUN.TIMISOARA", "locality": "TIMI\u015eOARA", "uat": "MUNICIPIUL TIMI\u015eOARA"}}, {"type": "Feature", "geometry": {"type": "Point", "coordinates": [21.9576161, 45.8352911]}, "properties": {"type": "school", "name": "SCOALA GIMNAZIALA COM.BETHAUSEN", "locality": "BETHAUSEN", "uat": "BETHAUSEN"}}, {"type": "Feature", "geometry": {"type": "Point", "coordinates": [21.2975843, 45.7360888]}, "properties": {"type": "school", "name": "SCOALA GIMNAZIALA COM.GHILAD", "locality": "GHILAD", "uat": "GHILAD"}}, {"type": "Feature", "geometry": {"type": "Point", "coordinates": [21.7666092, 45.7530402999999]}, "properties": {"type": "school", "name": "SCOALA GIMNAZIALA COM.BELINT", "locality": "BELIN\u0162", "uat": "BELIN\u0162"}}, {"type": "Feature", "geometry": {"type": "Point", "coordinates": [21.2277157, 45.7584378]}, "properties": {"type": "school", "name": "GRADINITA CU PROGRAM PRELUNGIT \"NIKOLAUS LENAU\" MUN.TIMISOARA", "locality": "TIMI\u015eOARA", "uat": "MUNICIPIUL TIMI\u015eOARA"}}, {"type": "Feature", "geometry": {"type": "Point", "coordinates": [21.2471548, 45.7562884]}, "properties": {"type": "school", "name": "LICEUL TEORETIC \"WILLIAM SHAKESPEARE\" MUN.TIMISOARA", "locality": "TIMI\u015eOARA", "uat": "MUNICIPIUL TIMI\u015eOARA"}}, {"type": "Feature", "geometry": {"type": "Point", "coordinates": [20.8005092, 45.8740801]}, "properties": {"type": "school", "name": "SCOALA GIMNAZIALA COM.LENAUHEIM", "locality": "LENAUHEIM", "uat": "LENAUHEIM"}}, {"type": "Feature", "geometry": {"type": "Point", "coordinates": [22.175997, 45.857292]}, "properties": {"type": "school", "name": "LICEUL TEORETIC \"TRAIAN VUIA\" ORAS FAGET", "locality": "F\u0102GET", "uat": "ORA\u015e F\u0102GET"}}, {"type": "Feature", "geometry": {"type": "Point", "coordinates": [22.0994881, 45.6468871999999]}, "properties": {"type": "school", "name": "SCOALA GIMNAZIALA COM.GAVOJDIA", "locality": "GAVOJDIA", "uat": "GAVOJDIA"}}, {"type": "Feature", "geometry": {"type": "Point", "coordinates": [21.209097, 45.725329]}, "properties": {"type": "school", "name": "SCOALA GIMNAZIALA NR.15 MUN.TIMISOARA", "locality": "TIMI\u015eOARA", "uat": "MUNICIPIUL TIMI\u015eOARA"}}, {"type": "Feature", "geometry": {"type": "Point", "coordinates": [21.217429, 45.762763]}, "properties": {"type": "school", "name": "GRADINITA CU PROGRAM PRELUNGIT NR.26 MUN.TIMISOARA", "locality": "TIMI\u015eOARA", "uat": "MUNICIPIUL TIMI\u015eOARA"}}, {"type": "Feature", "geometry": {"type": "Point", "coordinates": [20.8692316, 46.043422]}, "properties": {"type": "school", "name": "LICEUL TEORETIC COM.PERIAM", "locality": "PERIAM", "uat": "PERIAM"}}, {"type": "Feature", "geometry": {"type": "Point", "coordinates": [21.2114407, 45.7471556]}, "properties": {"type": "school", "name": "LICEUL TEORETIC \"DOSITEI OBRADOVICI\" MUN.TIMISOARA", "locality": "TIMI\u015eOARA", "uat": "MUNICIPIUL TIMI\u015eOARA"}}, {"type": "Feature", "geometry": {"type": "Point", "coordinates": [21.260251, 45.730148]}, "properties": {"type": "school", "name": "GRADINITA CU PROGRAM PRELUNGIT NR.38 MUN.TIMISOARA", "locality": "TIMI\u015eOARA", "uat": "MUNICIPIUL TIMI\u015eOARA"}}, {"type": "Feature", "geometry": {"type": "Point", "coordinates": [20.2987527, 46.1320202]}, "properties": {"type": "school", "name": "SCOALA GIMNAZIALA COM.BEBA VECHE", "locality": "BEBA VECHE", "uat": "BEBA VECHE"}}, {"type": "Feature", "geometry": {"type": "Point", "coordinates": [21.2221635, 45.7590765]}, "properties": {"type": "school", "name": "COLEGIUL TEHNIC \"ION MINCU\" MUN.TIMISOARA", "locality": "TIMI\u015eOARA", "uat": "MUNICIPIUL TIMI\u015eOARA"}}, {"type": "Feature", "geometry": {"type": "Point", "coordinates": [21.226713, 45.3956469]}, "properties": {"type": "school", "name": "GRADINITA CU PROGRAM PRELUNGIT DETA", "locality": "DETA", "uat": "ORA\u015e DETA"}}, {"type": "Feature", "geometry": {"type": "Point", "coordinates": [21.903083, 45.681437]}, "properties": {"type": "school", "name": "SCOALA GIMNAZIALA \"HARUL\" MUN.LUGOJ", "locality": "LUGOJ", "uat": "MUNICIPIUL LUGOJ"}}, {"type": "Feature", "geometry": {"type": "Point", "coordinates": [21.2136232, 45.7344534]}, "properties": {"type": "school", "name": "GRADINITA CU PROGRAM PRELUNGIT CORDIANA TIMISOARA", "locality": "TIMI\u015eOARA", "uat": "MUNICIPIUL TIMI\u015eOARA"}}, {"type": "Feature", "geometry": {"type": "Point", "coordinates": [21.248744, 45.774888]}, "properties": {"type": "school", "name": "GRADINITA CU PROGRAM PRELUNGIT KINDERGARTEN - GIMINNI MUN.TIMISOARA", "locality": "TIMI\u015eOARA", "uat": "MUNICIPIUL TIMI\u015eOARA"}}, {"type": "Feature", "geometry": {"type": "Point", "coordinates": [21.216333, 45.754888]}, "properties": {"type": "school", "name": "LICEUL TEORETIC MILLENIUM MUN.TIMISOARA", "locality": "TIMI\u015eOARA", "uat": "MUNICIPIUL TIMI\u015eOARA"}}, {"type": "Feature", "geometry": {"type": "Point", "coordinates": [21.2370139, 45.727766]}, "properties": {"type": "school", "name": "GRADINITA CU PROGRAM PRELUNGIT PRIMII PASI MUN.TIMISOARA", "locality": "TIMI\u015eOARA", "uat": "MUNICIPIUL TIMI\u015eOARA"}}, {"type": "Feature", "geometry": {"type": "Point", "coordinates": [21.2427694, 45.7294748]}, "properties": {"type": "school", "name": "GRADINITA CU PROGRAM PRELUNGIT \"LUI GOGHITA\" MUN. TIMISOARA", "locality": "TIMI\u015eOARA", "uat": "MUNICIPIUL TIMI\u015eOARA"}}, {"type": "Feature", "geometry": {"type": "Point", "coordinates": [21.2486516, 45.7436454]}, "properties": {"type": "school", "name": "LICEUL TEHNOLOGIC \"IOAN SLAVICI\" MUN.TIMISOARA", "locality": "TIMI\u015eOARA", "uat": "MUNICIPIUL TIMI\u015eOARA"}}, {"type": "Feature", "geometry": {"type": "Point", "coordinates": [21.2418771, 45.7528492]}, "properties": {"type": "school", "name": "LICEUL TEORETIC \"HENRI COANDA\" MUN.TIMISOARA", "locality": "TIMI\u015eOARA", "uat": "MUNICIPIUL TIMI\u015eOARA"}}, {"type": "Feature", "geometry": {"type": "Point", "coordinates": [21.209049, 45.755881]}, "properties": {"type": "school", "name": "SCOALA PRIMARA \"CASA SPERANTEI\" MUN.TIMISOARA", "locality": "TIMI\u015eOARA", "uat": "MUNICIPIUL TIMI\u015eOARA"}}, {"type": "Feature", "geometry": {"type": "Point", "coordinates": [21.2222525, 45.7757519]}, "properties": {"type": "school", "name": "GRADINITA CU PROGRAM NORMAL SI PRELUNGIT LADYBIRD MUN.TIMISOARA", "locality": "TIMI\u015eOARA", "uat": "MUNICIPIUL TIMI\u015eOARA"}}, {"type": "Feature", "geometry": {"type": "Point", "coordinates": [21.196201, 45.732355]}, "properties": {"type": "school", "name": "GRADINITA CU PROGRAM PRELUNGIT \"KINDERGARTEN MINISSA\" MUN.TIMISOARA", "locality": "TIMI\u015eOARA", "uat": "MUNICIPIUL TIMI\u015eOARA"}}, {"type": "Feature", "geometry": {"type": "Point", "coordinates": [21.224892, 45.7345148]}, "properties": {"type": "school", "name": "SCOALA \"SF. ANTIM IVIREANUL\" MUN. TIMISOARA", "locality": "TIMI\u015eOARA", "uat": "MUNICIPIUL TIMI\u015eOARA"}}, {"type": "Feature", "geometry": {"type": "Point", "coordinates": [21.207103, 45.758153]}, "properties": {"type": "school", "name": "LICEUL TEHNOLOGIC UCECOM \"SPIRU HARET\" MUN. TIMISOARA", "locality": "TIMI\u015eOARA", "uat": "MUNICIPIUL TIMI\u015eOARA"}}, {"type": "Feature", "geometry": {"type": "Point", "coordinates": [21.249058, 45.7631419999999]}, "properties": {"type": "school", "name": "COLEGIUL ALMA MEDICA MUN.TIMISOARA", "locality": "TIMI\u015eOARA", "uat": "MUNICIPIUL TIMI\u015eOARA"}}, {"type": "Feature", "geometry": {"type": "Point", "coordinates": [21.2041793, 45.7478716]}, "properties": {"type": "school", "name": "SCOALA GIMNAZIALA MONTESSORI HAUS MUN.TIMISOARA", "locality": "TIMI\u015eOARA", "uat": "MUNICIPIUL TIMI\u015eOARA"}}, {"type": "Feature", "geometry": {"type": "Point", "coordinates": [21.2145208, 45.7454455]}, "properties": {"type": "school", "name": "SCOALA POSTLICEALA FEG MUN.TIMISOARA", "locality": "TIMI\u015eOARA", "uat": "MUNICIPIUL TIMI\u015eOARA"}}, {"type": "Feature", "geometry": {"type": "Point", "coordinates": [21.2115208, 45.7454455]}, "properties": {"type": "school", "name": "GRADINITA CU PROGRAM PRELUNGIT \"NOTRE DAME\" MUN. TIMISOARA", "locality": "TIMI\u015eOARA", "uat": "MUNICIPIUL TIMI\u015eOARA"}}, {"type": "Feature", "geometry": {"type": "Point", "coordinates": [21.2213679, 45.7333785]}, "properties": {"type": "school", "name": "GRADINITA CU PROGRAM PRELUNGIT TROITA MUN.TIMISOARA", "locality": "TIMI\u015eOARA", "uat": "MUNICIPIUL TIMI\u015eOARA"}}, {"type": "Feature", "geometry": {"type": "Point", "coordinates": [21.206603, 45.758153]}, "properties": {"type": "school", "name": "LICEUL TEORETIC SOCRATES MUN.TIMISOARA", "locality": "TIMI\u015eOARA", "uat": "MUNICIPIUL TIMI\u015eOARA"}}, {"type": "Feature", "geometry": {"type": "Point", "coordinates": [21.2388175, 45.469255]}, "properties": {"type": "school", "name": "SCOALA GIMNAZIALA DOMINO SERVITE COM.VOITEG", "locality": "VOITEG", "uat": "VOITEG"}}, {"type": "Feature", "geometry": {"type": "Point", "coordinates": [21.2030734, 45.7555019]}, "properties": {"type": "school", "name": "GRADINITA CU PROGRAM PRELUNGIT \"PLANETA PITICILOR\" TIMISOARA", "locality": "TIMI\u015eOARA", "uat": "MUNICIPIUL TIMI\u015eOARA"}}, {"type": "Feature", "geometry": {"type": "Point", "coordinates": [21.280967, 45.76374]}, "properties": {"type": "school", "name": "SCOALA PRIMARA \"WENDY KIDS\" TIMISOARA", "locality": "TIMI\u015eOARA", "uat": "MUNICIPIUL TIMI\u015eOARA"}}, {"type": "Feature", "geometry": {"type": "Point", "coordinates": [21.208549, 45.755881]}, "properties": {"type": "school", "name": "GRADINITA CU PROGRAM NORMAL CASA SPERANTEI MUN.TIMISOARA", "locality": "TIMI\u015eOARA", "uat": "MUNICIPIUL TIMI\u015eOARA"}}, {"type": "Feature", "geometry": {"type": "Point", "coordinates": [21.2354072, 45.791624]}, "properties": {"type": "school", "name": "GRADINITA CU PROGRAM PRELUNGIT \"SCOOBY KINDERGARTEN\" DUMBRAVITA", "locality": "DUMBR\u0102VI\u0162A", "uat": "DUMBR\u0102VI\u0162A"}}, {"type": "Feature", "geometry": {"type": "Point", "coordinates": [21.2106793, 45.7478716]}, "properties": {"type": "school", "name": "GRADINITA CU PROGRAM PRELUNGIT NR.48 MUN.TIMISOARA", "locality": "TIMI\u015eOARA", "uat": "MUNICIPIUL TIMI\u015eOARA"}}, {"type": "Feature", "geometry": {"type": "Point", "coordinates": [21.2082948, 45.7397041]}, "properties": {"type": "school", "name": "GRADINITA CU PROGRAM PRELUNGIT NR.31 MUN.TIMISOARA", "locality": "TIMI\u015eOARA", "uat": "MUNICIPIUL TIMI\u015eOARA"}}, {"type": "Feature", "geometry": {"type": "Point", "coordinates": [21.062585, 45.4303898]}, "properties": {"type": "school", "name": "SCOALA PRIMARA DOLAT COM.LIVEZILE", "locality": "DOLA\u0162", "uat": "LIVEZILE"}}, {"type": "Feature", "geometry": {"type": "Point", "coordinates": [21.062085, 45.4303898]}, "properties": {"type": "school", "name": "GRADINITA CU PROGRAM NORMAL DOLAT COM. LIVEZILE", "locality": "DOLA\u0162", "uat": "LIVEZILE"}}, {"type": "Feature", "geometry": {"type": "Point", "coordinates": [21.0500374, 45.3874530999999]}, "properties": {"type": "school", "name": "GRADINITA CU PROGRAM NORMAL COM.LIVEZILE", "locality": "LIVEZILE", "uat": "LIVEZILE"}}, {"type": "Feature", "geometry": {"type": "Point", "coordinates": [21.5772443, 45.9791661999999]}, "properties": {"type": "school", "name": "GRADINITA CU PROGRAM NORMAL BOGDA-CHARLOTTENBURG COM.BOGDA", "locality": "BOGDA", "uat": "BOGDA"}}, {"type": "Feature", "geometry": {"type": "Point", "coordinates": [21.8213226, 45.8849648]}, "properties": {"type": "school", "name": "GRADINITA CU PROGRAM NORMAL COM.SECAS", "locality": "SECA\u015e", "uat": "SECA\u015e"}}, {"type": "Feature", "geometry": {"type": "Point", "coordinates": [21.8744961, 45.8929886]}, "properties": {"type": "school", "name": "GRADINITA CU PROGRAM NORMAL COM. BARA", "locality": "BARA", "uat": "BARA"}}, {"type": "Feature", "geometry": {"type": "Point", "coordinates": [21.234966, 45.6961115]}, "properties": {"type": "school", "name": "GRADINITA CU PROGRAM PRELUNGIT COM.GIROC", "locality": "GIROC", "uat": "GIROC"}}, {"type": "Feature", "geometry": {"type": "Point", "coordinates": [21.2116267, 45.7011784]}, "properties": {"type": "school", "name": "GRADINITA CU PROGRAM PRELUNGIT CHISODA COM.GIROC", "locality": "CHI\u015eODA", "uat": "GIROC"}}, {"type": "Feature", "geometry": {"type": "Point", "coordinates": [21.2111267, 45.7011784]}, "properties": {"type": "school", "name": "SCOALA GIMNAZIALA \"IOSIF CIOROGARIU\" CHISODA COM.GIROC", "locality": "CHI\u015eODA", "uat": "GIROC"}}, {"type": "Feature", "geometry": {"type": "Point", "coordinates": [21.9029608, 45.6909898]}, "properties": {"type": "school", "name": "GRADINITA CU PROGRAM NORMAL NR.1 MUN.LUGOJ", "locality": "LUGOJ", "uat": "MUNICIPIUL LUGOJ"}}, {"type": "Feature", "geometry": {"type": "Point", "coordinates": [21.175177, 45.723687]}, "properties": {"type": "school", "name": "GRADINITA CU PROGRAM PRELUNGIT NR.7 TIMISOARA", "locality": "TIMI\u015eOARA", "uat": "MUNICIPIUL TIMI\u015eOARA"}}, {"type": "Feature", "geometry": {"type": "Point", "coordinates": [22.2041293, 45.8462271]}, "properties": {"type": "school", "name": "GRADINITA CU PROGRAM NORMAL BATESTI ORAS FAGET", "locality": "B\u0102TE\u015eTI", "uat": "ORA\u015e F\u0102GET"}}, {"type": "Feature", "geometry": {"type": "Point", "coordinates": [22.2518631, 45.8148794]}, "properties": {"type": "school", "name": "GRADINITA CU PROGRAM NORMAL BRANESTI ORAS FAGET", "locality": "BR\u0102NE\u015eTI", "uat": "ORA\u015e F\u0102GET"}}, {"type": "Feature", "geometry": {"type": "Point", "coordinates": [22.188224, 45.8364901]}, "properties": {"type": "school", "name": "GRADINITA CU PROGRAM NORMAL COLONIA MICA ORAS FAGET", "locality": "COLONIA MIC\u0102", "uat": "ORA\u015e F\u0102GET"}}, {"type": "Feature", "geometry": {"type": "Point", "coordinates": [22.1391811, 45.8575865]}, "properties": {"type": "school", "name": "GRADINITA CU PROGRAM NORMAL BICHIGI ORAS FAGET", "locality": "BICHIGI", "uat": "ORA\u015e F\u0102GET"}}, {"type": "Feature", "geometry": {"type": "Point", "coordinates": [22.1729057, 45.8527956999999]}, "properties": {"type": "school", "name": "GRADINITA CU PROGRAM NORMAL ORAS FAGET", "locality": "F\u0102GET", "uat": "ORA\u015e F\u0102GET"}}, {"type": "Feature", "geometry": {"type": "Point", "coordinates": [21.901812, 45.685796]}, "properties": {"type": "school", "name": "GRADINITA CU PROGRAM PRELUNGIT NR.6 MUN.LUGOJ", "locality": "LUGOJ", "uat": "MUNICIPIUL LUGOJ"}}, {"type": "Feature", "geometry": {"type": "Point", "coordinates": [21.9054608, 45.6909898]}, "properties": {"type": "school", "name": "GRADINITA CU PROGRAM NORMAL NR.6 MUN.LUGOJ", "locality": "LUGOJ", "uat": "MUNICIPIUL LUGOJ"}}, {"type": "Feature", "geometry": {"type": "Point", "coordinates": [21.8816368, 45.6849262]}, "properties": {"type": "school", "name": "GRADINITA CU PROGRAM PRELUNGIT NR. 7 MUN.LUGOJ", "locality": "LUGOJ", "uat": "MUNICIPIUL LUGOJ"}}, {"type": "Feature", "geometry": {"type": "Point", "coordinates": [21.897359, 45.684185]}, "properties": {"type": "school", "name": "GRADINITA CU PROGRAM PRELUNGIT NR.1 MUN.LUGOJ", "locality": "LUGOJ", "uat": "MUNICIPIUL LUGOJ"}}, {"type": "Feature", "geometry": {"type": "Point", "coordinates": [21.213288, 45.723338]}, "properties": {"type": "school", "name": "GRADINITA CU PROGRAM NORMAL NR.14 MUN.TIMISOARA", "locality": "TIMI\u015eOARA", "uat": "MUNICIPIUL TIMI\u015eOARA"}}, {"type": "Feature", "geometry": {"type": "Point", "coordinates": [20.8010092, 45.8740801]}, "properties": {"type": "school", "name": "GRADINITA CU PROGRAM NORMAL COM.LENAUHEIM", "locality": "LENAUHEIM", "uat": "LENAUHEIM"}}, {"type": "Feature", "geometry": {"type": "Point", "coordinates": [20.7431738, 45.8751311]}, "properties": {"type": "school", "name": "GRADINITA CU PROGRAM NORMAL GRABAT COM.LENAUHEIM", "locality": "GRAB\u0102\u0162", "uat": "LENAUHEIM"}}, {"type": "Feature", "geometry": {"type": "Point", "coordinates": [20.8206437, 45.9198512]}, "properties": {"type": "school", "name": "SCOALA GIMNAZIALA BULGARUS COM.LENAUHEIM", "locality": "BULG\u0102RU\u015e", "uat": "LENAUHEIM"}}, {"type": "Feature", "geometry": {"type": "Point", "coordinates": [20.8211437, 45.9198512]}, "properties": {"type": "school", "name": "GRADINITA CU PROGRAM NORMAL BULGARUS COM.LENAUHEIM", "locality": "BULG\u0102RU\u015e", "uat": "LENAUHEIM"}}, {"type": "Feature", "geometry": {"type": "Point", "coordinates": [20.7426738, 45.8751311]}, "properties": {"type": "school", "name": "SCOALA GIMNAZIALA GRABAT COM.LENAUHEIM", "locality": "GRAB\u0102\u0162", "uat": "LENAUHEIM"}}, {"type": "Feature", "geometry": {"type": "Point", "coordinates": [21.221655, 45.7422198]}, "properties": {"type": "school", "name": "GRADINITA CU PROGRAM SAPTAMANAL MUN.TIMISOARA", "locality": "TIMI\u015eOARA", "uat": "MUNICIPIUL TIMI\u015eOARA"}}, {"type": "Feature", "geometry": {"type": "Point", "coordinates": [21.2071793, 45.7483716]}, "properties": {"type": "school", "name": "GRADINITA CU PROGRAM PRELUNGIT NR.12 MUN.TIMISOARA", "locality": "TIMI\u015eOARA", "uat": "MUNICIPIUL TIMI\u015eOARA"}}, {"type": "Feature", "geometry": {"type": "Point", "coordinates": [21.4309592, 45.4265209]}, "properties": {"type": "school", "name": "GRADINITA CU PROGRAM PRELUNGIT ORAS GATAIA", "locality": "G\u0102TAIA", "uat": "ORA\u015e G\u0102TAIA"}}, {"type": "Feature", "geometry": {"type": "Point", "coordinates": [21.2066793, 45.7493716]}, "properties": {"type": "school", "name": "GRADINITA CU PROGRAM PRELUNGIT NR.19 MUN.TIMISOARA", "locality": "TIMI\u015eOARA", "uat": "MUNICIPIUL TIMI\u015eOARA"}}, {"type": "Feature", "geometry": {"type": "Point", "coordinates": [21.4322607, 45.6988677]}, "properties": {"type": "school", "name": "GRADINITA CU PROGRAM NORMAL DRAGSINA COM.CHEVERESU MARE", "locality": "DRAG\u015eINA", "uat": "CHEVERE\u015eU MARE"}}, {"type": "Feature", "geometry": {"type": "Point", "coordinates": [20.8723729, 46.0443663]}, "properties": {"type": "school", "name": "GRADINITA CU PROGRAM PRELUNGITCOM.PERIAM", "locality": "PERIAM", "uat": "PERIAM"}}, {"type": "Feature", "geometry": {"type": "Point", "coordinates": [21.4290632, 45.9056469]}, "properties": {"type": "school", "name": "GRADINITA CU PROGRAM NORMAL BENCECU DE JOS COM.PISCHIA", "locality": "BENCECU DE JOS", "uat": "PI\u015eCHIA"}}, {"type": "Feature", "geometry": {"type": "Point", "coordinates": [21.3034681, 45.9252285]}, "properties": {"type": "school", "name": "GRADINITA CU PROGRAM NORMAL MURANI COM.PISCHIA", "locality": "MURANI", "uat": "PI\u015eCHIA"}}, {"type": "Feature", "geometry": {"type": "Point", "coordinates": [21.4261986, 45.8837347]}, "properties": {"type": "school", "name": "SCOALA GIMNAZIALA BENCECU DE SUS COM.PISCHIA", "locality": "BENCECU DE SUS", "uat": "PI\u015eCHIA"}}, {"type": "Feature", "geometry": {"type": "Point", "coordinates": [21.3400613, 45.9056598]}, "properties": {"type": "school", "name": "GRADINITA CU PROGRAM NORMAL COM.PISCHIA", "locality": "PI\u015eCHIA", "uat": "PI\u015eCHIA"}}, {"type": "Feature", "geometry": {"type": "Point", "coordinates": [21.4256986, 45.8837347]}, "properties": {"type": "school", "name": "GRADINITA CU PROGRAM NORMAL BENCECU DE SUS COM.PISCHIA", "locality": "BENCECU DE SUS", "uat": "PI\u015eCHIA"}}, {"type": "Feature", "geometry": {"type": "Point", "coordinates": [20.7087811, 45.9361807]}, "properties": {"type": "school", "name": "GRADINITA CU PROGRAM NORMAL COM.GOTTLOB", "locality": "GOTTLOB", "uat": "GOTTLOB"}}, {"type": "Feature", "geometry": {"type": "Point", "coordinates": [20.653896, 45.942908]}, "properties": {"type": "school", "name": "GRADINITA CU PROGRAM NORMAL VIZEJDIA COM.GOTTLOB", "locality": "VIZEJDIA", "uat": "GOTTLOB"}}, {"type": "Feature", "geometry": {"type": "Point", "coordinates": [20.8436775, 45.6137417]}, "properties": {"type": "school", "name": "SCOALA GIMNAZIALA COM.OTELEC", "locality": "OTELEC", "uat": "OTELEC"}}, {"type": "Feature", "geometry": {"type": "Point", "coordinates": [20.8441775, 45.6137417]}, "properties": {"type": "school", "name": "GRADINITA CU PROGRAM NORMAL COM.OTELEC", "locality": "OTELEC", "uat": "OTELEC"}}, {"type": "Feature", "geometry": {"type": "Point", "coordinates": [20.8631504, 45.5645432]}, "properties": {"type": "school", "name": "GRADINITA CU PROGRAM NORMAL IOHANISFELD COM.OTELEC", "locality": "IOHANISFELD", "uat": "OTELEC"}}, {"type": "Feature", "geometry": {"type": "Point", "coordinates": [21.8792966, 45.8163104]}, "properties": {"type": "school", "name": "GRADINITA CU PROGRAM NORMAL BODO COM. BALINT", "locality": "BODO", "uat": "BALIN\u0162"}}, {"type": "Feature", "geometry": {"type": "Point", "coordinates": [21.862343, 45.8469766]}, "properties": {"type": "school", "name": "GRADINITA CU PROGRAM NORMAL FADIMAC COM.BALINT", "locality": "F\u0102DIMAC", "uat": "BALIN\u0162"}}, {"type": "Feature", "geometry": {"type": "Point", "coordinates": [21.8219781, 45.8152645]}, "properties": {"type": "school", "name": "SCOALA PRIMARA TARGOVISTE COM.BALINT", "locality": "T\u00c2RGOVI\u015eTE", "uat": "BALIN\u0162"}}, {"type": "Feature", "geometry": {"type": "Point", "coordinates": [21.8538461, 45.8137543]}, "properties": {"type": "school", "name": "GRADINITA CU PROGRAM NORMAL COM. BALINT", "locality": "BALIN\u0162", "uat": "BALIN\u0162"}}, {"type": "Feature", "geometry": {"type": "Point", "coordinates": [22.0563539, 45.720961]}, "properties": {"type": "school", "name": "GRADINITA CU PROGRAM NORMAL COM. BARNA", "locality": "B\u00c2RNA", "uat": "B\u00c2RNA"}}, {"type": "Feature", "geometry": {"type": "Point", "coordinates": [22.0162335, 45.7210058999999]}, "properties": {"type": "school", "name": "GRADINITA CU PROGRAM NORMAL POGANESTI COM. BARNA", "locality": "POG\u0102NE\u015eTI", "uat": "B\u00c2RNA"}}, {"type": "Feature", "geometry": {"type": "Point", "coordinates": [22.0620432, 45.7371997]}, "properties": {"type": "school", "name": "GRADINITA CU PROGRAM NORMAL SARAZANI COM. BARNA", "locality": "S\u0102R\u0102ZANI", "uat": "B\u00c2RNA"}}, {"type": "Feature", "geometry": {"type": "Point", "coordinates": [21.2051793, 45.7483716]}, "properties": {"type": "school", "name": "GRADINITA CU PROGRAM PRELUNGIT NR.27 MUN.TIMISOARA", "locality": "TIMI\u015eOARA", "uat": "MUNICIPIUL TIMI\u015eOARA"}}, {"type": "Feature", "geometry": {"type": "Point", "coordinates": [21.6780179, 45.8737158]}, "properties": {"type": "school", "name": "GRADINITA CU PROGRAM NORMAL COM.BRESTOVAT", "locality": "BRESTOV\u0102\u0162", "uat": "BRESTOV\u0102\u0162"}}, {"type": "Feature", "geometry": {"type": "Point", "coordinates": [20.5813939, 46.1317358]}, "properties": {"type": "school", "name": "GRADINITA CU PROGRAM PRELUNGIT COM.CENAD", "locality": "CENAD", "uat": "CENAD"}}, {"type": "Feature", "geometry": {"type": "Point", "coordinates": [21.7661092, 45.7530402999999]}, "properties": {"type": "school", "name": "GRADINITA CU PROGRAM NORMAL COM.BELINT", "locality": "BELIN\u0162", "uat": "BELIN\u0162"}}, {"type": "Feature", "geometry": {"type": "Point", "coordinates": [21.7266903, 45.7536522]}, "properties": {"type": "school", "name": "GRADINITA CU PROGRAM NORMAL CHIZATAU COM. BELINT", "locality": "CHIZ\u0102T\u0102U", "uat": "BELIN\u0162"}}, {"type": "Feature", "geometry": {"type": "Point", "coordinates": [21.7874387, 45.8110836]}, "properties": {"type": "school", "name": "GRADINITA CU PROGRAM NORMAL BABSA-GRUNI COM.BELINT", "locality": "BAB\u015eA", "uat": "BELIN\u0162"}}, {"type": "Feature", "geometry": {"type": "Point", "coordinates": [21.2123158, 45.5973596]}, "properties": {"type": "school", "name": "GRADINITA CU PROGRAM NORMAL COM.PADURENI", "locality": "P\u0102DURENI", "uat": "P\u0102DURENI"}}, {"type": "Feature", "geometry": {"type": "Point", "coordinates": [21.7260269, 45.5853073]}, "properties": {"type": "school", "name": "GRADINITA CU PROGRAM NORMAL SACOSU MARE COM. DAROVA", "locality": "SACO\u015eU MARE", "uat": "DAROVA"}}, {"type": "Feature", "geometry": {"type": "Point", "coordinates": [21.7673744, 45.6400709]}, "properties": {"type": "school", "name": "SCOALA PRIMARA SACOSU MARE COM.DAROVA", "locality": "SACO\u015eU MARE", "uat": "DAROVA"}}, {"type": "Feature", "geometry": {"type": "Point", "coordinates": [21.7693744, 45.6400709]}, "properties": {"type": "school", "name": "GRADINITA CU PROGRAM NORMAL COM. DAROVA", "locality": "DAROVA", "uat": "DAROVA"}}, {"type": "Feature", "geometry": {"type": "Point", "coordinates": [21.7947673, 45.6644268]}, "properties": {"type": "school", "name": "GRADINITA CU PROGRAM NORMAL HODOS COM.DAROVA", "locality": "HODO\u015e", "uat": "DAROVA"}}, {"type": "Feature", "geometry": {"type": "Point", "coordinates": [22.3093123, 45.7829845]}, "properties": {"type": "school", "name": "GRADINITA CU PROGRAM NORMAL COM.TOMESTI", "locality": "TOME\u015eTI", "uat": "TOME\u015eTI"}}, {"type": "Feature", "geometry": {"type": "Point", "coordinates": [22.3068002, 45.7214933]}, "properties": {"type": "school", "name": "GRADINITA CU PROGRAM NORMAL LUNCANII DE JOS COM.TOMESTI", "locality": "LUNCANII DE JOS", "uat": "TOME\u015eTI"}}, {"type": "Feature", "geometry": {"type": "Point", "coordinates": [22.3148522, 45.812567]}, "properties": {"type": "school", "name": "GRADINITA CU PROGRAM NORMAL ROMANESTI COM.TOMESTI", "locality": "ROM\u00c2NE\u015eTI", "uat": "TOME\u015eTI"}}, {"type": "Feature", "geometry": {"type": "Point", "coordinates": [22.3118123, 45.7829845]}, "properties": {"type": "school", "name": "GRADINITA CU PROGRAM NORMAL TOMESTI SAT COM.TOMESTI", "locality": "TOME\u015eTI", "uat": "TOME\u015eTI"}}, {"type": "Feature", "geometry": {"type": "Point", "coordinates": [21.2066793, 45.7503716]}, "properties": {"type": "school", "name": "GR\u0102DINI\u021aA CU PROGRAM PRELUNGIT NR.4 MUN.TIMI\u0218OARA", "locality": "TIMI\u015eOARA", "uat": "MUNICIPIUL TIMI\u015eOARA"}}, {"type": "Feature", "geometry": {"type": "Point", "coordinates": [20.8921237, 45.9261893]}, "properties": {"type": "school", "name": "GRADINITA CU PROGRAM PRELUNGIT COM.SANDRA", "locality": "\u015eANDRA", "uat": "\u015eANDRA"}}, {"type": "Feature", "geometry": {"type": "Point", "coordinates": [20.8567121, 45.9117493]}, "properties": {"type": "school", "name": "SCOALA PRIMARA UIHEI COM.SANDRA", "locality": "UIHEI", "uat": "\u015eANDRA"}}, {"type": "Feature", "geometry": {"type": "Point", "coordinates": [20.8572121, 45.9117493]}, "properties": {"type": "school", "name": "GRADINITA CU PROGRAM NORMAL UIHEI COM.SANDRA", "locality": "UIHEI", "uat": "\u015eANDRA"}}, {"type": "Feature", "geometry": {"type": "Point", "coordinates": [20.8335976, 45.7539184]}, "properties": {"type": "school", "name": "GRADINITA CU PROGRAM NORMAL COM.CHECEA", "locality": "CHECEA", "uat": "CHECEA"}}, {"type": "Feature", "geometry": {"type": "Point", "coordinates": [21.2076793, 45.7498716]}, "properties": {"type": "school", "name": "GRADINITA CU PROGRAM PRELUNGIT NR.44 MUN.TIMISOARA", "locality": "TIMI\u015eOARA", "uat": "MUNICIPIUL TIMI\u015eOARA"}}, {"type": "Feature", "geometry": {"type": "Point", "coordinates": [21.9315342, 45.7884058]}, "properties": {"type": "school", "name": "GRADINITA CU PROGRAM NORMAL NEVRINCEA COM. BETHAUSEN", "locality": "NEVRINCEA", "uat": "BETHAUSEN"}}, {"type": "Feature", "geometry": {"type": "Point", "coordinates": [21.9259637, 45.8291206]}, "properties": {"type": "school", "name": "GRADINITA CU PROGRAM NORMAL CUTINA COM.BETHAUSEN", "locality": "CUTINA", "uat": "BETHAUSEN"}}, {"type": "Feature", "geometry": {"type": "Point", "coordinates": [21.9681939, 45.8629347]}, "properties": {"type": "school", "name": "GRADINITA CU PROGRAM NORMAL CLADOVA COM. BETHAUSEN", "locality": "CLADOVA", "uat": "BETHAUSEN"}}, {"type": "Feature", "geometry": {"type": "Point", "coordinates": [21.9686939, 45.8629347]}, "properties": {"type": "school", "name": "SCOALA PRIMARA CLADOVA COM. BETHAUSEN", "locality": "CLADOVA", "uat": "BETHAUSEN"}}, {"type": "Feature", "geometry": {"type": "Point", "coordinates": [21.999433, 45.8367118]}, "properties": {"type": "school", "name": "SCOALA PRIMARA LEUCUSESTI COM. BETHAUSEN", "locality": "LEUCU\u015eE\u015eTI", "uat": "BETHAUSEN"}}, {"type": "Feature", "geometry": {"type": "Point", "coordinates": [21.9264637, 45.8291206]}, "properties": {"type": "school", "name": "SCOALA PRIMARA CUTINA COM. BETHAUSEN", "locality": "CUTINA", "uat": "BETHAUSEN"}}, {"type": "Feature", "geometry": {"type": "Point", "coordinates": [21.9621572, 45.7945701]}, "properties": {"type": "school", "name": "GRADINITA CU PROGRAM NORMAL CLICIOVA COM.BETHAUSEN", "locality": "CLICIOVA", "uat": "BETHAUSEN"}}, {"type": "Feature", "geometry": {"type": "Point", "coordinates": [21.9616572, 45.7945701]}, "properties": {"type": "school", "name": "SCOALA PRIMARA CLICIOVA COM. BETHAUSEN", "locality": "CLICIOVA", "uat": "BETHAUSEN"}}, {"type": "Feature", "geometry": {"type": "Point", "coordinates": [21.9571161, 45.8352911]}, "properties": {"type": "school", "name": "GRADINITA CU PROGRAM NORMAL COM. BETHAUSEN", "locality": "BETHAUSEN", "uat": "BETHAUSEN"}}, {"type": "Feature", "geometry": {"type": "Point", "coordinates": [21.999933, 45.8367118]}, "properties": {"type": "school", "name": "GRADINITA CU PROGRAM NORMAL LEUCUSESTI COM. BETHAUSEN", "locality": "LEUCU\u015eE\u015eTI", "uat": "BETHAUSEN"}}, {"type": "Feature", "geometry": {"type": "Point", "coordinates": [20.977917, 45.7510951999999]}, "properties": {"type": "school", "name": "SCOALA PRIMARA BEREGSAU MIC COM.SACALAZ", "locality": "BEREGS\u0102U MIC", "uat": "S\u0102C\u0102LAZ"}}, {"type": "Feature", "geometry": {"type": "Point", "coordinates": [20.978417, 45.7510951999999]}, "properties": {"type": "school", "name": "GRADINITA CU PROGRAM NORMAL BEREGSAU MIC COM.SACALAZ", "locality": "BEREGS\u0102U MIC", "uat": "S\u0102C\u0102LAZ"}}, {"type": "Feature", "geometry": {"type": "Point", "coordinates": [21.1098836, 45.7603638999999]}, "properties": {"type": "school", "name": "GRADINITA CU PROGRAM PRELUNGIT COM.SACALAZ", "locality": "S\u0102C\u0102LAZ", "uat": "S\u0102C\u0102LAZ"}}, {"type": "Feature", "geometry": {"type": "Point", "coordinates": [21.0236428, 45.7622127]}, "properties": {"type": "school", "name": "GRADINITA CU PROGRAM NORMAL BEREGSAU MARE COM.SACALAZ", "locality": "BEREGS\u0102U MARE", "uat": "S\u0102C\u0102LAZ"}}, {"type": "Feature", "geometry": {"type": "Point", "coordinates": [21.0231428, 45.7622127]}, "properties": {"type": "school", "name": "SCOALA GIMNAZIALA BEREGSAU MARE COM.SACALAZ", "locality": "BEREGS\u0102U MARE", "uat": "S\u0102C\u0102LAZ"}}, {"type": "Feature", "geometry": {"type": "Point", "coordinates": [21.9955273, 45.8028627]}, "properties": {"type": "school", "name": "GRADINITA CU PROGRAM NORMAL SUSANI COM.TRAIAN VUIA", "locality": "SUSANI", "uat": "TRAIAN VUIA"}}, {"type": "Feature", "geometry": {"type": "Point", "coordinates": [22.0197554, 45.8039857]}, "properties": {"type": "school", "name": "GRADINITA CU PROGRAM NORMAL JUPANI COM.TRAIAN VUIA", "locality": "JUPANI", "uat": "TRAIAN VUIA"}}, {"type": "Feature", "geometry": {"type": "Point", "coordinates": [22.0202554, 45.8039857]}, "properties": {"type": "school", "name": "SCOALA PRIMARA JUPANI COM.TRAIAN VUIA", "locality": "JUPANI", "uat": "TRAIAN VUIA"}}, {"type": "Feature", "geometry": {"type": "Point", "coordinates": [22.0680079, 45.8005416]}, "properties": {"type": "school", "name": "GRADINITA CU PROGRAM NORMAL COM.TRAIAN VUIA", "locality": "TRAIAN VUIA", "uat": "TRAIAN VUIA"}}, {"type": "Feature", "geometry": {"type": "Point", "coordinates": [22.029168, 45.7872583]}, "properties": {"type": "school", "name": "GRADINITA CU PROGRAM NORMAL SUDRIAS COM.TRAIAN VUIA", "locality": "SUDRIA\u015e", "uat": "TRAIAN VUIA"}}, {"type": "Feature", "geometry": {"type": "Point", "coordinates": [21.3774004, 45.7530645]}, "properties": {"type": "school", "name": "GRADINITA CU PROGRAM NORMAL COM.BUCOVAT", "locality": "BUCOV\u0102\u0162", "uat": "BUCOV\u0102\u0162"}}, {"type": "Feature", "geometry": {"type": "Point", "coordinates": [22.105439, 45.8426410999999]}, "properties": {"type": "school", "name": "SCOALA GIMNAZIALA RACHITA COM.DUMBRAVA", "locality": "R\u0102CHITA", "uat": "DUMBRAVA"}}, {"type": "Feature", "geometry": {"type": "Point", "coordinates": [21.3769004, 45.7530645]}, "properties": {"type": "school", "name": "GRADINITA CU PROGRAM NORMAL BUCOVAT COM. DUMBRAVA", "locality": "BUCOV\u0102\u0162", "uat": "DUMBRAVA"}}, {"type": "Feature", "geometry": {"type": "Point", "coordinates": [22.1168143, 45.8231008]}, "properties": {"type": "school", "name": "GRADINITA CU PROGRAM NORMAL COM.DUMBRAVA", "locality": "DUMBRAVA", "uat": "DUMBRAVA"}}, {"type": "Feature", "geometry": {"type": "Point", "coordinates": [21.3794004, 45.7530645]}, "properties": {"type": "school", "name": "SCOALA PRIMARA BUCOVAT COM.DUMBRAVA", "locality": "BUCOV\u0102\u0162", "uat": "DUMBRAVA"}}, {"type": "Feature", "geometry": {"type": "Point", "coordinates": [22.105939, 45.8426410999999]}, "properties": {"type": "school", "name": "GRADINITA CU PROGRAM NORMAL RACHITA COM. DUMBRAVA", "locality": "R\u0102CHITA", "uat": "DUMBRAVA"}}, {"type": "Feature", "geometry": {"type": "Point", "coordinates": [21.5160238, 45.861106]}, "properties": {"type": "school", "name": "GRADINITA CU PROGRAM NORMAL HERNEACOVA ORAS RECAS", "locality": "HERNEACOVA", "uat": "ORA\u015e RECA\u015e"}}, {"type": "Feature", "geometry": {"type": "Point", "coordinates": [21.5702065, 45.8679155]}, "properties": {"type": "school", "name": "GRADINITA CU PROGRAM NORMAL STANCIOVA ORAS RECAS", "locality": "STANCIOVA", "uat": "ORA\u015e RECA\u015e"}}, {"type": "Feature", "geometry": {"type": "Point", "coordinates": [21.5134138, 45.8011607]}, "properties": {"type": "school", "name": "GRADINITA CU PROGRAM PRELUNGIT ORAS RECAS", "locality": "RECA\u015e", "uat": "ORA\u015e RECA\u015e"}}, {"type": "Feature", "geometry": {"type": "Point", "coordinates": [21.0883374, 45.9017584]}, "properties": {"type": "school", "name": "SCOALA GIMNAZIALA COM. BILED", "locality": "BILED", "uat": "BILED"}}, {"type": "Feature", "geometry": {"type": "Point", "coordinates": [20.9584878, 45.8885965]}, "properties": {"type": "school", "name": "GRADINITA CU PROGRAM PRELUNGIT COM.BILED", "locality": "BILED", "uat": "BILED"}}, {"type": "Feature", "geometry": {"type": "Point", "coordinates": [21.2315028, 45.7573387]}, "properties": {"type": "school", "name": "GRADINITA CU PROGRAM PRELUNGIT NR.6 MUN.TIMISOARA", "locality": "TIMI\u015eOARA", "uat": "MUNICIPIUL TIMI\u015eOARA"}}, {"type": "Feature", "geometry": {"type": "Point", "coordinates": [21.2106793, 45.7488716]}, "properties": {"type": "school", "name": "GRADINITA CU PROGRAM NORMAL NR.19 MUN. TIMISOARA", "locality": "TIMI\u015eOARA", "uat": "MUNICIPIUL TIMI\u015eOARA"}}, {"type": "Feature", "geometry": {"type": "Point", "coordinates": [21.4368425, 45.6225118]}, "properties": {"type": "school", "name": "SCOALA PRIMARA OTVESTI COM. SACOSU TURCESC", "locality": "OTVE\u015eTI", "uat": "SACO\u015eU TURCESC"}}, {"type": "Feature", "geometry": {"type": "Point", "coordinates": [21.4266536, 45.583741]}, "properties": {"type": "school", "name": "SCOALA PRIMARA BERINI COM. SACOSU TURCESC", "locality": "BERINI", "uat": "SACO\u015eU TURCESC"}}, {"type": "Feature", "geometry": {"type": "Point", "coordinates": [21.4271536, 45.583741]}, "properties": {"type": "school", "name": "GRADINITA CU PROGRAM NORMAL BERINI COM. SACOSU TURCESC", "locality": "BERINI", "uat": "SACO\u015eU TURCESC"}}, {"type": "Feature", "geometry": {"type": "Point", "coordinates": [21.4255905, 45.6544911]}, "properties": {"type": "school", "name": "GRADINITA CU PROGRAM NORMAL COM. SACOSU TURCESC", "locality": "SACO\u015eU TURCESC", "uat": "SACO\u015eU TURCESC"}}, {"type": "Feature", "geometry": {"type": "Point", "coordinates": [21.4373425, 45.6225118]}, "properties": {"type": "school", "name": "GRADINITA CU PROGRAM NORMAL OTVESTI COM. SACOSU TURCESC", "locality": "OTVE\u015eTI", "uat": "SACO\u015eU TURCESC"}}, {"type": "Feature", "geometry": {"type": "Point", "coordinates": [21.3551106, 45.6780888]}, "properties": {"type": "school", "name": "SCOALA GIMNAZIALA ULIUC COM. SACOSU TURCESC", "locality": "ULIUC", "uat": "SACO\u015eU TURCESC"}}, {"type": "Feature", "geometry": {"type": "Point", "coordinates": [21.9049608, 45.6909898]}, "properties": {"type": "school", "name": "GRADINITA CU PROGRAM NORMAL NR.13 MUN.LUGOJ", "locality": "LUGOJ", "uat": "MUNICIPIUL LUGOJ"}}, {"type": "Feature", "geometry": {"type": "Point", "coordinates": [21.9009608, 45.6909898]}, "properties": {"type": "school", "name": "GRADINITA CU PROGRAM NORMAL NR.7 MUN.LUGOJ", "locality": "LUGOJ", "uat": "MUNICIPIUL LUGOJ"}}, {"type": "Feature", "geometry": {"type": "Point", "coordinates": [20.9606909, 45.4107437]}, "properties": {"type": "school", "name": "GRADINITA CU PROGRAM NORMAL TOAGER COM.GIERA", "locality": "TOAGER", "uat": "GIERA"}}, {"type": "Feature", "geometry": {"type": "Point", "coordinates": [20.9935162, 45.4068115]}, "properties": {"type": "school", "name": "GRADINITA CU PROGRAM NORMAL COM.GIERA", "locality": "GIERA", "uat": "GIERA"}}, {"type": "Feature", "geometry": {"type": "Point", "coordinates": [22.2719636, 45.8612395]}, "properties": {"type": "school", "name": "GRADINITA CU PROGRAM NORMAL MARGINA SAT COM.MARGINA", "locality": "MARGINA", "uat": "MARGINA"}}, {"type": "Feature", "geometry": {"type": "Point", "coordinates": [22.243964, 45.8742442]}, "properties": {"type": "school", "name": "GRADINITA CU PROGRAM NORMAL SINTESTI COM.MARGINA", "locality": "SINTE\u015eTI", "uat": "MARGINA"}}, {"type": "Feature", "geometry": {"type": "Point", "coordinates": [22.2703607, 45.841519]}, "properties": {"type": "school", "name": "SCOALA PRIMARA BREAZOVA COM.MARGINA", "locality": "BREAZOVA", "uat": "MARGINA"}}, {"type": "Feature", "geometry": {"type": "Point", "coordinates": [22.244464, 45.8742442]}, "properties": {"type": "school", "name": "SCOALA PRIMARA SINTESTI COM.MARGINA", "locality": "SINTE\u015eTI", "uat": "MARGINA"}}, {"type": "Feature", "geometry": {"type": "Point", "coordinates": [21.2134956, 45.5623937]}, "properties": {"type": "school", "name": "GRADINITA CU PROGRAM NORMAL COM.JEBEL", "locality": "JEBEL", "uat": "JEBEL"}}, {"type": "Feature", "geometry": {"type": "Point", "coordinates": [20.4945115, 45.9603107]}, "properties": {"type": "school", "name": "GRADINITA CU PROGRAM NORMAL TEREMIA MICA COM.TEREMIA MARE", "locality": "TEREMIA MIC\u0102", "uat": "TEREMIA MARE"}}, {"type": "Feature", "geometry": {"type": "Point", "coordinates": [20.5575766, 45.9695007]}, "properties": {"type": "school", "name": "SCOALA GIMNAZIALA NERAU COM.TEREMIA MARE", "locality": "NER\u0102U", "uat": "TEREMIA MARE"}}, {"type": "Feature", "geometry": {"type": "Point", "coordinates": [20.5250738, 45.9359087]}, "properties": {"type": "school", "name": "GRADINITA CU PROGRAM NORMAL COM.TEREMIA MARE", "locality": "TEREMIA MARE", "uat": "TEREMIA MARE"}}, {"type": "Feature", "geometry": {"type": "Point", "coordinates": [20.4940115, 45.9603107]}, "properties": {"type": "school", "name": "SCOALA PRIMARA TEREMIA MICA COM.TEREMIA MARE", "locality": "TEREMIA MIC\u0102", "uat": "TEREMIA MARE"}}, {"type": "Feature", "geometry": {"type": "Point", "coordinates": [20.5580766, 45.9695007]}, "properties": {"type": "school", "name": "GRADINITA CU PROGRAM NORMAL NERAU COM.TEREMIA MARE", "locality": "NER\u0102U", "uat": "TEREMIA MARE"}}, {"type": "Feature", "geometry": {"type": "Point", "coordinates": [21.3764336, 45.7818598]}, "properties": {"type": "school", "name": "GRADINITA CU PROGRAM PRELUNGIT COM. REMETEA MARE", "locality": "REMETEA MARE", "uat": "REMETEA MARE"}}, {"type": "Feature", "geometry": {"type": "Point", "coordinates": [21.4182628, 45.8405706]}, "properties": {"type": "school", "name": "GRADINITA CU PROGRAM NORMAL IANOVA COM. REMETEA MARE", "locality": "IANOVA", "uat": "REMETEA MARE"}}, {"type": "Feature", "geometry": {"type": "Point", "coordinates": [21.4177628, 45.8405706]}, "properties": {"type": "school", "name": "SCOALA PRIMARA IANOVA COM. REMETEA MARE", "locality": "IANOVA", "uat": "REMETEA MARE"}}, {"type": "Feature", "geometry": {"type": "Point", "coordinates": [21.2041793, 45.7488716]}, "properties": {"type": "school", "name": "GRADINITA CU PROGRAM PRELUNGIT NR.10 MUN.TIMISOARA", "locality": "TIMI\u015eOARA", "uat": "MUNICIPIUL TIMI\u015eOARA"}}, {"type": "Feature", "geometry": {"type": "Point", "coordinates": [21.4655284, 45.2831202]}, "properties": {"type": "school", "name": "GRADINITA CU PROGRAM NORMAL CLOPODIA COM. JAMU MARE", "locality": "CLOPODIA", "uat": "JAMU MARE"}}, {"type": "Feature", "geometry": {"type": "Point", "coordinates": [21.4972177, 45.3151388]}, "properties": {"type": "school", "name": "SCOALA PRIMARA FERENDIA COM. JAMU MARE", "locality": "FERENDIA", "uat": "JAMU MARE"}}, {"type": "Feature", "geometry": {"type": "Point", "coordinates": [21.4660284, 45.2831202]}, "properties": {"type": "school", "name": "SCOALA PRIMARA CLOPODIA COM. JAMU MARE", "locality": "CLOPODIA", "uat": "JAMU MARE"}}, {"type": "Feature", "geometry": {"type": "Point", "coordinates": [21.4052661, 45.2545702]}, "properties": {"type": "school", "name": "GRADINITA CU PROGRAM NORMAL COM. JAMU MARE", "locality": "JAMU MARE", "uat": "JAMU MARE"}}, {"type": "Feature", "geometry": {"type": "Point", "coordinates": [21.0049729, 45.6520873]}, "properties": {"type": "school", "name": "GRADINITA CU PROGRAM NORMAL DINIAS COM.PECIU NOU", "locality": "DINIA\u015e", "uat": "PECIU NOU"}}, {"type": "Feature", "geometry": {"type": "Point", "coordinates": [21.0545064, 45.6029843]}, "properties": {"type": "school", "name": "GRADINITA CU PROGRAM PRELUNGIT COM.PECIU NOU", "locality": "PECIU NOU", "uat": "PECIU NOU"}}, {"type": "Feature", "geometry": {"type": "Point", "coordinates": [20.9554203, 45.6072048]}, "properties": {"type": "school", "name": "GRADINITA CU PROGRAM NORMAL SANMARTINUL SARBESC COM.PECIU NOU", "locality": "S\u00c2NMARTINU S\u00c2RBESC", "uat": "PECIU NOU"}}, {"type": "Feature", "geometry": {"type": "Point", "coordinates": [20.9981886, 45.4893945]}, "properties": {"type": "school", "name": "GRADINITA CU PROGRAM NORMAL CRAI NOU COM.GIULVAZ", "locality": "CRAI NOU", "uat": "GIULV\u0102Z"}}, {"type": "Feature", "geometry": {"type": "Point", "coordinates": [20.9986886, 45.4893945]}, "properties": {"type": "school", "name": "SCOALA GIMNAZIALA CRAI NOU COM. GIULVAZ", "locality": "CRAI NOU", "uat": "GIULV\u0102Z"}}, {"type": "Feature", "geometry": {"type": "Point", "coordinates": [20.9402836, 45.5646925]}, "properties": {"type": "school", "name": "GRADINITA CU PROGRAM NORMAL IVANDA COM. GIULVAZ", "locality": "IVANDA", "uat": "GIULV\u0102Z"}}, {"type": "Feature", "geometry": {"type": "Point", "coordinates": [20.9891751, 45.5465138]}, "properties": {"type": "school", "name": "GRADINITA CU PROGRAM NORMAL COM. GIULVAZ", "locality": "GIULV\u0102Z", "uat": "GIULV\u0102Z"}}, {"type": "Feature", "geometry": {"type": "Point", "coordinates": [22.4360987, 45.8425765]}, "properties": {"type": "school", "name": "SCOALA PRIMARA CRIVINA COM.PIETROASA", "locality": "CRIVINA DE SUS", "uat": "PIETROASA"}}, {"type": "Feature", "geometry": {"type": "Point", "coordinates": [22.4519916, 45.7984622]}, "properties": {"type": "school", "name": "GRADINITA CU PROGRAM NORMAL POIENI COM.PIETROASA", "locality": "POIENI", "uat": "PIETROASA"}}, {"type": "Feature", "geometry": {"type": "Point", "coordinates": [22.3848925, 45.7976569]}, "properties": {"type": "school", "name": "GRADINITA CU PROGRAM NORMAL FARASESTI COM.PIETROASA", "locality": "F\u0102R\u0102\u015eE\u015eTI", "uat": "PIETROASA"}}, {"type": "Feature", "geometry": {"type": "Point", "coordinates": [22.4365987, 45.8425765]}, "properties": {"type": "school", "name": "GRADINITA CU PROGRAM NORMAL CRIVINA COM.PIETROASA", "locality": "CRIVINA DE SUS", "uat": "PIETROASA"}}, {"type": "Feature", "geometry": {"type": "Point", "coordinates": [21.3556106, 45.6780888]}, "properties": {"type": "school", "name": "GR\u0102DINI\u021aA CU PROGRAM NORMAL ULIUC COM. SACOSU TURCESC", "locality": "ULIUC", "uat": "SACO\u015eU TURCESC"}}, {"type": "Feature", "geometry": {"type": "Point", "coordinates": [22.4524916, 45.7984622]}, "properties": {"type": "school", "name": "SCOALA PRIMARA POIENI COM.PIETROASA", "locality": "POIENI", "uat": "PIETROASA"}}, {"type": "Feature", "geometry": {"type": "Point", "coordinates": [22.3853925, 45.7976569]}, "properties": {"type": "school", "name": "SCOALA PRIMARA FARASESTI COM.PIETROASA", "locality": "F\u0102R\u0102\u015eE\u015eTI", "uat": "PIETROASA"}}, {"type": "Feature", "geometry": {"type": "Point", "coordinates": [21.3975322, 45.5067838]}, "properties": {"type": "school", "name": "SCOALA GIMNAZIALA SIPET COM.TORMAC", "locality": "\u015eIPET", "uat": "TORMAC"}}, {"type": "Feature", "geometry": {"type": "Point", "coordinates": [21.3980322, 45.5067838]}, "properties": {"type": "school", "name": "GRADINITA CU PROGRAM NORMAL SIPET COM.TORMAC", "locality": "\u015eIPET", "uat": "TORMAC"}}, {"type": "Feature", "geometry": {"type": "Point", "coordinates": [21.5510122, 45.6643537]}, "properties": {"type": "school", "name": "GRADINITA CU PROGRAM NORMAL BACOVA ORAS BUZIAS", "locality": "BACOVA", "uat": "ORA\u015e BUZIA\u015e"}}, {"type": "Feature", "geometry": {"type": "Point", "coordinates": [21.5515122, 45.6643537]}, "properties": {"type": "school", "name": "SCOALA GIMNAZIALA BACOVA ORAS BUZIAS", "locality": "BACOVA", "uat": "ORA\u015e BUZIA\u015e"}}, {"type": "Feature", "geometry": {"type": "Point", "coordinates": [21.6110335, 45.6081465]}, "properties": {"type": "school", "name": "GRADINITA CU PROGRAM NORMAL SILAGIU ORAS BUZIAS", "locality": "SILAGIU", "uat": "ORA\u015e BUZIA\u015e"}}, {"type": "Feature", "geometry": {"type": "Point", "coordinates": [21.3672763, 45.7222593]}, "properties": {"type": "school", "name": "SCOALA PRIMARA SILAGIU ORAS BUZIAS", "locality": "SILAGIU", "uat": "ORA\u015e BUZIA\u015e"}}, {"type": "Feature", "geometry": {"type": "Point", "coordinates": [21.2121793, 45.7498716]}, "properties": {"type": "school", "name": "GRADINITA CU PROGRAM SAPTAMANAL \"RUDOLF WALTHER\" MUN.TIMISOARA", "locality": "TIMI\u015eOARA", "uat": "MUNICIPIUL TIMI\u015eOARA"}}, {"type": "Feature", "geometry": {"type": "Point", "coordinates": [21.800849, 45.7150799]}, "properties": {"type": "school", "name": "GRADINITA CU PROGRAM NORMAL JABAR COM. BOLDUR", "locality": "JAB\u0102R", "uat": "BOLDUR"}}, {"type": "Feature", "geometry": {"type": "Point", "coordinates": [21.7214173, 45.6714278]}, "properties": {"type": "school", "name": "SCOALA PRIMARA SINERSIG COM.BOLDUR", "locality": "SINERSIG", "uat": "BOLDUR"}}, {"type": "Feature", "geometry": {"type": "Point", "coordinates": [21.7822876, 45.6929475]}, "properties": {"type": "school", "name": "GRADINITA CU PROGRAM NORMAL COM. BOLDUR", "locality": "BOLDUR", "uat": "BOLDUR"}}, {"type": "Feature", "geometry": {"type": "Point", "coordinates": [21.7402653, 45.7160121]}, "properties": {"type": "school", "name": "SCOALA PRIMARA OHABA FORGACI COM.BOLDUR", "locality": "OHABA-FORGACI", "uat": "BOLDUR"}}, {"type": "Feature", "geometry": {"type": "Point", "coordinates": [21.7407653, 45.7160121]}, "properties": {"type": "school", "name": "GRADINITA CU PROGRAM NORMAL OHABA-FORGACI COM. BOLDUR", "locality": "OHABA-FORGACI", "uat": "BOLDUR"}}, {"type": "Feature", "geometry": {"type": "Point", "coordinates": [21.801349, 45.7150799]}, "properties": {"type": "school", "name": "SCOALA PRIMARA JABAR COM.BOLDUR", "locality": "JAB\u0102R", "uat": "BOLDUR"}}, {"type": "Feature", "geometry": {"type": "Point", "coordinates": [21.7219173, 45.6714278]}, "properties": {"type": "school", "name": "GRADINITA CU PROGRAM NORMAL SINERSIG COM. BOLDUR", "locality": "SINERSIG", "uat": "BOLDUR"}}, {"type": "Feature", "geometry": {"type": "Point", "coordinates": [21.3765575, 45.3374014]}, "properties": {"type": "school", "name": "SCOALA PRIMARA BUTIN ORAS GATAIA", "locality": "BUTIN", "uat": "ORA\u015e G\u0102TAIA"}}, {"type": "Feature", "geometry": {"type": "Point", "coordinates": [21.4372306, 45.3611379]}, "properties": {"type": "school", "name": "SCOALA PRIMARA SEMLACU MARE ORAS GATAIA", "locality": "\u015eEMLACU MARE", "uat": "ORA\u015e G\u0102TAIA"}}, {"type": "Feature", "geometry": {"type": "Point", "coordinates": [21.3472249, 45.318582]}, "properties": {"type": "school", "name": "SCOALA PRIMARA PERCOSOVA ORAS GATAIA", "locality": "PERCOSOVA", "uat": "ORA\u015e G\u0102TAIA"}}, {"type": "Feature", "geometry": {"type": "Point", "coordinates": [21.2111793, 45.7493716]}, "properties": {"type": "school", "name": "GRADINITA CU PROGRAM PRELUNGIT NR.29 MUN.TIMISOARA", "locality": "TIMI\u015eOARA", "uat": "MUNICIPIUL TIMI\u015eOARA"}}, {"type": "Feature", "geometry": {"type": "Point", "coordinates": [21.2473592, 45.8013139]}, "properties": {"type": "school", "name": "GRADINITA CU PROGRAM PRELUNGIT COM.DUMBRAVITA", "locality": "DUMBR\u0102VI\u0162A", "uat": "DUMBR\u0102VI\u0162A"}}, {"type": "Feature", "geometry": {"type": "Point", "coordinates": [21.2363175, 45.469255]}, "properties": {"type": "school", "name": "GRADINITA CU PROGRAM NORMAL COM.VOITEG", "locality": "VOITEG", "uat": "VOITEG"}}, {"type": "Feature", "geometry": {"type": "Point", "coordinates": [21.3016103, 45.4960505]}, "properties": {"type": "school", "name": "GRADINITA CU PROGRAM NORMAL FOLEA COM.VOITEG", "locality": "FOLEA", "uat": "VOITEG"}}, {"type": "Feature", "geometry": {"type": "Point", "coordinates": [21.3011103, 45.4960505]}, "properties": {"type": "school", "name": "SCOALA PRIMARA FOLEA COM.VOITEG", "locality": "FOLEA", "uat": "VOITEG"}}, {"type": "Feature", "geometry": {"type": "Point", "coordinates": [21.0967891, 45.8374144]}, "properties": {"type": "school", "name": "GRADINITA CU PROGRAM PRELUNGIT COM.DUDESTII NOI", "locality": "DUDE\u015eTII NOI", "uat": "DUDE\u015eTII NOI"}}, {"type": "Feature", "geometry": {"type": "Point", "coordinates": [20.7420254, 46.0716040999999]}, "properties": {"type": "school", "name": "GRADINITA CU PROGRAM NORMAL COM.SARAVALE", "locality": "SARAVALE", "uat": "SARAVALE"}}, {"type": "Feature", "geometry": {"type": "Point", "coordinates": [21.0516677, 45.8361869]}, "properties": {"type": "school", "name": "GRADINITA CU PROGRAM PRELUNGIT COM.BECICHERECU MIC", "locality": "BECICHERECU MIC", "uat": "BECICHERECU MIC"}}, {"type": "Feature", "geometry": {"type": "Point", "coordinates": [21.4377306, 45.3611379]}, "properties": {"type": "school", "name": "GRADINITA CU PROGRAM NORMAL SEMLACU MARE ORAS GATAIA", "locality": "\u015eEMLACU MARE", "uat": "ORA\u015e G\u0102TAIA"}}, {"type": "Feature", "geometry": {"type": "Point", "coordinates": [21.3770575, 45.3374014]}, "properties": {"type": "school", "name": "GRADINITA CU PROGRAM NORMAL BUTIN ORAS GATAIA", "locality": "BUTIN", "uat": "ORA\u015e G\u0102TAIA"}}, {"type": "Feature", "geometry": {"type": "Point", "coordinates": [21.4324003, 45.4447033999999]}, "properties": {"type": "school", "name": "GRADINITA CU PROGRAM NORMAL SCULIA ORAS GATAIA", "locality": "SCULIA", "uat": "ORA\u015e G\u0102TAIA"}}, {"type": "Feature", "geometry": {"type": "Point", "coordinates": [21.3477249, 45.318582]}, "properties": {"type": "school", "name": "GRADINITA CU PROGRAM NORMAL PERCOSOVA ORAS GATAIA", "locality": "PERCOSOVA", "uat": "ORA\u015e G\u0102TAIA"}}, {"type": "Feature", "geometry": {"type": "Point", "coordinates": [21.2116793, 45.7473716]}, "properties": {"type": "school", "name": "SCOALA GIMNAZIALA NR.20 MUN.TIMISOARA", "locality": "TIMI\u015eOARA", "uat": "MUNICIPIUL TIMI\u015eOARA"}}, {"type": "Feature", "geometry": {"type": "Point", "coordinates": [21.2111793, 45.7503716]}, "properties": {"type": "school", "name": "GRADINITA CU PROGRAM PRELUNGIT NR.8 MUN.TIMISOARA", "locality": "TIMI\u015eOARA", "uat": "MUNICIPIUL TIMI\u015eOARA"}}, {"type": "Feature", "geometry": {"type": "Point", "coordinates": [21.1966165, 45.967036]}, "properties": {"type": "school", "name": "GRADINITA CU PROGRAM NORMAL COM.ORTISOARA", "locality": "OR\u0162I\u015eOARA", "uat": "OR\u0162I\u015eOARA"}}, {"type": "Feature", "geometry": {"type": "Point", "coordinates": [21.1471855, 45.9516382]}, "properties": {"type": "school", "name": "GRADINITA CU PROGRAM NORMAL CALACEA COM.ORTISOARA", "locality": "C\u0102LACEA", "uat": "OR\u0162I\u015eOARA"}}, {"type": "Feature", "geometry": {"type": "Point", "coordinates": [21.1476855, 45.9516382]}, "properties": {"type": "school", "name": "SCOALA PRIMARA CALACEA COM.ORTISOARA", "locality": "C\u0102LACEA", "uat": "OR\u0162I\u015eOARA"}}, {"type": "Feature", "geometry": {"type": "Point", "coordinates": [21.3133821, 45.9741987]}, "properties": {"type": "school", "name": "SCOALA PRIMARA SECEANI COM.ORTISOARA", "locality": "SECEANI", "uat": "OR\u0162I\u015eOARA"}}, {"type": "Feature", "geometry": {"type": "Point", "coordinates": [21.2228901, 45.9133615]}, "properties": {"type": "school", "name": "SCOALA PRIMARA CORNESTI COM.ORTISOARA", "locality": "CORNE\u015eTI", "uat": "OR\u0162I\u015eOARA"}}, {"type": "Feature", "geometry": {"type": "Point", "coordinates": [21.2233901, 45.9133615]}, "properties": {"type": "school", "name": "GRADINITA CU PROGRAM NORMAL CORNESTI COM.ORTISOARA", "locality": "CORNE\u015eTI", "uat": "OR\u0162I\u015eOARA"}}, {"type": "Feature", "geometry": {"type": "Point", "coordinates": [21.3128821, 45.9741987]}, "properties": {"type": "school", "name": "GRADINITA CU PROGRAM NORMAL SECEANI COM.ORTISOARA", "locality": "SECEANI", "uat": "OR\u0162I\u015eOARA"}}, {"type": "Feature", "geometry": {"type": "Point", "coordinates": [22.0969725, 45.9136354]}, "properties": {"type": "school", "name": "GRADINITA CU PROGRAM NORMAL BUNEA MARE ORAS FAGET", "locality": "BUNEA MARE", "uat": "ORA\u015e F\u0102GET"}}, {"type": "Feature", "geometry": {"type": "Point", "coordinates": [26.3217179, 44.4669758]}, "properties": {"type": "school", "name": "SCOALA GIMNAZIALA BRANESTI ORAS FAGET", "locality": "BR\u0102NE\u015eTI", "uat": "ORA\u015e F\u0102GET"}}, {"type": "Feature", "geometry": {"type": "Point", "coordinates": [22.2106974, 45.8737606]}, "properties": {"type": "school", "name": "SCOALA PRIMARA TEMERESTI ORAS FAGET", "locality": "TEMERE\u015eTI", "uat": "ORA\u015e F\u0102GET"}}, {"type": "Feature", "geometry": {"type": "Point", "coordinates": [22.0964725, 45.9136354]}, "properties": {"type": "school", "name": "SCOALA PRIMARA BUNEA MARE ORAS FAGET", "locality": "BUNEA MARE", "uat": "ORA\u015e F\u0102GET"}}, {"type": "Feature", "geometry": {"type": "Point", "coordinates": [22.1396811, 45.8575865]}, "properties": {"type": "school", "name": "SCOALA PRIMARA BICHIGI ORAS FAGET", "locality": "BICHIGI", "uat": "ORA\u015e F\u0102GET"}}, {"type": "Feature", "geometry": {"type": "Point", "coordinates": [22.2046293, 45.8462271]}, "properties": {"type": "school", "name": "SCOALA PRIMARA BATESTI ORAS FAGET", "locality": "B\u0102TE\u015eTI", "uat": "ORA\u015e F\u0102GET"}}, {"type": "Feature", "geometry": {"type": "Point", "coordinates": [22.187724, 45.8364901]}, "properties": {"type": "school", "name": "SCOALA PRIMARA COLONIA MICA ORAS FAGET", "locality": "COLONIA MIC\u0102", "uat": "ORA\u015e F\u0102GET"}}, {"type": "Feature", "geometry": {"type": "Point", "coordinates": [21.4920903, 45.522941]}, "properties": {"type": "school", "name": "GRADINITA CU PROGRAM PRELUNGIT COM.TORMAC", "locality": "TORMAC", "uat": "TORMAC"}}, {"type": "Feature", "geometry": {"type": "Point", "coordinates": [21.5334906, 45.53576]}, "properties": {"type": "school", "name": "GRADINITA CU PROGRAM NORMAL CADAR COM.TORMAC", "locality": "CADAR", "uat": "TORMAC"}}, {"type": "Feature", "geometry": {"type": "Point", "coordinates": [21.6132979, 45.6468701]}, "properties": {"type": "school", "name": "GRADINITA CU PROGRAM PRELUNGIT ORAS BUZIAS", "locality": "BUZIA\u015e", "uat": "ORA\u015e BUZIA\u015e"}}, {"type": "Feature", "geometry": {"type": "Point", "coordinates": [21.2680163, 45.2567643999999]}, "properties": {"type": "school", "name": "GRADINITA CU PROGRAM NORMAL COM. MORAVITA", "locality": "MORAVI\u0162A", "uat": "MORAVI\u0162A"}}, {"type": "Feature", "geometry": {"type": "Point", "coordinates": [22.30603, 45.829329]}, "properties": {"type": "school", "name": "GRADINITA CU PROGRAM NORMAL COM.CURTEA", "locality": "CURTEA", "uat": "CURTEA"}}, {"type": "Feature", "geometry": {"type": "Point", "coordinates": [22.3128799, 45.8526508]}, "properties": {"type": "school", "name": "SCOALA PRIMARA COSAVA COM.CURTEA", "locality": "CO\u015eAVA", "uat": "CURTEA"}}, {"type": "Feature", "geometry": {"type": "Point", "coordinates": [22.3133799, 45.8526508]}, "properties": {"type": "school", "name": "GRADINITA CU PROGRAM NORMAL COSAVA COM. CURTEA", "locality": "CO\u015eAVA", "uat": "CURTEA"}}, {"type": "Feature", "geometry": {"type": "Point", "coordinates": [21.2738442, 45.3501793999999]}, "properties": {"type": "school", "name": "GRADINITA CU PROGRAM NORMAL BRESTEA COM. DENTA", "locality": "BRE\u015eTEA", "uat": "DENTA"}}, {"type": "Feature", "geometry": {"type": "Point", "coordinates": [21.2457352, 45.3592340999999]}, "properties": {"type": "school", "name": "GRADINITA CU PROGRAM NORMAL COM.DENTA", "locality": "DENTA", "uat": "DENTA"}}, {"type": "Feature", "geometry": {"type": "Point", "coordinates": [21.2942877, 45.3757743]}, "properties": {"type": "school", "name": "GRADINITA CU PROGRAM NORMAL ROVINITA MARE COM. DENTA", "locality": "ROVINI\u0162A MARE", "uat": "DENTA"}}, {"type": "Feature", "geometry": {"type": "Point", "coordinates": [21.1754495, 45.6538966]}, "properties": {"type": "school", "name": "GR\u0102DINI\u021aA CU PROGRAM PRELUNGIT COM.SAG", "locality": "\u015eAG", "uat": "\u015eAG"}}, {"type": "Feature", "geometry": {"type": "Point", "coordinates": [20.8349512, 45.9965924]}, "properties": {"type": "school", "name": "GRADINITA CU PROGRAM NORMAL COM.PESAC", "locality": "PESAC", "uat": "PESAC"}}, {"type": "Feature", "geometry": {"type": "Point", "coordinates": [22.0242792, 45.6145674]}, "properties": {"type": "school", "name": "GRADINITA CU PROGRAM NORMAL COM.GAVOJDIA", "locality": "GAVOJDIA", "uat": "GAVOJDIA"}}, {"type": "Feature", "geometry": {"type": "Point", "coordinates": [21.9651304, 45.6612145]}, "properties": {"type": "school", "name": "GRADINITA CU PROGRAM NORMAL LUGOJEL COM.GAVOJDIA", "locality": "LUGOJEL", "uat": "GAVOJDIA"}}, {"type": "Feature", "geometry": {"type": "Point", "coordinates": [22.0715367, 45.5999428]}, "properties": {"type": "school", "name": "GRADINITA CU PROGRAM NORMAL JENA COM.GAVOJDIA", "locality": "JENA", "uat": "GAVOJDIA"}}, {"type": "Feature", "geometry": {"type": "Point", "coordinates": [22.0368147, 45.5685859]}, "properties": {"type": "school", "name": "GRADINITA CU PROGRAM NORMAL SALBAGEL COM.GAVOJDIA", "locality": "S\u0102LB\u0102GEL", "uat": "GAVOJDIA"}}, {"type": "Feature", "geometry": {"type": "Point", "coordinates": [22.0710367, 45.5999428]}, "properties": {"type": "school", "name": "SCOALA PRIMAA JENA COM.GAVOJDIA", "locality": "JENA", "uat": "GAVOJDIA"}}, {"type": "Feature", "geometry": {"type": "Point", "coordinates": [22.0363147, 45.5685859]}, "properties": {"type": "school", "name": "SCOALA PRIMARA SALBAGEL COM.GAVOJDIA", "locality": "S\u0102LB\u0102GEL", "uat": "GAVOJDIA"}}, {"type": "Feature", "geometry": {"type": "Point", "coordinates": [21.2046793, 45.7493716]}, "properties": {"type": "school", "name": "GRADINITA CU PROGRAM PRELUNGIT NR.28 MUN.TIMISOARA", "locality": "TIMI\u015eOARA", "uat": "MUNICIPIUL TIMI\u015eOARA"}}, {"type": "Feature", "geometry": {"type": "Point", "coordinates": [21.2116793, 45.7483716]}, "properties": {"type": "school", "name": "GRADINITA CU PROGRAM PRELUNGIT NR.30 TIMISOARA", "locality": "TIMI\u015eOARA", "uat": "MUNICIPIUL TIMI\u015eOARA"}}, {"type": "Feature", "geometry": {"type": "Point", "coordinates": [21.4560243, 45.9973418]}, "properties": {"type": "school", "name": "GRADINITA CU PROGRAM NORMAL COM. MASLOC", "locality": "MA\u015eLOC", "uat": "MA\u015eLOC"}}, {"type": "Feature", "geometry": {"type": "Point", "coordinates": [21.4912828, 46.0391264]}, "properties": {"type": "school", "name": "GRADINITA CU PROGRAM NORMAL ALIOS COM. MASLOC", "locality": "ALIO\u015e", "uat": "MA\u015eLOC"}}, {"type": "Feature", "geometry": {"type": "Point", "coordinates": [21.4797496, 45.9653745]}, "properties": {"type": "school", "name": "GRADINITA CU PROGRAM NORMAL REMETEA MICA COM.MASLOC", "locality": "REMETEA MIC\u0102", "uat": "MA\u015eLOC"}}, {"type": "Feature", "geometry": {"type": "Point", "coordinates": [20.9430934, 45.7367399]}, "properties": {"type": "school", "name": "GRADINITA CU PROGRAM NORMAL BOBDA COM.CENEI", "locality": "BOBDA", "uat": "CENEI"}}, {"type": "Feature", "geometry": {"type": "Point", "coordinates": [20.9001693, 45.7165143]}, "properties": {"type": "school", "name": "GRADINITA CU PROGRAM NORMAL COM.CENEI", "locality": "CENEI", "uat": "CENEI"}}, {"type": "Feature", "geometry": {"type": "Point", "coordinates": [20.9435934, 45.7367399]}, "properties": {"type": "school", "name": "SCOALA PRIMARA BOBDA COM.CENEI", "locality": "BOBDA", "uat": "CENEI"}}, {"type": "Feature", "geometry": {"type": "Point", "coordinates": [21.2585127, 45.8444538]}, "properties": {"type": "school", "name": "GRADINITA CU PROGRAM NORMAL CERNATEAZ COM.GIARMATA", "locality": "CERNETEAZ", "uat": "GIARMATA"}}, {"type": "Feature", "geometry": {"type": "Point", "coordinates": [21.3129513, 45.8401559]}, "properties": {"type": "school", "name": "GRADINITA CU PROGRAM PRELUNGIT COM.GIARMATA", "locality": "GIARMATA", "uat": "GIARMATA"}}, {"type": "Feature", "geometry": {"type": "Point", "coordinates": [21.2580127, 45.8444538]}, "properties": {"type": "school", "name": "SCOALA PRIMARA CERNETEAZ COM.GIARMATA", "locality": "CERNETEAZ", "uat": "GIARMATA"}}, {"type": "Feature", "geometry": {"type": "Point", "coordinates": [21.3147667, 45.3986256]}, "properties": {"type": "school", "name": "SCOALA PRIMARA SANGEORGE COM.BIRDA", "locality": "S\u00c2NGEORGE", "uat": "BIRDA"}}, {"type": "Feature", "geometry": {"type": "Point", "coordinates": [21.3472664, 45.4126678]}, "properties": {"type": "school", "name": "GRADINITA CU PROGRAM NORMAL BERECUTA COM.BIRDA", "locality": "BERECU\u0162A", "uat": "BIRDA"}}, {"type": "Feature", "geometry": {"type": "Point", "coordinates": [21.3152667, 45.3986256]}, "properties": {"type": "school", "name": "GRADINITA CU PROGRAM NORMAL SANGEORGE COM.BIRDA", "locality": "S\u00c2NGEORGE", "uat": "BIRDA"}}, {"type": "Feature", "geometry": {"type": "Point", "coordinates": [21.3467664, 45.4126678]}, "properties": {"type": "school", "name": "SCOALA PRIMARA BERECUTA COM.BIRDA", "locality": "BERECU\u0162A", "uat": "BIRDA"}}, {"type": "Feature", "geometry": {"type": "Point", "coordinates": [21.334328, 45.407816]}, "properties": {"type": "school", "name": "SCOALA PRIMARA MANASTIRE COM.BIRDA", "locality": "M\u00c2N\u0102STIRE", "uat": "BIRDA"}}, {"type": "Feature", "geometry": {"type": "Point", "coordinates": [21.3391026, 45.428507]}, "properties": {"type": "school", "name": "GRADINITA CU PROGRAM NORMAL COM.BIRDA", "locality": "BIRDA", "uat": "BIRDA"}}, {"type": "Feature", "geometry": {"type": "Point", "coordinates": [20.4752164, 46.0445747]}, "properties": {"type": "school", "name": "GRADINITA CU PROGRAM PRELUNGIT COM.DUDESTII VECHI", "locality": "DUDE\u015eTII VECHI", "uat": "DUDE\u015eTII VECHI"}}, {"type": "Feature", "geometry": {"type": "Point", "coordinates": [20.4398992, 46.1156917]}, "properties": {"type": "school", "name": "SCOALA PRIMARA CHEGLEVICI COM.DUDESTII VECHI", "locality": "CHEGLEVICI", "uat": "DUDE\u015eTII VECHI"}}, {"type": "Feature", "geometry": {"type": "Point", "coordinates": [20.4403992, 46.1156917]}, "properties": {"type": "school", "name": "GRADINITA CU PROGRAM NORMAL CHEGLEVICI COM.DUDESTII VECHI", "locality": "CHEGLEVICI", "uat": "DUDE\u015eTII VECHI"}}, {"type": "Feature", "geometry": {"type": "Point", "coordinates": [21.2081793, 45.7478716]}, "properties": {"type": "school", "name": "GRADINITA CU PROGRAM PRELUNGIT NR.37 MUN.TIMISOARA", "locality": "TIMI\u015eOARA", "uat": "MUNICIPIUL TIMI\u015eOARA"}}, {"type": "Feature", "geometry": {"type": "Point", "coordinates": [21.2101793, 45.7488716]}, "properties": {"type": "school", "name": "GRADINITA CU PROGRAM NORMAL NR.16 MUN.TIMISOARA", "locality": "TIMI\u015eOARA", "uat": "MUNICIPIUL TIMI\u015eOARA"}}, {"type": "Feature", "geometry": {"type": "Point", "coordinates": [21.9817335, 45.9075471]}, "properties": {"type": "school", "name": "GRADINITA CU PROGRAM NORMAL COM.OHABA LUNGA", "locality": "OHABA LUNG\u0102", "uat": "OHABA LUNG\u0102"}}, {"type": "Feature", "geometry": {"type": "Point", "coordinates": [22.0256197, 45.9269407]}, "properties": {"type": "school", "name": "GRADINITA CU PROGRAM NORMAL DUBESTI COM.OHABA LUNGA", "locality": "DUBE\u015eTI", "uat": "OHABA LUNG\u0102"}}, {"type": "Feature", "geometry": {"type": "Point", "coordinates": [21.2489053, 45.2813183]}, "properties": {"type": "school", "name": "SCOALA PRIMARA STAMORA GERMANA COM. MORAVITA", "locality": "STAMORA GERMAN\u0102", "uat": "MORAVI\u0162A"}}, {"type": "Feature", "geometry": {"type": "Point", "coordinates": [21.2494053, 45.2813183]}, "properties": {"type": "school", "name": "GRADINITA CU PROGRAM NORMAL STAMORA GERMANA COM. MORAVITA", "locality": "STAMORA GERMAN\u0102", "uat": "MORAVI\u0162A"}}, {"type": "Feature", "geometry": {"type": "Point", "coordinates": [21.7288063, 45.7965872]}, "properties": {"type": "school", "name": "GRADINITA CU PROGRAM NORMAL SANOVITA COM.GHIZELA", "locality": "\u015eANOVI\u0162A", "uat": "GHIZELA"}}, {"type": "Feature", "geometry": {"type": "Point", "coordinates": [21.7283063, 45.7965872]}, "properties": {"type": "school", "name": "SCOALA PRIMARA SANOVITA COM.GHIZELA", "locality": "\u015eANOVI\u0162A", "uat": "GHIZELA"}}, {"type": "Feature", "geometry": {"type": "Point", "coordinates": [21.7456204, 45.8229585]}, "properties": {"type": "school", "name": "GRADINITA CU PROGRAM NORMAL COM.GHIZELA", "locality": "GHIZELA", "uat": "GHIZELA"}}, {"type": "Feature", "geometry": {"type": "Point", "coordinates": [21.1249849, 45.3337332]}, "properties": {"type": "school", "name": "GRADINITA CU PROGRAM NORMAL PARTOS COM. BANLOC", "locality": "PARTO\u015e", "uat": "BANLOC"}}, {"type": "Feature", "geometry": {"type": "Point", "coordinates": [21.1610468, 45.3709425]}, "properties": {"type": "school", "name": "GRADINITA CU PROGRAM NORMAL SOCA COM. BANLOC", "locality": "SOCA", "uat": "BANLOC"}}, {"type": "Feature", "geometry": {"type": "Point", "coordinates": [21.1392785, 45.3898896]}, "properties": {"type": "school", "name": "GRADINITA CU PROGRAM NORMAL COM.BANLOC", "locality": "BANLOC", "uat": "BANLOC"}}, {"type": "Feature", "geometry": {"type": "Point", "coordinates": [21.1455429, 45.414479]}, "properties": {"type": "school", "name": "GRADINITA CU PROGRAM NORMAL OFSENITA COM. BANLOC", "locality": "OFSENI\u0162A", "uat": "BANLOC"}}, {"type": "Feature", "geometry": {"type": "Point", "coordinates": [21.3156457, 45.7206388]}, "properties": {"type": "school", "name": "GRADINITA CU PROGRAM PRELUNGIT COM.MOSNITA NOUA", "locality": "MO\u015eNI\u0162A NOU\u0102", "uat": "MO\u015eNI\u0162A NOU\u0102"}}, {"type": "Feature", "geometry": {"type": "Point", "coordinates": [21.3247136, 45.7335323]}, "properties": {"type": "school", "name": "GRADINITA CU PROGRAM PRELUNGIT MOSNITA VECHE COM.MOSNITA NOUA", "locality": "MO\u015eNI\u0162A VECHE", "uat": "MO\u015eNI\u0162A NOU\u0102"}}, {"type": "Feature", "geometry": {"type": "Point", "coordinates": [21.3741548, 45.7129241]}, "properties": {"type": "school", "name": "GRADINITA CU PROGRAM NORMAL ALBINA COM.MOSNITA NOUA", "locality": "ALBINA", "uat": "MO\u015eNI\u0162A NOU\u0102"}}, {"type": "Feature", "geometry": {"type": "Point", "coordinates": [21.3252136, 45.7335323]}, "properties": {"type": "school", "name": "SCOALA PRIMARA MOSNITA VECHE COM.MOSNITA NOUA", "locality": "MO\u015eNI\u0162A VECHE", "uat": "MO\u015eNI\u0162A NOU\u0102"}}, {"type": "Feature", "geometry": {"type": "Point", "coordinates": [21.3070584, 45.693752]}, "properties": {"type": "school", "name": "GRADINITA CU PROGRAM PRELUNGIT URSENI COM. MOSNITA NOUA", "locality": "URSENI", "uat": "MO\u015eNI\u0162A NOU\u0102"}}, {"type": "Feature", "geometry": {"type": "Point", "coordinates": [21.2994199, 45.7982588]}, "properties": {"type": "school", "name": "GRADINITA CU PROGRAM PRELUNGIT GIARMATA VII COM.GHIRODA", "locality": "GIARMATA-VII", "uat": "GHIRODA"}}, {"type": "Feature", "geometry": {"type": "Point", "coordinates": [21.2999199, 45.7982588]}, "properties": {"type": "school", "name": "SCOALA PRIMARA GIARMATA VII COM. GHIRODA", "locality": "GIARMATA-VII", "uat": "GHIRODA"}}, {"type": "Feature", "geometry": {"type": "Point", "coordinates": [21.3010287, 45.7680752]}, "properties": {"type": "school", "name": "GRADINITA CU PROGRAM PRELUNGIT COM. GHIRODA", "locality": "GHIRODA", "uat": "GHIRODA"}}, {"type": "Feature", "geometry": {"type": "Point", "coordinates": [21.26999, 45.4149223]}, "properties": {"type": "school", "name": "GRADINITA CU PROGRAM NORMAL OPATITA ORAS DETA", "locality": "OPATI\u0162A", "uat": "ORA\u015e DETA"}}, {"type": "Feature", "geometry": {"type": "Point", "coordinates": [21.2255847, 45.3977401]}, "properties": {"type": "school", "name": "GRADINITA CU PROGRAM NORMAL ORAS DETA", "locality": "DETA", "uat": "ORA\u015e DETA"}}, {"type": "Feature", "geometry": {"type": "Point", "coordinates": [21.2096793, 45.7483716]}, "properties": {"type": "school", "name": "GRADINITA CU PROGRAM PRELUNGIT C.F.R. MUN.TIMISOARA", "locality": "TIMI\u015eOARA", "uat": "MUNICIPIUL TIMI\u015eOARA"}}, {"type": "Feature", "geometry": {"type": "Point", "coordinates": [21.5349019, 45.578502]}, "properties": {"type": "school", "name": "GRADINITA CU PROGRAM NORMAL COM. NITCHIDORF", "locality": "NI\u0162CHIDORF", "uat": "NI\u0162CHIDORF"}}, {"type": "Feature", "geometry": {"type": "Point", "coordinates": [21.2056793, 45.7488716]}, "properties": {"type": "school", "name": "GRADINITA CU PROGRAM NORMAL NR.27 MUN.TIMISOARA", "locality": "TIMI\u015eOARA", "uat": "MUNICIPIUL TIMI\u015eOARA"}}, {"type": "Feature", "geometry": {"type": "Point", "coordinates": [21.23487, 45.78008]}, "properties": {"type": "school", "name": "GRADINITA CU PROGRAM NORMAL NR.4 MUN.TIMISOARA", "locality": "TIMI\u015eOARA", "uat": "MUNICIPIUL TIMI\u015eOARA"}}, {"type": "Feature", "geometry": {"type": "Point", "coordinates": [21.9069608, 45.6909898]}, "properties": {"type": "school", "name": "SCOALA GIMNAZIALA NR.1 MUN.LUGOJ", "locality": "LUGOJ", "uat": "MUNICIPIUL LUGOJ"}}, {"type": "Feature", "geometry": {"type": "Point", "coordinates": [21.9500743, 45.5440325]}, "properties": {"type": "school", "name": "GRADINITA CU PROGRAM NORMAL DRAGOMIRESTI COM.STIUCA", "locality": "DRAGOMIRE\u015eTI", "uat": "\u015eTIUCA"}}, {"type": "Feature", "geometry": {"type": "Point", "coordinates": [22.0208375, 45.5298510999999]}, "properties": {"type": "school", "name": "GRADINITA CU PROGRAM NORMAL ZGRIBESTI COM.STIUCA", "locality": "ZGRIBE\u015eTI", "uat": "\u015eTIUCA"}}, {"type": "Feature", "geometry": {"type": "Point", "coordinates": [21.982333, 45.566667]}, "properties": {"type": "school", "name": "GRADINITA CU PROGRAM NORMAL COM.STIUCA", "locality": "\u015eTIUCA", "uat": "\u015eTIUCA"}}, {"type": "Feature", "geometry": {"type": "Point", "coordinates": [21.9598152, 45.6015704]}, "properties": {"type": "school", "name": "GRADINITA CU PROGRAM NORMAL OLOSAG COM.STIUCA", "locality": "OLO\u015eAG", "uat": "\u015eTIUCA"}}, {"type": "Feature", "geometry": {"type": "Point", "coordinates": [21.9495743, 45.5440325]}, "properties": {"type": "school", "name": "SCOALA PRIMARA DRAGOMIRESTI COM.STIUCA", "locality": "DRAGOMIRE\u015eTI", "uat": "\u015eTIUCA"}}, {"type": "Feature", "geometry": {"type": "Point", "coordinates": [21.0283482, 45.7117394]}, "properties": {"type": "school", "name": "SCOALA PRIMARA SANMIHAIU GERMAN COM.SANMIHAIU ROMAN", "locality": "S\u00c2NMIHAIU GERMAN", "uat": "S\u00c2NMIHAIU ROM\u00c2N"}}, {"type": "Feature", "geometry": {"type": "Point", "coordinates": [21.1246989, 45.7129607]}, "properties": {"type": "school", "name": "SCOALA GIMNAZIALA UTVIN COM.SANMIHAIU ROMAN", "locality": "UTVIN", "uat": "S\u00c2NMIHAIU ROM\u00c2N"}}, {"type": "Feature", "geometry": {"type": "Point", "coordinates": [21.1251989, 45.7129607]}, "properties": {"type": "school", "name": "GRADINITA CU PROGRAM NORMAL UTVIN COM.SANMIHAIU ROMAN", "locality": "UTVIN", "uat": "S\u00c2NMIHAIU ROM\u00c2N"}}, {"type": "Feature", "geometry": {"type": "Point", "coordinates": [21.0901643, 45.7049789999999]}, "properties": {"type": "school", "name": "GRADINITA CU PROGRAM NORMAL COM.SANMIHAIU ROMAN", "locality": "S\u00c2NMIHAIU ROM\u00c2N", "uat": "S\u00c2NMIHAIU ROM\u00c2N"}}, {"type": "Feature", "geometry": {"type": "Point", "coordinates": [21.0288482, 45.7117394]}, "properties": {"type": "school", "name": "GRADINITA CU PROGRAM NORMAL SANMIHAIU GERMAN COM.SANMIHAIU ROMAN", "locality": "S\u00c2NMIHAIU GERMAN", "uat": "S\u00c2NMIHAIU ROM\u00c2N"}}, {"type": "Feature", "geometry": {"type": "Point", "coordinates": [21.5584609, 45.6988892]}, "properties": {"type": "school", "name": "GRADINITA CU PROGRAM NORMAL SARBOVA COM.RACOVITA", "locality": "S\u00c2RBOVA", "uat": "RACOVI\u0162A"}}, {"type": "Feature", "geometry": {"type": "Point", "coordinates": [21.6925309, 45.7143558]}, "properties": {"type": "school", "name": "SCOALA PRIMARA FICATARI COM.RACOVITA", "locality": "FIC\u0102TAR", "uat": "RACOVI\u0162A"}}, {"type": "Feature", "geometry": {"type": "Point", "coordinates": [21.6632937, 45.6856620999999]}, "properties": {"type": "school", "name": "GRADINITA CU PROGRAM NORMAL CAPAT COM.RACOVITA", "locality": "C\u0102P\u0102T", "uat": "RACOVI\u0162A"}}, {"type": "Feature", "geometry": {"type": "Point", "coordinates": [21.666167, 45.7]}, "properties": {"type": "school", "name": "GRADINITA CU PROGRAM NORMAL DRAGOESTI COM.RACOVITA", "locality": "DR\u0102GOIE\u015eTI", "uat": "RACOVI\u0162A"}}, {"type": "Feature", "geometry": {"type": "Point", "coordinates": [21.6930309, 45.7143558]}, "properties": {"type": "school", "name": "GRADINITA CU PROGRAM NORMAL FICATARI COM.RACOVITA", "locality": "FIC\u0102TAR", "uat": "RACOVI\u0162A"}}, {"type": "Feature", "geometry": {"type": "Point", "coordinates": [21.5946894, 45.7102127]}, "properties": {"type": "school", "name": "GRADINITA CU PROGRAM NORMAL HITIAS COM.RACOVITA", "locality": "HITIA\u015e", "uat": "RACOVI\u0162A"}}, {"type": "Feature", "geometry": {"type": "Point", "coordinates": [21.665667, 45.7]}, "properties": {"type": "school", "name": "SCOALA PRIMARA DRAGOIESTI COM.RACOVITA", "locality": "DR\u0102GOIE\u015eTI", "uat": "RACOVI\u0162A"}}, {"type": "Feature", "geometry": {"type": "Point", "coordinates": [21.6405251, 45.7013313]}, "properties": {"type": "school", "name": "GRADINITA CU PROGRAM NORMAL COM.RACOVITA", "locality": "RACOVI\u0162A", "uat": "RACOVI\u0162A"}}, {"type": "Feature", "geometry": {"type": "Point", "coordinates": [21.5951894, 45.7102127]}, "properties": {"type": "school", "name": "SCOALA GIMNAZIALA HITIAS COM.RACOVITA", "locality": "HITIA\u015e", "uat": "RACOVI\u0162A"}}, {"type": "Feature", "geometry": {"type": "Point", "coordinates": [21.4039861, 45.5635916]}, "properties": {"type": "school", "name": "GRADINITA CU PROGRAM NORMAL CERNA COM.LIEBLING", "locality": "CERNA", "uat": "LIEBLING"}}, {"type": "Feature", "geometry": {"type": "Point", "coordinates": [21.2773, 45.5693999999999]}, "properties": {"type": "school", "name": "SCOALA PRIMARA IOSIF COM.LIEBLING", "locality": "IOSIF", "uat": "LIEBLING"}}, {"type": "Feature", "geometry": {"type": "Point", "coordinates": [21.4034861, 45.5635916]}, "properties": {"type": "school", "name": "SCOALA PRIMARA CERNA COM.LIEBLING", "locality": "CERNA", "uat": "LIEBLING"}}, {"type": "Feature", "geometry": {"type": "Point", "coordinates": [20.6657245, 45.8501309]}, "properties": {"type": "school", "name": "GRADINITA CU PROGRAM NORMAL COMLOSU MIC COM. COMLOSU MARE", "locality": "COMLO\u015eU MIC", "uat": "COMLO\u015eU MARE"}}, {"type": "Feature", "geometry": {"type": "Point", "coordinates": [20.5960026, 45.8849184]}, "properties": {"type": "school", "name": "SCOALA PRIMARA LUNGA COM.COMLOSU MARE", "locality": "LUNGA", "uat": "COMLO\u015eU MARE"}}, {"type": "Feature", "geometry": {"type": "Point", "coordinates": [20.6245906, 45.8925508]}, "properties": {"type": "school", "name": "GRADINITA CU PROGRAM NORMAL COM.COMLOSU MARE", "locality": "COMLO\u015eU MARE", "uat": "COMLO\u015eU MARE"}}, {"type": "Feature", "geometry": {"type": "Point", "coordinates": [20.5955026, 45.8849184]}, "properties": {"type": "school", "name": "GRADINITA CU PROGRAM NORMAL LUNGA COM. COMLOSU MARE", "locality": "LUNGA", "uat": "COMLO\u015eU MARE"}}, {"type": "Feature", "geometry": {"type": "Point", "coordinates": [20.6652245, 45.8501309]}, "properties": {"type": "school", "name": "SCOALA PRIMARA COMLOSU MIC COM.COMLOSU MARE", "locality": "COMLO\u015eU MIC", "uat": "COMLO\u015eU MARE"}}, {"type": "Feature", "geometry": {"type": "Point", "coordinates": [20.8933262, 45.8514579]}, "properties": {"type": "school", "name": "GRADINITA CU PROGRAM NORMAL COM. IECEA MARE", "locality": "IECEA MARE", "uat": "IECEA MARE"}}, {"type": "Feature", "geometry": {"type": "Point", "coordinates": [22.1181928, 45.6511174]}, "properties": {"type": "school", "name": "SCOALA PRIMARA CRIVINA COM.NADRAG", "locality": "CRIVINA", "uat": "N\u0102DRAG"}}, {"type": "Feature", "geometry": {"type": "Point", "coordinates": [22.1807494, 45.6527576]}, "properties": {"type": "school", "name": "GRADINITA CU PROGRAM NORMAL COM.NADRAG", "locality": "N\u0102DRAG", "uat": "N\u0102DRAG"}}, {"type": "Feature", "geometry": {"type": "Point", "coordinates": [21.8111318, 45.5471007]}, "properties": {"type": "school", "name": "SCOALA PRIMARA VISAG COM.VICTOR VLAD DELAMARINA", "locality": "VI\u015eAG", "uat": "VICTOR VLAD DELAMARINA"}}, {"type": "Feature", "geometry": {"type": "Point", "coordinates": [21.8116318, 45.5471007]}, "properties": {"type": "school", "name": "GRADINITA CU PROGRAM NORMAL VISAG COM. VICTOR VLAD DELAMARINA", "locality": "VI\u015eAG", "uat": "VICTOR VLAD DELAMARINA"}}, {"type": "Feature", "geometry": {"type": "Point", "coordinates": [21.8974725, 45.640747]}, "properties": {"type": "school", "name": "GRADINITA CU PROGRAM NORMAL COM. VICTOR VLAD DELAMARINA", "locality": "VICTOR VLAD DELAMARINA", "uat": "VICTOR VLAD DELAMARINA"}}, {"type": "Feature", "geometry": {"type": "Point", "coordinates": [21.8449189, 45.6170324]}, "properties": {"type": "school", "name": "SCOALA GIMNAZIALA PETROASA MARE COM.VICTOR VLAD DELAMARINA", "locality": "PETROASA MARE", "uat": "VICTOR VLAD DELAMARINA"}}, {"type": "Feature", "geometry": {"type": "Point", "coordinates": [21.9083652, 45.6167801]}, "properties": {"type": "school", "name": "GRADINITA CU PROGRAM NORMAL HONORICI COM. VICTOR VLAD DELAMARINA", "locality": "HONORICI", "uat": "VICTOR VLAD DELAMARINA"}}, {"type": "Feature", "geometry": {"type": "Point", "coordinates": [21.8454189, 45.6170324]}, "properties": {"type": "school", "name": "GRADINITA CU PROGRAM NORMAL PETROASA MARE COM. VICTOR VLAD DELAMARINA", "locality": "PETROASA MARE", "uat": "VICTOR VLAD DELAMARINA"}}, {"type": "Feature", "geometry": {"type": "Point", "coordinates": [21.9078652, 45.6167801]}, "properties": {"type": "school", "name": "SCOALA PRIMARA HONORICI COM.VICTOR VLAD DELAMARINA", "locality": "HONORICI", "uat": "VICTOR VLAD DELAMARINA"}}, {"type": "Feature", "geometry": {"type": "Point", "coordinates": [21.1589785, 45.9095952]}, "properties": {"type": "school", "name": "SCOALA GIMNAZIALA CARANI COM.SANANDREI", "locality": "CARANI", "uat": "S\u00c2NANDREI"}}, {"type": "Feature", "geometry": {"type": "Point", "coordinates": [21.1594785, 45.9095952]}, "properties": {"type": "school", "name": "GRADINITA CU PROGRAM NORMAL CARANI COM.SANANDREI", "locality": "CARANI", "uat": "S\u00c2NANDREI"}}, {"type": "Feature", "geometry": {"type": "Point", "coordinates": [21.2312352, 45.8324821]}, "properties": {"type": "school", "name": "GRADINITA CU PROGRAM NORMAL COVACI COM.SANANDREI", "locality": "COVACI", "uat": "S\u00c2NANDREI"}}, {"type": "Feature", "geometry": {"type": "Point", "coordinates": [21.2407089, 45.8065759]}, "properties": {"type": "school", "name": "SCOALA PRIMARA COVACI COM.SANANDREI", "locality": "COVACI", "uat": "S\u00c2NANDREI"}}, {"type": "Feature", "geometry": {"type": "Point", "coordinates": [21.1681272, 45.8533993]}, "properties": {"type": "school", "name": "GRADINITA CU PROGRAM PRELUNGIT COM.SANANDREI", "locality": "S\u00c2NANDREI", "uat": "S\u00c2NANDREI"}}, {"type": "Feature", "geometry": {"type": "Point", "coordinates": [20.700227, 45.799815]}, "properties": {"type": "school", "name": "GRADINITA CU PROGRAM NORMAL NR.3 ORAS JIMBOLIA", "locality": "JIMBOLIA", "uat": "ORA\u015e JIMBOLIA"}}, {"type": "Feature", "geometry": {"type": "Point", "coordinates": [21.2131793, 45.7493716]}, "properties": {"type": "school", "name": "GRADINITA CU PROGRAM PRELUNGIT NR.3 MUN. TIMISOARA", "locality": "TIMI\u015eOARA", "uat": "MUNICIPIUL TIMI\u015eOARA"}}, {"type": "Feature", "geometry": {"type": "Point", "coordinates": [20.8533473, 45.6329554]}, "properties": {"type": "school", "name": "GRADINITA CU PROGRAM NORMAL PUSTINIS COM.UIVAR", "locality": "PUSTINI\u015e", "uat": "UIVAR"}}, {"type": "Feature", "geometry": {"type": "Point", "coordinates": [20.9277768, 45.673047]}, "properties": {"type": "school", "name": "GRADINITA CU PROGRAM NORMAL RAUTI COM.UIVAR", "locality": "R\u0102U\u0162I", "uat": "UIVAR"}}, {"type": "Feature", "geometry": {"type": "Point", "coordinates": [20.8528473, 45.6329554]}, "properties": {"type": "school", "name": "SCOALA PRIMARA PUSTINIS COM.UIVAR", "locality": "PUSTINI\u015e", "uat": "UIVAR"}}, {"type": "Feature", "geometry": {"type": "Point", "coordinates": [20.9056589, 45.6352185]}, "properties": {"type": "school", "name": "GRADINITA CU PROGRAM NORMAL SANMARTINUL MAGHIAR COM.UIVAR", "locality": "S\u00c2NMARTINU MAGHIAR", "uat": "UIVAR"}}, {"type": "Feature", "geometry": {"type": "Point", "coordinates": [20.903222, 45.6617859]}, "properties": {"type": "school", "name": "GRADINITA CU PROGRAM NORMAL COM.UIVAR", "locality": "UIVAR", "uat": "UIVAR"}}, {"type": "Feature", "geometry": {"type": "Point", "coordinates": [20.9272768, 45.673047]}, "properties": {"type": "school", "name": "SCOALA PRIMARA RAUTI COM.UIVAR", "locality": "R\u0102U\u0162I", "uat": "UIVAR"}}, {"type": "Feature", "geometry": {"type": "Point", "coordinates": [21.9961604, 45.662812]}, "properties": {"type": "school", "name": "GRADINITA CU PROGRAM NORMAL NR.9 MAGURI MUN.LUGOJ", "locality": "M\u0102GURI", "uat": "MUNICIPIUL LUGOJ"}}, {"type": "Feature", "geometry": {"type": "Point", "coordinates": [21.904647, 45.68845]}, "properties": {"type": "school", "name": "GRADINITA CU PROGRAM NORMAL NR.2 MUN.LUGOJ", "locality": "LUGOJ", "uat": "MUNICIPIUL LUGOJ"}}, {"type": "Feature", "geometry": {"type": "Point", "coordinates": [21.915592, 45.6910339999999]}, "properties": {"type": "school", "name": "GRADINITA CU PROGRAM PRELUNGIT NR.3 MUN.LUGOJ", "locality": "LUGOJ", "uat": "MUNICIPIUL LUGOJ"}}, {"type": "Feature", "geometry": {"type": "Point", "coordinates": [21.920629, 45.689449]}, "properties": {"type": "school", "name": "GRADINITA CU PROGRAM NORMAL NR.11 MUN.LUGOJ", "locality": "LUGOJ", "uat": "MUNICIPIUL LUGOJ"}}, {"type": "Feature", "geometry": {"type": "Point", "coordinates": [21.845051, 45.7447011999999]}, "properties": {"type": "school", "name": "GRADINITA CU PROGRAM NORMAL COM.COSTEIU", "locality": "CO\u015eTEIU", "uat": "CO\u015eTEIU"}}, {"type": "Feature", "geometry": {"type": "Point", "coordinates": [21.8466382, 45.77563]}, "properties": {"type": "school", "name": "GRADINITA CU PROGRAM NORMAL PARU COM.COSTEIU", "locality": "P\u0102RU", "uat": "CO\u015eTEIU"}}, {"type": "Feature", "geometry": {"type": "Point", "coordinates": [20.621954, 46.0593374]}, "properties": {"type": "school", "name": "GRADINITA CU PROGRAM NORMAL NR.2 ORAS SANNICOLAU MARE", "locality": "S\u00c2NNICOLAU MARE", "uat": "ORA\u015e S\u00c2NNICOLAU MARE"}}, {"type": "Feature", "geometry": {"type": "Point", "coordinates": [20.8769408, 45.4746597]}, "properties": {"type": "school", "name": "GRADINITA CU PROGRAM NORMAL CRUCENI COM. FOENI", "locality": "CRUCENI", "uat": "FOENI"}}, {"type": "Feature", "geometry": {"type": "Point", "coordinates": [20.8732781, 45.4997565]}, "properties": {"type": "school", "name": "GRADINITA CU PROGRAM NORMAL COM.FOENI", "locality": "FOENI", "uat": "FOENI"}}, {"type": "Feature", "geometry": {"type": "Point", "coordinates": [21.6230283, 45.7740465]}, "properties": {"type": "school", "name": "GRADINITA CU PROGRAM NORMAL COM.TOPOLOVATU MARE", "locality": "TOPOLOV\u0102\u0162U MARE", "uat": "TOPOLOV\u0102\u0162U MARE"}}, {"type": "Feature", "geometry": {"type": "Point", "coordinates": [21.6738089, 45.7701775]}, "properties": {"type": "school", "name": "SCOALA PRIMARA BUDINT COM.TOPOLOVATU MARE", "locality": "ICTAR-BUDIN\u0162I", "uat": "TOPOLOV\u0102\u0162U MARE"}}, {"type": "Feature", "geometry": {"type": "Point", "coordinates": [21.2778, 45.5693999999999]}, "properties": {"type": "school", "name": "GRADINITA CU PROGRAM NORMAL IOSIF COM.LIEBLING", "locality": "IOSIF", "uat": "LIEBLING"}}, {"type": "Feature", "geometry": {"type": "Point", "coordinates": [21.3166601, 45.5818018]}, "properties": {"type": "school", "name": "GRADINITA CU PROGRAM NORMAL COM.LIEBLING", "locality": "LIEBLING", "uat": "LIEBLING"}}, {"type": "Feature", "geometry": {"type": "Point", "coordinates": [21.6764151, 45.7821726]}, "properties": {"type": "school", "name": "GRADINITA CU PROGRAM NORMAL IOSIFALAU COM.TOPOLOVATU MARE", "locality": "IOSIFAL\u0102U", "uat": "TOPOLOV\u0102\u0162U MARE"}}, {"type": "Feature", "geometry": {"type": "Point", "coordinates": [21.6759151, 45.7821726]}, "properties": {"type": "school", "name": "SCOALA PRIMARA IOSIFALAU COM.TOPOLOVATU MARE", "locality": "IOSIFAL\u0102U", "uat": "TOPOLOV\u0102\u0162U MARE"}}, {"type": "Feature", "geometry": {"type": "Point", "coordinates": [21.6743089, 45.7701775]}, "properties": {"type": "school", "name": "GRADINITA CU PROGRAM NORMAL BUDINT COM.TOPOLOVATU MARE", "locality": "ICTAR-BUDIN\u0162I", "uat": "TOPOLOV\u0102\u0162U MARE"}}, {"type": "Feature", "geometry": {"type": "Point", "coordinates": [21.5820087, 45.7872285]}, "properties": {"type": "school", "name": "GRADINITA CU PROGRAM NORMAL SUSTRA COM.TOPOLOVATU MARE", "locality": "SU\u015eTRA", "uat": "TOPOLOV\u0102\u0162U MARE"}}, {"type": "Feature", "geometry": {"type": "Point", "coordinates": [21.5815087, 45.7872285]}, "properties": {"type": "school", "name": "SCOALA PRIMARA SUSTRA COM.TOPOLOVATU MARE", "locality": "SU\u015eTRA", "uat": "TOPOLOV\u0102\u0162U MARE"}}, {"type": "Feature", "geometry": {"type": "Point", "coordinates": [21.2101793, 45.7498716]}, "properties": {"type": "school", "name": "GRADINITACU PROGRAM PRELUNGIT \"FRANZ LUKAS\" MUN.TIMISOARA", "locality": "TIMI\u015eOARA", "uat": "MUNICIPIUL TIMI\u015eOARA"}}, {"type": "Feature", "geometry": {"type": "Point", "coordinates": [21.1414532, 45.4681442]}, "properties": {"type": "school", "name": "GRADINITA CU PROGRAM PRELUNGIT COM.GHILAD", "locality": "GHILAD", "uat": "GHILAD"}}, {"type": "Feature", "geometry": {"type": "Point", "coordinates": [20.6617944, 45.9898152]}, "properties": {"type": "school", "name": "GRADINITA CU PROGRAM PRELUNGIT COM.TOMNATIC", "locality": "TOMNATIC", "uat": "TOMNATIC"}}, {"type": "Feature", "geometry": {"type": "Point", "coordinates": [22.0316678, 45.6490176]}, "properties": {"type": "school", "name": "GRADINITA CU PROGRAM NORMAL CIRESU COM.CRICIOVA", "locality": "CIRE\u015eU", "uat": "CRICIOVA"}}, {"type": "Feature", "geometry": {"type": "Point", "coordinates": [22.1085198, 45.617325]}, "properties": {"type": "school", "name": "GRADINITA CU PROGRAM NORMAL JDIOARA COM.CRICIOVA", "locality": "JDIOARA", "uat": "CRICIOVA"}}, {"type": "Feature", "geometry": {"type": "Point", "coordinates": [22.0661431, 45.6306769]}, "properties": {"type": "school", "name": "GRADINITA CU PROGRAM NORMAL COM.CRICIOVA", "locality": "CRICIOVA", "uat": "CRICIOVA"}}, {"type": "Feature", "geometry": {"type": "Point", "coordinates": [20.9192088, 45.8205016]}, "properties": {"type": "school", "name": "GRADINITA CU PROGRAM NORMAL IECEA MICA COM.CARPINIS", "locality": "IECEA MIC\u0102", "uat": "C\u0102RPINI\u015e"}}, {"type": "Feature", "geometry": {"type": "Point", "coordinates": [20.8990116, 45.7910271999999]}, "properties": {"type": "school", "name": "GRADINITA CU PROGRAM NORMAL COM.CARPINIS", "locality": "C\u0102RPINI\u015e", "uat": "C\u0102RPINI\u015e"}}, {"type": "Feature", "geometry": {"type": "Point", "coordinates": [20.9197088, 45.8205016]}, "properties": {"type": "school", "name": "SCOALA GIMNAZIALA IECEA MICA COM.CARPINIS", "locality": "IECEA MIC\u0102", "uat": "C\u0102RPINI\u015e"}}, {"type": "Feature", "geometry": {"type": "Point", "coordinates": [22.0638136, 45.8300156]}, "properties": {"type": "school", "name": "GRADINITA CU PROGRAM NORMAL COM.MANASTIUR", "locality": "M\u0102N\u0102\u015eTIUR", "uat": "M\u0102N\u0102\u015eTIUR"}}, {"type": "Feature", "geometry": {"type": "Point", "coordinates": [22.0440036, 45.8627694]}, "properties": {"type": "school", "name": "GRADINITA CU PROGRAM NORMAL REMETEA LUNCA COM.MANASTIUR", "locality": "REMETEA-LUNC\u0102", "uat": "M\u0102N\u0102\u015eTIUR"}}, {"type": "Feature", "geometry": {"type": "Point", "coordinates": [21.2081793, 45.7488716]}, "properties": {"type": "school", "name": "GRADINITA CU PROGRAM PRELUNGIT NR.45 MUN.TIMISOARA", "locality": "TIMI\u015eOARA", "uat": "MUNICIPIUL TIMI\u015eOARA"}}, {"type": "Feature", "geometry": {"type": "Point", "coordinates": [20.3843915, 46.1272562]}, "properties": {"type": "school", "name": "GRADINITA CU PROGRAM NORMAL CHERESTUR COM.BEBA VECHE", "locality": "CHERESTUR", "uat": "BEBA VECHE"}}, {"type": "Feature", "geometry": {"type": "Point", "coordinates": [20.7699848, 45.9691796]}, "properties": {"type": "school", "name": "GRADINITA CU PROGRAM PRELUNGIT COM.LOVRIN", "locality": "LOVRIN", "uat": "LOVRIN"}}, {"type": "Feature", "geometry": {"type": "Point", "coordinates": [20.613164, 46.067257]}, "properties": {"type": "school", "name": "GRADINITA CU PROGRAM PRELUNGIT NR.3 ORAS SANNICOLAU MARE", "locality": "S\u00c2NNICOLAU MARE", "uat": "ORA\u015e S\u00c2NNICOLAU MARE"}}, {"type": "Feature", "geometry": {"type": "Point", "coordinates": [21.1105355, 45.5428735]}, "properties": {"type": "school", "name": "SCOALA PRIMARA PETROMAN ORAS CIACOVA", "locality": "PETROMAN", "uat": "ORA\u015e CIACOVA"}}, {"type": "Feature", "geometry": {"type": "Point", "coordinates": [21.1520313, 45.5397845]}, "properties": {"type": "school", "name": "SCOALA PRIMARA OBAD ORAS CIACOVA", "locality": "OBAD", "uat": "ORA\u015e CIACOVA"}}, {"type": "Feature", "geometry": {"type": "Point", "coordinates": [21.0659946, 45.5514606]}, "properties": {"type": "school", "name": "GRADINITA CU PROGRAM NORMAL CEBZA ORAS CIACOVA", "locality": "CEBZA", "uat": "ORA\u015e CIACOVA"}}, {"type": "Feature", "geometry": {"type": "Point", "coordinates": [21.0664946, 45.5514606]}, "properties": {"type": "school", "name": "SCOALA PRIMARA CEBZA ORAS CIACOVA", "locality": "CEBZA", "uat": "ORA\u015e CIACOVA"}}, {"type": "Feature", "geometry": {"type": "Point", "coordinates": [21.0563425, 45.5175999999999]}, "properties": {"type": "school", "name": "SCOALA PRIMARA MACEDONIA ORAS CIACOVA", "locality": "MACEDONIA", "uat": "ORA\u015e CIACOVA"}}, {"type": "Feature", "geometry": {"type": "Point", "coordinates": [21.1525313, 45.5397845]}, "properties": {"type": "school", "name": "GRADINITA CU PROGRAM NORMAL OBAD ORAS CIACOVA", "locality": "OBAD", "uat": "ORA\u015e CIACOVA"}}, {"type": "Feature", "geometry": {"type": "Point", "coordinates": [21.0568425, 45.5175999999999]}, "properties": {"type": "school", "name": "GRADINITA CU PROGRAM NORMAL MACEDONIA ORAS CIACOVA", "locality": "MACEDONIA", "uat": "ORA\u015e CIACOVA"}}, {"type": "Feature", "geometry": {"type": "Point", "coordinates": [21.1298218, 45.5097797]}, "properties": {"type": "school", "name": "GRADINITA CU PROGRAM PRELUNGIT ORAS CIACOVA", "locality": "CIACOVA", "uat": "ORA\u015e CIACOVA"}}, {"type": "Feature", "geometry": {"type": "Point", "coordinates": [21.1110355, 45.5428735]}, "properties": {"type": "school", "name": "GRADINITA CU PROGRAM NORMAL PETROMAN ORAS CIACOVA", "locality": "PETROMAN", "uat": "ORA\u015e CIACOVA"}}, {"type": "Feature", "geometry": {"type": "Point", "coordinates": [21.0361393, 46.0292055]}, "properties": {"type": "school", "name": "GRADINITA CU PROGRAM NORMAL SANPETRU MIC COM.VARIAS", "locality": "S\u00c2NPETRU MIC", "uat": "VARIA\u015e"}}, {"type": "Feature", "geometry": {"type": "Point", "coordinates": [21.0547601, 46.0042807]}, "properties": {"type": "school", "name": "SCOALA GIMNAZIALA GELU COM.VARIAS", "locality": "GELU", "uat": "VARIA\u015e"}}, {"type": "Feature", "geometry": {"type": "Point", "coordinates": [20.9595309, 46.0101167]}, "properties": {"type": "school", "name": "GRADINITA CU PROGRAM PRELUNGIT COM.VARIAS", "locality": "VARIA\u015e", "uat": "VARIA\u015e"}}, {"type": "Feature", "geometry": {"type": "Point", "coordinates": [21.0552601, 46.0042807]}, "properties": {"type": "school", "name": "GRADINITA CU PROGRAM NORMAL GELU COM.VARIAS", "locality": "GELU", "uat": "VARIA\u015e"}}, {"type": "Feature", "geometry": {"type": "Point", "coordinates": [21.0435591, 45.9417919]}, "properties": {"type": "school", "name": "GRADINITA CU PROGRAM NORMAL COM.SATCHINEZ", "locality": "SATCHINEZ", "uat": "SATCHINEZ"}}, {"type": "Feature", "geometry": {"type": "Point", "coordinates": [21.0940361, 45.9706971]}, "properties": {"type": "school", "name": "GRADINITA CU PROGRAM NORMAL BARATEAZ COM.SATCHINEZ", "locality": "B\u0102R\u0102TEAZ", "uat": "SATCHINEZ"}}, {"type": "Feature", "geometry": {"type": "Point", "coordinates": [21.0935361, 45.9706971]}, "properties": {"type": "school", "name": "SCOALA PRIMARA BARATEAZ COM.SATCHINEZ", "locality": "B\u0102R\u0102TEAZ", "uat": "SATCHINEZ"}}, {"type": "Feature", "geometry": {"type": "Point", "coordinates": [21.0843168, 45.9054789]}, "properties": {"type": "school", "name": "GR\u0102DINI\u021aA CU PROGRAM NORMAL HODONI COM.SATCHINEZ", "locality": "HODONI", "uat": "SATCHINEZ"}}, {"type": "Feature", "geometry": {"type": "Point", "coordinates": [21.0838168, 45.9054789]}, "properties": {"type": "school", "name": "SCOALA GIMNAZIALA HODONI COM.SATCHINEZ", "locality": "HODONI", "uat": "SATCHINEZ"}}, {"type": "Feature", "geometry": {"type": "Point", "coordinates": [20.7820695, 46.1111280999999]}, "properties": {"type": "school", "name": "SCOALA GIMNAZIALA \"ACADEMICIAN PROFESOR DOCTOR MUNTEANU IOAN\" IGRIS COM.SANPETRU MARE", "locality": "IGRI\u015e", "uat": "S\u00c2NPETRU MARE"}}, {"type": "Feature", "geometry": {"type": "Point", "coordinates": [20.666667, 46.05]}, "properties": {"type": "school", "name": "GRADINITA CU PROGRAM NORMAL COM.SANPETRU MARE", "locality": "S\u00c2NPETRU MARE", "uat": "S\u00c2NPETRU MARE"}}, {"type": "Feature", "geometry": {"type": "Point", "coordinates": [20.7825695, 46.1111280999999]}, "properties": {"type": "school", "name": "GRADINITA CU PROGRAM NORMAL IGRIS COM.SANPETRU MARE", "locality": "IGRI\u015e", "uat": "S\u00c2NPETRU MARE"}}, {"type": "Feature", "geometry": {"type": "Point", "coordinates": [21.2086793, 45.7503716]}, "properties": {"type": "school", "name": "SCOALA GIMNAZIALA NR.4 MUN.TIMISOARA", "locality": "TIMI\u015eOARA", "uat": "MUNICIPIUL TIMI\u015eOARA"}}, {"type": "Feature", "geometry": {"type": "Point", "coordinates": [21.27472, 45.754893]}, "properties": {"type": "school", "name": "GRADINITA CU PROGRAM PRELUNGIT NR.5 MUN.TIMISOARA", "locality": "TIMI\u015eOARA", "uat": "MUNICIPIUL TIMI\u015eOARA"}}, {"type": "Feature", "geometry": {"type": "Point", "coordinates": [21.2121793, 45.7488716]}, "properties": {"type": "school", "name": "GRADINITA CU PROGRAM NORMAL NR.5 MUN.TIMISOARA", "locality": "TIMI\u015eOARA", "uat": "MUNICIPIUL TIMI\u015eOARA"}}, {"type": "Feature", "geometry": {"type": "Point", "coordinates": [22.2262728, 45.7509291]}, "properties": {"type": "school", "name": "SCOALA PRIMARA GLADNA ROMANA COM.FARDEA", "locality": "GLADNA ROM\u00c2NA", "uat": "F\u00c2RDEA"}}, {"type": "Feature", "geometry": {"type": "Point", "coordinates": [22.159165, 45.7359142]}, "properties": {"type": "school", "name": "GRADINITA CU PROGRAM NORMAL COM.FARDEA", "locality": "F\u00c2RDEA", "uat": "F\u00c2RDEA"}}, {"type": "Feature", "geometry": {"type": "Point", "coordinates": [22.2257728, 45.7509291]}, "properties": {"type": "school", "name": "GRADINI\u021aA CU PROGRAM NORMAL GLADNA ROMANA COM.FARDEA", "locality": "GLADNA ROM\u00c2NA", "uat": "F\u00c2RDEA"}}, {"type": "Feature", "geometry": {"type": "Point", "coordinates": [20.6116316, 46.0666399]}, "properties": {"type": "school", "name": "GRADINITA CU PROGRAM SAPTAMANAL ORAS SANNICOLAU MARE", "locality": "S\u00c2NNICOLAU MARE", "uat": "ORA\u015e S\u00c2NNICOLAU MARE"}}, {"type": "Feature", "geometry": {"type": "Point", "coordinates": [20.620759, 46.070918]}, "properties": {"type": "school", "name": "GRADINITA CU PROGRAM NORMAL NR.1 ORAS SANNICOLAU MARE", "locality": "S\u00c2NNICOLAU MARE", "uat": "ORA\u015e S\u00c2NNICOLAU MARE"}}, {"type": "Feature", "geometry": {"type": "Point", "coordinates": [21.4592243, 45.8014022]}, "properties": {"type": "school", "name": "GRADINITA CU PROGRAM NORMAL IZVIN ORAS RECAS", "locality": "IZVIN", "uat": "ORA\u015e RECA\u015e"}}, {"type": "Feature", "geometry": {"type": "Point", "coordinates": [21.4921249, 45.7367474]}, "properties": {"type": "school", "name": "GRADINITA CU PROGRAM NORMAL BAZOS ORAS RECAS", "locality": "BAZO\u015e", "uat": "ORA\u015e RECA\u015e"}}, {"type": "Feature", "geometry": {"type": "Point", "coordinates": [21.4916249, 45.7367474]}, "properties": {"type": "school", "name": "SCOALA GIMNAZIALA BAZOS ORAS RECAS", "locality": "BAZO\u015e", "uat": "ORA\u015e RECA\u015e"}}, {"type": "Feature", "geometry": {"type": "Point", "coordinates": [21.1320263, 45.6275234]}, "properties": {"type": "school", "name": "GRADINITA CU PROGRAM PRELUNGIT COM.PARTA", "locality": "PAR\u0162A", "uat": "PAR\u0162A"}}, {"type": "Feature", "geometry": {"type": "Point", "coordinates": [20.4014232, 46.0037928]}, "properties": {"type": "school", "name": "GRADINITA CU PROGRAM NORMAL COM.VALCANI", "locality": "V\u0102LCANI", "uat": "VALCANI"}}, {"type": "Feature", "geometry": {"type": "Point", "coordinates": [21.5098898, 45.6192723]}, "properties": {"type": "school", "name": "GRADINITA CU PROGRAM NORMAL VUCOVA COM.CHEVERESU MARE", "locality": "VUCOVA", "uat": "CHEVERE\u015eU MARE"}}, {"type": "Feature", "geometry": {"type": "Point", "coordinates": [21.4327607, 45.6988677]}, "properties": {"type": "school", "name": "SCOALA PRIMAR\u0102 DRAGSINA COM.CHEVERESU MARE", "locality": "DRAG\u015eINA", "uat": "CHEVERE\u015eU MARE"}}, {"type": "Feature", "geometry": {"type": "Point", "coordinates": [21.4866925, 45.6671305]}, "properties": {"type": "school", "name": "GRADINITA CU PROGRAM NORMAL COM.CHEVERESU MARE", "locality": "CHEVERE\u015eU MARE", "uat": "CHEVERE\u015eU MARE"}}, {"type": "Feature", "geometry": {"type": "Point", "coordinates": [21.5103898, 45.6192723]}, "properties": {"type": "school", "name": "SCOALA PRIMARA VUCOVA COM.CHEVERESU MARE", "locality": "VUCOVA", "uat": "CHEVERE\u015eU MARE"}}, {"type": "Feature", "geometry": {"type": "Point", "coordinates": [21.2071793, 45.7473716]}, "properties": {"type": "school", "name": "GR\u0102DINI\u021aA CU PROGRAM PRELUNGIT NR.16 MUN.TIMI\u0218OARA", "locality": "TIMI\u015eOARA", "uat": "MUNICIPIUL TIMI\u015eOARA"}}, {"type": "Feature", "geometry": {"type": "Point", "coordinates": [21.4215836, 45.9718145]}, "properties": {"type": "school", "name": "GRADINITA CU PROGRAM NORMAL COM. FIBIS", "locality": "FIBI\u015e", "uat": "FIBI\u015e"}}, {"type": "Feature", "geometry": {"type": "Point", "coordinates": [20.2982527, 46.1320202]}, "properties": {"type": "school", "name": "GRADINITA CU PROGRAM NORMAL COM. BEBA VECHE", "locality": "BEBA VECHE", "uat": "BEBA VECHE"}}, {"type": "Feature", "geometry": {"type": "Point", "coordinates": [20.3848915, 46.1272562]}, "properties": {"type": "school", "name": "SCOALA PRIMARA CHERESTUR COM. BEBA VECHE", "locality": "CHERESTUR", "uat": "BEBA VECHE"}}, {"type": "Feature", "geometry": {"type": "Point", "coordinates": [21.2061793, 45.7478716]}, "properties": {"type": "school", "name": "GRADINITA CU PROGRAM PRELUNGIT NR.9 \"CARLA PELZ\" MUN.TIMISOARA", "locality": "TIMI\u015eOARA", "uat": "MUNICIPIUL TIMI\u015eOARA"}}, {"type": "Feature", "geometry": {"type": "Point", "coordinates": [21.2265419, 45.723309]}, "properties": {"type": "school", "name": "GRADINITA CU PROGRAM PRELUNGIT NR.1 MUN.TIMISOARA", "locality": "TIMI\u015eOARA", "uat": "MUNICIPIUL TIMI\u015eOARA"}}, {"type": "Feature", "geometry": {"type": "Point", "coordinates": [20.7109596, 45.7994279]}, "properties": {"type": "school", "name": "GRADINITA CU PROGRAM NORMAL NR.2 ORAS JIMBOLIA", "locality": "JIMBOLIA", "uat": "ORA\u015e JIMBOLIA"}}, {"type": "Feature", "geometry": {"type": "Point", "coordinates": [21.2091793, 45.7493716]}, "properties": {"type": "school", "name": "GRADINITA CU PROGRAM PRELUNGIT NR.24 MUN.TIMISOARA", "locality": "TIMI\u015eOARA", "uat": "MUNICIPIUL TIMI\u015eOARA"}}, {"type": "Feature", "geometry": {"type": "Point", "coordinates": [22.028668, 45.7872583]}, "properties": {"type": "school", "name": "SCOALA PRIMARA COM.TRAIAN VUIA", "locality": "TRAIAN VUIA", "uat": "TRAIAN VUIA"}}, {"type": "Feature", "geometry": {"type": "Point", "coordinates": [21.2096793, 45.7473716]}, "properties": {"type": "school", "name": "GRADINITA CU PROGRAM PRELUNGIT NR.13 MUN.TIMISOARA", "locality": "TIMI\u015eOARA", "uat": "MUNICIPIUL TIMI\u015eOARA"}}, {"type": "Feature", "geometry": {"type": "Point", "coordinates": [21.2654486, 45.7200494999999]}, "properties": {"type": "school", "name": "SCOALA PRIMARA URSENI COM. MOSNITA NOUA", "locality": "URSENI", "uat": "MO\u015eNI\u0162A NOU\u0102"}}, {"type": "Feature", "geometry": {"type": "Point", "coordinates": [21.231, 45.746]}, "properties": {"type": "hospital", "name": "Spitalul Clinic Jude\u021bean de Urgen\u021b\u0103 Timi\u0219oara", "uat": "Timi\u0219oara"}}, {"type": "Feature", "geometry": {"type": "Point", "coordinates": [21.224, 45.753]}, "properties": {"type": "hospital", "name": "Spitalul Clinic Municipal de Urgen\u021b\u0103 Timi\u0219oara", "uat": "Timi\u0219oara"}}, {"type": "Feature", "geometry": {"type": "Point", "coordinates": [21.903, 45.689]}, "properties": {"type": "hospital", "name": "Spitalul Municipal Lugoj", "uat": "Lugoj"}}, {"type": "Feature", "geometry": {"type": "Point", "coordinates": [22.178, 45.853]}, "properties": {"type": "hospital", "name": "Spitalul Or\u0103\u0219enesc F\u0103get", "uat": "F\u0103get"}}]}