{"type": "FeatureCollection", "features": [{"id": "0", "type": "Feature", "properties": {"name": "Timi\u0219oara", "judet": "TIMI\u0218", "admin_level": "8", "wikidata": "Q83404", "place": "city", "osm_id": 6927733, "siruta": "155243", "siruta_score": null, "pop_total": 0, "gp_count": null, "nearest_school_m": 678.1765258491799, "nearest_gp_m": null, "nearest_er_m": 2124.7903679750075, "school_score": 100.0, "gp_score": null, "hospital_score": 100.0, "composite_score": 100.0, "partial_data": true, "_color_composite": "#f5ecd9", "_color_school": "#f5ecd9", "_color_gp": "#9a9a9a", "_color_hospital": "#f5ecd9", "_display_color": "#f5ecd9"}, "geometry": {"type": "MultiPolygon", "coordinates": [[[[21.1155863, 45.7905518], [21.1152286, 45.7902424], [21.1212533, 45.7889362], [21.1221541, 45.7887835], [21.1234648, 45.7885844], [21.1258441, 45.7880532], [21.1292426, 45.7873185], [21.1331264, 45.7864621], [21.1346566, 45.7861342], [21.1356907, 45.7859483], [21.1365493, 45.7857223], [21.1370658, 45.7856378], [21.1404301, 45.7849093], [21.1417569, 45.7845915], [21.1466289, 45.7835207], [21.1509982, 45.7825375], [21.1503709, 45.7817625], [21.1500333, 45.7812523], [21.1499291, 45.7811184], [21.1491611, 45.7801516], [21.1485741, 45.7794413], [21.1481917, 45.7791109], [21.1480001, 45.7789514], [21.1478517, 45.7787537], [21.1476786, 45.7785608], [21.1475332, 45.7784368], [21.1472604, 45.7782803], [21.1469568, 45.7780999], [21.1466872, 45.7777791], [21.1465441, 45.7776212], [21.1463983, 45.7775029], [21.1468821, 45.776482], [21.1482688, 45.7733057], [21.1494968, 45.7705537], [21.1499539, 45.7694469], [21.1511222, 45.7665174], [21.1511758, 45.7663265], [21.1512539, 45.7660174], [21.1512238, 45.7657792], [21.1513034, 45.7654474], [21.151247, 45.7648561], [21.1511415, 45.7635659], [21.1510588, 45.7621801], [21.1509818, 45.7617666], [21.1511552, 45.7614833], [21.1510844, 45.7596899], [21.1509437, 45.7586493], [21.1509213, 45.7582688], [21.1468905, 45.7595098], [21.1416202, 45.7611471], [21.1414994, 45.7611373], [21.1415634, 45.7610318], [21.1416412, 45.7609607], [21.1420693, 45.7586343], [21.1421186, 45.7586247], [21.1423602, 45.7575899], [21.1425083, 45.756917], [21.1423058, 45.7568577], [21.1419347, 45.7566014], [21.1418698, 45.7566021], [21.1417838, 45.7566162], [21.1415001, 45.7566179], [21.1409626, 45.756543], [21.1407675, 45.7564939], [21.1402108, 45.7562852], [21.1396451, 45.756266], [21.1393688, 45.7561926], [21.1391854, 45.7560928], [21.1390111, 45.7559764], [21.1388972, 45.7558082], [21.1388, 45.755632], [21.1387762, 45.7554498], [21.1387693, 45.7547297], [21.1387142, 45.754589], [21.1381213, 45.75426], [21.1380251, 45.7542454], [21.1378718, 45.7542374], [21.1376329, 45.7542945], [21.1374664, 45.7543597], [21.1371927, 45.7544524], [21.1370733, 45.7544795], [21.1369573, 45.7544586], [21.1368696, 45.7544386], [21.1368033, 45.7544024], [21.1367435, 45.7543295], [21.1366745, 45.7542138], [21.1366877, 45.7540501], [21.1360652, 45.7532723], [21.1354208, 45.7526922], [21.1357071, 45.7525942], [21.1362117, 45.7521494], [21.1364903, 45.751939], [21.1368972, 45.7516779], [21.1378255, 45.7514316], [21.1381356, 45.7512806], [21.1384482, 45.7512119], [21.1387799, 45.7511579], [21.1390756, 45.7510999], [21.1400359, 45.751112], [21.1400877, 45.7510656], [21.1400968, 45.7509922], [21.1400985, 45.7508506], [21.1400321, 45.7506981], [21.1398698, 45.7504092], [21.1396556, 45.7501226], [21.1396026, 45.7500698], [21.1394335, 45.7500555], [21.1385927, 45.7500327], [21.1380027, 45.7493694], [21.1378563, 45.7493509], [21.1371907, 45.7493708], [21.1371382, 45.749369], [21.1375402, 45.747362], [21.1379588, 45.7454068], [21.1376839, 45.7454003], [21.1355543, 45.7455094], [21.1350911, 45.7455434], [21.1348731, 45.7455331], [21.1346521, 45.7455086], [21.1343001, 45.7455619], [21.1325687, 45.7456533], [21.1332388, 45.7440465], [21.1333496, 45.7437995], [21.1333762, 45.7437664], [21.133423, 45.7437339], [21.1334805, 45.7437217], [21.133744, 45.7438355], [21.1340542, 45.7439169], [21.1342946, 45.7439534], [21.1346103, 45.7439556], [21.1348567, 45.7439073], [21.134967, 45.7436588], [21.1351519, 45.7432683], [21.1353276, 45.7425498], [21.1353607, 45.7421881], [21.1352359, 45.7421187], [21.135032, 45.7420806], [21.1347218, 45.7419992], [21.1345397, 45.7419392], [21.1343292, 45.7418215], [21.1339653, 45.7415796], [21.133657, 45.7412611], [21.1335564, 45.7411358], [21.1335444, 45.7410641], [21.1335732, 45.7409999], [21.1336334, 45.7408319], [21.1322624, 45.7409242], [21.1321854, 45.7409245], [21.1308156, 45.7410593], [21.130738, 45.741068], [21.1298554, 45.7412421], [21.1292611, 45.7401761], [21.1289588, 45.7396433], [21.1286385, 45.7396494], [21.1283242, 45.7396274], [21.1280372, 45.739561], [21.1277913, 45.7394874], [21.1275502, 45.7394027], [21.1273752, 45.7392976], [21.1270791, 45.7391883], [21.1266924, 45.7391015], [21.1263811, 45.7390937], [21.1260202, 45.7391013], [21.1258212, 45.739052], [21.1256289, 45.7389633], [21.1245726, 45.7378852], [21.125605, 45.7367783], [21.1269957, 45.7352448], [21.1270182, 45.7352116], [21.1270344, 45.7351526], [21.1270266, 45.73509], [21.1270102, 45.7350356], [21.1274759, 45.7352973], [21.127631, 45.7354643], [21.1277139, 45.7355085], [21.1279046, 45.7355489], [21.1286527, 45.7356119], [21.1287847, 45.7356465], [21.1288559, 45.7357054], [21.1288992, 45.7359326], [21.1288654, 45.7360685], [21.1288422, 45.7362483], [21.1288049, 45.7364766], [21.1287674, 45.7366295], [21.1287883, 45.7367168], [21.1288834, 45.7368178], [21.1289975, 45.7368781], [21.1291703, 45.7369442], [21.1294039, 45.736986], [21.1296436, 45.7370167], [21.1297815, 45.737044], [21.1300191, 45.7371047], [21.130412, 45.7372535], [21.1305771, 45.7373532], [21.1307233, 45.7374146], [21.1309403, 45.7374634], [21.1312018, 45.7374911], [21.1314413, 45.7375255], [21.131609, 45.7375877], [21.131734, 45.7376446], [21.1318675, 45.7377356], [21.1319473, 45.7378249], [21.1320143, 45.7379438], [21.1330004, 45.7381327], [21.1362742, 45.738827], [21.1385891, 45.7393731], [21.1399331, 45.739682], [21.1401427, 45.7397606], [21.1403572, 45.7397678], [21.1407782, 45.7396655], [21.1411235, 45.7395681], [21.141675, 45.7394438], [21.1420231, 45.7393841], [21.142232, 45.739395], [21.1423178, 45.7394769], [21.1424632, 45.7396285], [21.1426318, 45.7398336], [21.1427175, 45.7399155], [21.1427838, 45.7399667], [21.1430912, 45.7401088], [21.1439543, 45.7404262], [21.1441674, 45.7405312], [21.1443714, 45.7406134], [21.1445353, 45.7406528], [21.1448907, 45.7407213], [21.1451192, 45.7407591], [21.1453858, 45.7407907], [21.1456841, 45.7408309], [21.1457137, 45.7408695], [21.1457, 45.7409894], [21.1456388, 45.7411755], [21.1455707, 45.7413049], [21.145507, 45.7414494], [21.1455013, 45.741532], [21.1455206, 45.7416418], [21.1455695, 45.7417901], [21.145649, 45.7419621], [21.1457723, 45.7420453], [21.1459727, 45.742101], [21.1462378, 45.7421551], [21.1467749, 45.742162], [21.1469373, 45.7421449], [21.1472536, 45.7421473], [21.1475253, 45.7421038], [21.1477558, 45.7420363], [21.1480043, 45.7419394], [21.1483053, 45.741784], [21.148758, 45.7416902], [21.1491301, 45.7416727], [21.1494398, 45.741702], [21.1497023, 45.7417937], [21.149869, 45.7418708], [21.1501493, 45.7420157], [21.1503354, 45.7420445], [21.150518, 45.742047], [21.1508526, 45.7420282], [21.1511721, 45.7419938], [21.1513468, 45.7419546], [21.1519257, 45.7417446], [21.1524254, 45.7415922], [21.1532786, 45.7413013], [21.153484, 45.7412777], [21.153695, 45.7412585], [21.1538017, 45.7412696], [21.1540402, 45.7413191], [21.1543012, 45.7413542], [21.1544838, 45.7413566], [21.1547696, 45.7413437], [21.1552555, 45.7413902], [21.1558802, 45.7413737], [21.1560332, 45.7413374], [21.1561875, 45.7412824], [21.156399, 45.7412557], [21.1565609, 45.7412461], [21.1567532, 45.7412639], [21.1568508, 45.7412522], [21.1568801, 45.7411907], [21.1569322, 45.7409229], [21.1570137, 45.7406493], [21.1571824, 45.7401649], [21.1572946, 45.7399505], [21.157399, 45.7398484], [21.1575495, 45.7397853], [21.1578372, 45.7397098], [21.1581859, 45.739667], [21.1584722, 45.7396835], [21.1586452, 45.7397166], [21.1588407, 45.7397777], [21.159041, 45.7399106], [21.1591534, 45.7400473], [21.1592343, 45.7400739], [21.1593228, 45.7400633], [21.159413, 45.7400254], [21.1595892, 45.7399427], [21.159757, 45.7398393], [21.1599492, 45.7396651], [21.1601077, 45.7394148], [21.1601126, 45.7392718], [21.1600384, 45.7391465], [21.1597905, 45.7389984], [21.1595285, 45.7387714], [21.1592578, 45.7385986], [21.158879, 45.7383711], [21.1585995, 45.738256], [21.1583592, 45.7381388], [21.1581769, 45.7380985], [21.158064, 45.7381118], [21.15788, 45.7381669], [21.1575899, 45.7382324], [21.1573013, 45.7383216], [21.1570719, 45.738399], [21.1568902, 45.7384918], [21.1564572, 45.7386271], [21.1562313, 45.7387252], [21.1556655, 45.7389481], [21.1553899, 45.7390616], [21.1552272, 45.7390902], [21.1550437, 45.7390669], [21.1548565, 45.7390265], [21.1546332, 45.7390156], [21.1542129, 45.739107], [21.1539394, 45.7391183], [21.1535999, 45.7390966], [21.1533276, 45.7390908], [21.1531159, 45.739053], [21.1530222, 45.7389987], [21.1528273, 45.7388591], [21.1526034, 45.7387152], [21.1524035, 45.7385357], [21.1522992, 45.7384231], [21.1522202, 45.7382977], [21.1521724, 45.7381427], [21.152148, 45.7380021], [21.1521583, 45.7376411], [21.1521532, 45.7373614], [21.1521397, 45.7371325], [21.152144, 45.7369281], [21.1521867, 45.7368035], [21.1522416, 45.7367133], [21.1523429, 45.7365871], [21.1524388, 45.7363961], [21.1524398, 45.7363109], [21.1523864, 45.7362375], [21.1523032, 45.7361733], [21.1521454, 45.7361305], [21.1519814, 45.7361079], [21.1518819, 45.7361386], [21.1516113, 45.7362488], [21.1514847, 45.7362479], [21.1513253, 45.7362289], [21.1511522, 45.7361958], [21.1510037, 45.7361601], [21.1508628, 45.7361553], [21.1503609, 45.7361838], [21.150112, 45.7361924], [21.1500025, 45.7361546], [21.1499135, 45.7361039], [21.1497578, 45.7360305], [21.1495654, 45.7359251], [21.1493753, 45.7358573], [21.1492029, 45.735814], [21.1491003, 45.7357491], [21.1489218, 45.7355829], [21.1488515, 45.7354714], [21.1488535, 45.7353726], [21.1488049, 45.735088], [21.1488357, 45.7348538], [21.148951, 45.7346634], [21.1491828, 45.73443], [21.1494038, 45.734192], [21.1495811, 45.7340208], [21.149824, 45.7338892], [21.1500742, 45.733792], [21.1503278, 45.7337153], [21.1505861, 45.7336423], [21.1508806, 45.7334681], [21.1510006, 45.7332813], [21.1510303, 45.7331323], [21.1510175, 45.7329648], [21.1509978, 45.7328278], [21.1510459, 45.7327646], [21.1510819, 45.732667], [21.1512119, 45.732502], [21.1514424, 45.7322678], [21.1516895, 45.7320034], [21.1518512, 45.7319884], [21.1522621, 45.7314671], [21.1523023, 45.7313082], [21.1523523, 45.7309349], [21.1523727, 45.730639], [21.1524374, 45.730406], [21.1524992, 45.7302171], [21.1525034, 45.7301559], [21.152474, 45.7300699], [21.1522356, 45.7298539], [21.1518561, 45.7294252], [21.1512359, 45.7287429], [21.1509672, 45.7284031], [21.1508931, 45.7282063], [21.1508728, 45.728076], [21.150907, 45.727934], [21.1512751, 45.7273743], [21.1466711, 45.7257954], [21.1420795, 45.7241827], [21.140553, 45.7236537], [21.1353932, 45.7218844], [21.1364157, 45.7192535], [21.1380556, 45.7196194], [21.1384353, 45.718495], [21.1390826, 45.7167982], [21.1479073, 45.7186657], [21.1486653, 45.7165656], [21.1491879, 45.7150931], [21.1496156, 45.715175], [21.1500407, 45.7152478], [21.1504171, 45.715328], [21.1507126, 45.7153717], [21.1509642, 45.7154004], [21.1512456, 45.7154167], [21.1514319, 45.715414], [21.1514963, 45.7153906], [21.1515596, 45.7153568], [21.1516004, 45.7153244], [21.1516578, 45.7151421], [21.1518133, 45.7144686], [21.151937, 45.7139783], [21.1520099, 45.7137137], [21.1520294, 45.7136177], [21.1520907, 45.7134737], [21.1521156, 45.7133442], [21.1521555, 45.7130443], [21.1524486, 45.7121488], [21.1526073, 45.7117091], [21.1526937, 45.7111584], [21.1528311, 45.7106079], [21.1529102, 45.710251], [21.1532411, 45.7091746], [21.1533564, 45.708711], [21.1535144, 45.7081908], [21.1535425, 45.7080164], [21.1536533, 45.7077123], [21.1538251, 45.707127], [21.1542442, 45.7056107], [21.1544204, 45.7049653], [21.1546219, 45.704136], [21.1546928, 45.7037635], [21.1548843, 45.7031721], [21.1551105, 45.7024493], [21.1551218, 45.7024321], [21.1568097, 45.7027588], [21.1577078, 45.7029289], [21.1585566, 45.6997775], [21.1589352, 45.6984218], [21.1594986, 45.6961665], [21.1603211, 45.693055], [21.1605415, 45.6922357], [21.1618614, 45.6873285], [21.1622339, 45.6860366], [21.1597511, 45.6843236], [21.1592142, 45.6838694], [21.1599595, 45.6838322], [21.1605906, 45.6838246], [21.1609538, 45.6838473], [21.1613675, 45.6838925], [21.1618291, 45.6839994], [21.1618685, 45.6840054], [21.161966, 45.6839996], [21.1625028, 45.6839044], [21.1626792, 45.6838786], [21.1629616, 45.6839108], [21.1675782, 45.6842504], [21.1684837, 45.6842908], [21.1692036, 45.6844617], [21.1709623, 45.6867219], [21.1726132, 45.6887995], [21.174511, 45.6909702], [21.1807469, 45.6985362], [21.1814333, 45.6994088], [21.1843988, 45.7028468], [21.1860886, 45.7048858], [21.1866538, 45.7056791], [21.1876218, 45.706865], [21.1888424, 45.7084643], [21.1911721, 45.7112953], [21.1942153, 45.7102246], [21.1952227, 45.7121837], [21.1988126, 45.7112429], [21.1994622, 45.7125044], [21.1998777, 45.7129434], [21.2005755, 45.7133171], [21.2007542, 45.7132664], [21.2042318, 45.713531], [21.2047166, 45.7127052], [21.2054457, 45.7118861], [21.2058552, 45.7115385], [21.2062349, 45.7113419], [21.2065942, 45.7111887], [21.2071147, 45.7110229], [21.2074501, 45.7109341], [21.2077656, 45.7108705], [21.2092687, 45.7108242], [21.2137017, 45.7110934], [21.2139381, 45.7111831], [21.2125432, 45.7139442], [21.2126932, 45.7139466], [21.2130349, 45.713975], [21.2137299, 45.7140521], [21.2158276, 45.7142603], [21.2158258, 45.7143479], [21.2155526, 45.7146387], [21.2144669, 45.7157285], [21.217403, 45.7179099], [21.2178184, 45.7182131], [21.2183556, 45.7187224], [21.219335, 45.7197972], [21.2199457, 45.7208205], [21.2203977, 45.7216731], [21.2237916, 45.721208], [21.2234341, 45.7200903], [21.2255627, 45.7197841], [21.22576, 45.7204409], [21.2258109, 45.7206965], [21.2263822, 45.7206173], [21.226279, 45.720313], [21.2312946, 45.7192405], [21.2308989, 45.7182317], [21.2314787, 45.7181284], [21.2319394, 45.7191382], [21.2323924, 45.7204041], [21.2324878, 45.7203888], [21.2325441, 45.7205753], [21.2325806, 45.7207547], [21.2327328, 45.7212332], [21.2326927, 45.7213364], [21.2326983, 45.7213624], [21.2327223, 45.7213497], [21.2327883, 45.7215592], [21.2326971, 45.7215853], [21.2328342, 45.7218207], [21.2337738, 45.7215235], [21.2340191, 45.7215285], [21.233928, 45.721225], [21.2348684, 45.7209354], [21.2365146, 45.7209588], [21.2365146, 45.7209535], [21.2365407, 45.7209543], [21.2365938, 45.7203189], [21.237365, 45.7205071], [21.2380312, 45.7206179], [21.2388395, 45.7207087], [21.2400075, 45.7208262], [21.2391444, 45.724818], [21.2404129, 45.7248459], [21.2404145, 45.7248181], [21.2409225, 45.7248125], [21.2409213, 45.7247504], [21.2440108, 45.7247187], [21.2449953, 45.7247204], [21.2472004, 45.7247029], [21.247331, 45.7245501], [21.2475399, 45.7243438], [21.2480755, 45.7241109], [21.2483317, 45.7239295], [21.2484519, 45.7237785], [21.2485053, 45.723624], [21.2485733, 45.7234836], [21.2486585, 45.7234034], [21.2488107, 45.7233109], [21.2489581, 45.7232642], [21.2490658, 45.7232606], [21.2491896, 45.7232714], [21.2495936, 45.7233316], [21.2497167, 45.723329], [21.2499389, 45.7232916], [21.2500552, 45.7232533], [21.2501201, 45.7232202], [21.2501802, 45.7231698], [21.2504384, 45.7228572], [21.2505111, 45.7227901], [21.2506574, 45.7227248], [21.250946, 45.7226214], [21.2511234, 45.7226208], [21.2511689, 45.7226123], [21.2512532, 45.7226168], [21.2513891, 45.7226432], [21.2519026, 45.7228338], [21.2524025, 45.7228854], [21.2523997, 45.7228347], [21.252731, 45.7228554], [21.2528131, 45.7229425], [21.2529, 45.7230628], [21.2528986, 45.7234068], [21.2528452, 45.7234805], [21.2525474, 45.7238069], [21.2525057, 45.7239227], [21.2524833, 45.7240513], [21.2523316, 45.7240544], [21.2523396, 45.7242077], [21.2525484, 45.7243323], [21.2526414, 45.7244333], [21.2530142, 45.7244447], [21.2533393, 45.7245407], [21.2535744, 45.7245201], [21.2536488, 45.7245641], [21.2539039, 45.724567], [21.2540609, 45.7244665], [21.2541058, 45.7244692], [21.2541607, 45.7245103], [21.2543057, 45.7244222], [21.2542778, 45.7243937], [21.2543428, 45.7243576], [21.2544148, 45.7243466], [21.2545898, 45.7242324], [21.2541776, 45.7238798], [21.2541206, 45.7238106], [21.2538845, 45.723621], [21.2538912, 45.723558], [21.2538713, 45.723542], [21.2538382, 45.7233357], [21.2539036, 45.723151], [21.2540475, 45.7229982], [21.2543534, 45.7227278], [21.2544819, 45.7227986], [21.2555703, 45.7226456], [21.255972, 45.7226566], [21.2565063, 45.7226485], [21.2562946, 45.7223543], [21.2566136, 45.7219187], [21.2567711, 45.7209087], [21.2568616, 45.7201547], [21.256954, 45.720111], [21.2575012, 45.7193339], [21.2576559, 45.7191353], [21.2584267, 45.7180247], [21.2592378, 45.716634], [21.2609654, 45.7180206], [21.2630151, 45.7196301], [21.2643343, 45.7206058], [21.2665749, 45.7191992], [21.2666295, 45.7192383], [21.2692026, 45.7176196], [21.2713403, 45.7162176], [21.2719402, 45.7158608], [21.2720144, 45.7159165], [21.2728196, 45.7154218], [21.2738943, 45.7163437], [21.2754945, 45.7176866], [21.276618, 45.7186453], [21.2771778, 45.7191476], [21.2776383, 45.7195348], [21.2777796, 45.7196683], [21.2778615, 45.7196789], [21.2780682, 45.7196488], [21.2783021, 45.7195762], [21.2784079, 45.7195177], [21.2784909, 45.7194197], [21.2785773, 45.7192905], [21.2786445, 45.7191776], [21.2787265, 45.7189956], [21.2787875, 45.7188905], [21.27879, 45.7187936], [21.2787389, 45.7186435], [21.2786969, 45.7185618], [21.2785002, 45.7182682], [21.2784342, 45.7181499], [21.2784093, 45.7180688], [21.278418, 45.7179583], [21.2785713, 45.7178543], [21.278801, 45.7177907], [21.2789332, 45.717743], [21.279051, 45.7176776], [21.2791607, 45.7175546], [21.2791521, 45.7174057], [21.2791084, 45.7173573], [21.2788727, 45.7171945], [21.2785116, 45.716974], [21.2784352, 45.7169124], [21.2783025, 45.7167615], [21.2782642, 45.7166845], [21.2782759, 45.7165871], [21.2783461, 45.7163606], [21.2784775, 45.71611], [21.2788433, 45.7155785], [21.2789659, 45.7153425], [21.279017, 45.71519], [21.2790495, 45.7150188], [21.2790451, 45.7148714], [21.2792197, 45.7151409], [21.2794745, 45.7155067], [21.2799566, 45.7163258], [21.2819811, 45.7162544], [21.2820247, 45.716346], [21.2826417, 45.7173008], [21.2834243, 45.7185418], [21.2838173, 45.7191259], [21.2847861, 45.7206478], [21.2849989, 45.7209907], [21.2855031, 45.7217403], [21.2862023, 45.722856], [21.2871159, 45.7242756], [21.2879506, 45.7241226], [21.2881886, 45.7240876], [21.2882533, 45.7240989], [21.2883636, 45.7242766], [21.2885954, 45.7246863], [21.2887561, 45.7250917], [21.2891771, 45.7258477], [21.2895547, 45.72655], [21.2896917, 45.7267866], [21.2898215, 45.7270658], [21.289868, 45.72722], [21.2900121, 45.7276127], [21.2902054, 45.7281841], [21.2903236, 45.7285728], [21.290424, 45.7288357], [21.2905285, 45.7288391], [21.2905305, 45.7288814], [21.2910152, 45.7307811], [21.2911708, 45.7314597], [21.2916635, 45.7313885], [21.2918299, 45.7313843], [21.2919431, 45.7314001], [21.2919999, 45.731431], [21.2920843, 45.7315565], [21.2921123, 45.7316323], [21.2921362, 45.7317676], [21.2921685, 45.7320261], [21.2921474, 45.7323847], [21.2921072, 45.7327004], [21.2921102, 45.7328216], [21.2921291, 45.7329142], [21.2921645, 45.7330018], [21.2922957, 45.7331752], [21.2923657, 45.7333197], [21.2923992, 45.733436], [21.2924041, 45.7335265], [21.2924858, 45.7337847], [21.2925202, 45.7338454], [21.2926102, 45.733979], [21.2926991, 45.7341279], [21.2928093, 45.7343715], [21.2928424, 45.7344936], [21.2928484, 45.7346514], [21.292839, 45.7348336], [21.2928261, 45.7349446], [21.2927908, 45.7350223], [21.2927124, 45.7351696], [21.2926761, 45.7353029], [21.2926732, 45.7353873], [21.2927145, 45.7354694], [21.292767, 45.735546], [21.293024, 45.7357273], [21.293151, 45.7357987], [21.2933014, 45.7358977], [21.2933637, 45.7359516], [21.2934393, 45.7360521], [21.2934927, 45.7361576], [21.2935087, 45.7362887], [21.2935645, 45.7364827], [21.2936657, 45.736901], [21.2936772, 45.7370589], [21.2936891, 45.7373742], [21.2936546, 45.7376882], [21.2935574, 45.7381193], [21.2935166, 45.7382371], [21.2934352, 45.7383881], [21.293266, 45.7386209], [21.2931732, 45.7387328], [21.2930409, 45.7388649], [21.2928752, 45.7390036], [21.2925123, 45.7392608], [21.2924449, 45.7393662], [21.2924196, 45.7394576], [21.2924292, 45.7395194], [21.2924667, 45.7395744], [21.2925725, 45.7396355], [21.2927212, 45.7396691], [21.2928303, 45.7396804], [21.2929781, 45.7396871], [21.2932314, 45.7396761], [21.2936298, 45.7396665], [21.2942252, 45.7396705], [21.2944661, 45.7396802], [21.2945798, 45.7397051], [21.2946466, 45.7397322], [21.2947393, 45.7397833], [21.294921, 45.7398987], [21.2952648, 45.7401385], [21.2954055, 45.7402103], [21.2956104, 45.740267], [21.2957709, 45.7403298], [21.2958919, 45.7403967], [21.2960964, 45.7405417], [21.2963365, 45.7406878], [21.2968818, 45.7409938], [21.2970679, 45.7411266], [21.2974382, 45.7413788], [21.2974925, 45.7414709], [21.2975336, 45.7415548], [21.2975439, 45.7416876], [21.2975318, 45.7417468], [21.2974535, 45.7419345], [21.2974226, 45.742068], [21.2974768, 45.7422446], [21.297517, 45.7424668], [21.2975022, 45.7426066], [21.2974473, 45.7427316], [21.2973903, 45.7428047], [21.2973198, 45.7428735], [21.2971216, 45.7429651], [21.297048, 45.7430355], [21.29689, 45.7431418], [21.2967242, 45.7432401], [21.2966383, 45.7433353], [21.296591, 45.7434279], [21.2965846, 45.7434834], [21.2965979, 45.74353], [21.2966176, 45.7435652], [21.2966699, 45.7436034], [21.2967635, 45.7436833], [21.2969137, 45.7437785], [21.2970949, 45.7439016], [21.297223, 45.743998], [21.29733, 45.7441244], [21.2973738, 45.7442085], [21.2973833, 45.7442698], [21.2973692, 45.7443578], [21.2973184, 45.7444618], [21.2972484, 45.7445248], [21.2971385, 45.7446077], [21.2970365, 45.7446563], [21.2967703, 45.7447379], [21.2966894, 45.7447987], [21.296617, 45.7448963], [21.2965814, 45.7449777], [21.2965607, 45.7450827], [21.2965783, 45.7452735], [21.2965953, 45.7453471], [21.2966951, 45.7455405], [21.2967535, 45.7456209], [21.2968565, 45.7457242], [21.2969088, 45.7457643], [21.2969616, 45.7457949], [21.2970189, 45.7458428], [21.2970547, 45.7458942], [21.2970663, 45.7459547], [21.2970566, 45.7459845], [21.2968449, 45.7459339], [21.2965772, 45.7459033], [21.2964674, 45.7459079], [21.2963937, 45.7459575], [21.2963397, 45.7460652], [21.2963319, 45.7461826], [21.2963629, 45.746304], [21.296427, 45.7463991], [21.2965301, 45.7464955], [21.2966963, 45.7465829], [21.2969102, 45.7466583], [21.2973795, 45.7467748], [21.2977208, 45.746816], [21.2978816, 45.7468677], [21.2979276, 45.7469403], [21.2979339, 45.7470226], [21.2978895, 45.7471607], [21.2978484, 45.7473099], [21.2978741, 45.7475137], [21.2980219, 45.7477959], [21.2981139, 45.7480819], [21.2981421, 45.7482548], [21.2980922, 45.7484085], [21.297789, 45.7490367], [21.2975046, 45.7494991], [21.2974205, 45.7496905], [21.2972708, 45.7499125], [21.2971714, 45.7500598], [21.2971128, 45.7501466], [21.2969465, 45.7504252], [21.297566, 45.7506688], [21.296428, 45.7519662], [21.2961205, 45.7523468], [21.2963408, 45.7526252], [21.2964081, 45.7527337], [21.2963925, 45.7527809], [21.2963519, 45.7528317], [21.2961125, 45.7529823], [21.2954756, 45.7533262], [21.2951373, 45.7535608], [21.2941906, 45.7541222], [21.2937696, 45.7543802], [21.2939814, 45.7546067], [21.2947397, 45.7553756], [21.2959395, 45.7566057], [21.2964237, 45.7570735], [21.2963657, 45.7571064], [21.2961943, 45.7571659], [21.2946761, 45.7577523], [21.2907289, 45.7592973], [21.2903142, 45.7594704], [21.2900827, 45.7595475], [21.2896697, 45.7596013], [21.2874328, 45.7598092], [21.2864182, 45.7599084], [21.2862577, 45.7599336], [21.2860948, 45.7600274], [21.2858444, 45.7602292], [21.285434, 45.7602884], [21.2854441, 45.7605618], [21.28547, 45.7608815], [21.2853852, 45.7609501], [21.285573, 45.7612353], [21.2857868, 45.761572], [21.2861077, 45.7620477], [21.2865664, 45.7626919], [21.2862326, 45.7630929], [21.2857796, 45.7631017], [21.2857826, 45.7632033], [21.2855483, 45.7632105], [21.2855576, 45.7635899], [21.2852489, 45.7635989], [21.2858355, 45.7644967], [21.2840975, 45.7644978], [21.2838539, 45.7639593], [21.2837365, 45.7639774], [21.2836531, 45.7639975], [21.2834866, 45.7640867], [21.2830681, 45.7643411], [21.2825676, 45.7646861], [21.2823925, 45.7648365], [21.2823385, 45.7649142], [21.2822604, 45.7650621], [21.2822052, 45.7652348], [21.2821707, 45.7655732], [21.2822011, 45.7658151], [21.2822722, 45.7662405], [21.2817265, 45.766237], [21.2813056, 45.7662597], [21.2805053, 45.766225], [21.2800014, 45.7661439], [21.2796395, 45.7660803], [21.2792377, 45.7660542], [21.2786564, 45.7659482], [21.2781395, 45.7658695], [21.2780442, 45.765849], [21.2780051, 45.7658149], [21.2780033, 45.7657588], [21.2780399, 45.7655794], [21.2756723, 45.765563], [21.2756155, 45.7663206], [21.2755516, 45.7664925], [21.2754732, 45.7666735], [21.2754392, 45.7667792], [21.2753891, 45.7669354], [21.2753535, 45.7670965], [21.2753279, 45.7672735], [21.2753274, 45.767488], [21.2753665, 45.7676883], [21.2754349, 45.7679051], [21.2754823, 45.768028], [21.2755472, 45.7681731], [21.2755989, 45.7683507], [21.275606, 45.7684514], [21.2755439, 45.7689267], [21.2754841, 45.7692436], [21.2754357, 45.7694718], [21.2753745, 45.7697268], [21.2753048, 45.7699429], [21.2752578, 45.7701095], [21.2752002, 45.7702274], [21.2751434, 45.7704169], [21.2750965, 45.7706903], [21.2749808, 45.7709746], [21.2780292, 45.7714761], [21.2797712, 45.7717425], [21.2811282, 45.7719771], [21.2821256, 45.7721319], [21.2846341, 45.772551], [21.2870232, 45.772941], [21.2865648, 45.7746217], [21.2863308, 45.7755591], [21.2857942, 45.7754854], [21.2853339, 45.7754158], [21.2823794, 45.7749418], [21.2822072, 45.7756099], [21.2803997, 45.7761838], [21.279739, 45.7764067], [21.2796242, 45.7764864], [21.2789923, 45.7767451], [21.2771154, 45.7773879], [21.2762492, 45.7776957], [21.2758187, 45.7778344], [21.2761998, 45.7783334], [21.277411, 45.780025], [21.2778385, 45.7806326], [21.2786151, 45.7816355], [21.2789951, 45.782115], [21.2798447, 45.7832425], [21.2809079, 45.7847719], [21.2813501, 45.7853952], [21.2821007, 45.7864672], [21.2823473, 45.7867939], [21.2825709, 45.7871395], [21.2828564, 45.7875373], [21.2832632, 45.7880916], [21.2834955, 45.7884004], [21.2840945, 45.7892471], [21.2844933, 45.789786], [21.2857208, 45.7915283], [21.2859131, 45.791827], [21.2861834, 45.7921741], [21.2869944, 45.7932742], [21.2880647, 45.7947514], [21.2890817, 45.796166], [21.2848345, 45.7977231], [21.274163, 45.8016342], [21.2720003, 45.8023887], [21.2677472, 45.8039715], [21.2651926, 45.8048526], [21.2633357, 45.8055747], [21.2595343, 45.8004715], [21.2519806, 45.790382], [21.2482339, 45.7853474], [21.2449996, 45.780941], [21.2449902, 45.7809443], [21.2449719, 45.7809166], [21.2415415, 45.7821614], [21.2402637, 45.7826646], [21.237944, 45.7835145], [21.2364033, 45.7840957], [21.2361115, 45.7841357], [21.2344293, 45.7846915], [21.2338565, 45.7848588], [21.2335291, 45.7849361], [21.2333824, 45.7849508], [21.2332273, 45.7849498], [21.2332445, 45.7849833], [21.2332512, 45.7850282], [21.2331315, 45.7850423], [21.2322092, 45.7853527], [21.2303625, 45.7859831], [21.2295315, 45.7862889], [21.2282122, 45.7867447], [21.2288405, 45.7876726], [21.2280836, 45.7879945], [21.2280121, 45.78797], [21.2246673, 45.789392], [21.2243396, 45.7896183], [21.2239496, 45.789907], [21.2237972, 45.790033], [21.223727, 45.7901112], [21.2236392, 45.7902491], [21.2237468, 45.7902813], [21.2237247, 45.7903316], [21.2237286, 45.7903911], [21.2237682, 45.7904439], [21.2238494, 45.7905088], [21.2239078, 45.7906], [21.2239231, 45.7906787], [21.2239164, 45.7907655], [21.2239373, 45.7908242], [21.2237619, 45.7909755], [21.2248209, 45.7918085], [21.2235837, 45.7925641], [21.2232454, 45.7923395], [21.2225515, 45.791914], [21.220988, 45.7927935], [21.2208513, 45.7926805], [21.2183869, 45.7941723], [21.2182688, 45.7941335], [21.2179057, 45.793961], [21.2175731, 45.7937802], [21.2165162, 45.7933521], [21.2160615, 45.7931815], [21.2159013, 45.793193], [21.2152828, 45.7935517], [21.2152295, 45.7934945], [21.2137284, 45.7921045], [21.2134248, 45.7918843], [21.2120518, 45.7914958], [21.2113651, 45.7912553], [21.2109153, 45.7915633], [21.2092006, 45.7926733], [21.2081944, 45.7933196], [21.2075223, 45.7937733], [21.2073287, 45.793972], [21.2057178, 45.7963493], [21.2054486, 45.7967125], [21.2052384, 45.7970187], [21.2046125, 45.7979713], [21.203814, 45.7990948], [21.2027849, 45.8005708], [21.2018127, 45.8019039], [21.2016883, 45.8021205], [21.2014367, 45.8024209], [21.2012189, 45.8026557], [21.2011296, 45.8027793], [21.1991163, 45.8042962], [21.1974668, 45.8056014], [21.1972412, 45.8057865], [21.1971318, 45.8059096], [21.1971457, 45.8059533], [21.1970205, 45.8063035], [21.1968798, 45.8067978], [21.1967041, 45.8071696], [21.1974847, 45.8078264], [21.1989244, 45.8089711], [21.2001876, 45.8100656], [21.2010017, 45.8107156], [21.2024815, 45.8119818], [21.2032741, 45.8125765], [21.204242, 45.8133992], [21.2048188, 45.8137301], [21.2061354, 45.814544], [21.2066883, 45.8148591], [21.2071606, 45.8151018], [21.2089139, 45.8160592], [21.2094052, 45.8162327], [21.210257, 45.8165602], [21.2114401, 45.8169854], [21.2125155, 45.8173827], [21.2136235, 45.8178784], [21.2137819, 45.8179634], [21.2147174, 45.8185124], [21.2171331, 45.819822], [21.2171467, 45.8199371], [21.2175759, 45.8201651], [21.2200274, 45.8213576], [21.2220493, 45.8223224], [21.2242453, 45.8233941], [21.2260644, 45.8240354], [21.2264627, 45.8241608], [21.2249482, 45.8245853], [21.2242605, 45.824782], [21.2240308, 45.8248542], [21.2237422, 45.8248747], [21.2235905, 45.8247698], [21.2233499, 45.824687], [21.2226076, 45.8245826], [21.2223326, 45.8245336], [21.2221783, 45.8244936], [21.2220437, 45.8244791], [21.2219542, 45.8244836], [21.2211707, 45.8247323], [21.2191644, 45.8254607], [21.217001, 45.8263165], [21.2160731, 45.8266348], [21.214553, 45.8269619], [21.2124924, 45.8273133], [21.2118251, 45.8274183], [21.2110122, 45.8275659], [21.2106865, 45.8276323], [21.210301, 45.8276869], [21.2097012, 45.8277442], [21.2087383, 45.8278573], [21.2085084, 45.8278796], [21.2080966, 45.8279008], [21.2080715, 45.8279548], [21.2079119, 45.8279395], [21.2075876, 45.8279337], [21.2073762, 45.8279466], [21.2068876, 45.8280476], [21.2055189, 45.8282922], [21.2044971, 45.8284677], [21.2013429, 45.8289893], [21.1996914, 45.829241], [21.1977618, 45.8295492], [21.1969505, 45.8296718], [21.1950922, 45.829919], [21.1935977, 45.830124], [21.1924994, 45.8302169], [21.1914483, 45.8302965], [21.1900886, 45.8303588], [21.1891913, 45.8303811], [21.1888579, 45.8303525], [21.1861231, 45.8301686], [21.1859279, 45.8301521], [21.1859242, 45.8301021], [21.1781205, 45.8296285], [21.175644, 45.8294706], [21.1744768, 45.8293592], [21.1711816, 45.8290715], [21.1702173, 45.8289792], [21.1689221, 45.8288281], [21.1677754, 45.8286898], [21.1671551, 45.8286291], [21.1669599, 45.8286126], [21.1665868, 45.82859], [21.1660924, 45.8285659], [21.1650949, 45.8284923], [21.1642628, 45.8284493], [21.1635786, 45.8283839], [21.1614283, 45.828164], [21.1605546, 45.8280523], [21.1588773, 45.8278462], [21.1583328, 45.827773], [21.1580573, 45.8277313], [21.1561066, 45.8272504], [21.1550674, 45.8270034], [21.1548879, 45.8269674], [21.1547371, 45.8273405], [21.1545844, 45.8280535], [21.1542359, 45.8289669], [21.1537573, 45.8286858], [21.1534081, 45.828472], [21.1520186, 45.8276376], [21.1510995, 45.8271084], [21.1502648, 45.8277879], [21.1494749, 45.8283956], [21.1489518, 45.8287487], [21.1489337, 45.8288262], [21.1489388, 45.8288912], [21.1485552, 45.8292931], [21.1473193, 45.8305553], [21.1463854, 45.8315333], [21.1462287, 45.8316732], [21.1460222, 45.8318404], [21.1458182, 45.8319698], [21.1456543, 45.8320528], [21.1453906, 45.8321689], [21.1451586, 45.8322415], [21.1450249, 45.8322794], [21.1448464, 45.832318], [21.1446076, 45.8323502], [21.1440899, 45.8323952], [21.1438162, 45.8324239], [21.1436171, 45.832482], [21.1434892, 45.832529], [21.1433024, 45.8326411], [21.1432346, 45.8326968], [21.1431574, 45.8327501], [21.1430637, 45.832829], [21.1429231, 45.8329203], [21.1428252, 45.8329952], [21.1426421, 45.8331923], [21.1425803, 45.8332996], [21.1424843, 45.8333947], [21.142287, 45.8335198], [21.1421192, 45.8336347], [21.1419043, 45.8337369], [21.14173, 45.8338069], [21.1415532, 45.8338679], [21.1413642, 45.8339196], [21.141241, 45.8339445], [21.1410893, 45.8339662], [21.1408198, 45.8339794], [21.1407486, 45.8339926], [21.1406962, 45.8340109], [21.1406089, 45.8340705], [21.1404704, 45.8341735], [21.1403352, 45.8340952], [21.1400845, 45.8339304], [21.1398344, 45.8337566], [21.1396284, 45.833638], [21.139485, 45.8335393], [21.1393826, 45.8334487], [21.1393254, 45.8333826], [21.1392735, 45.8332558], [21.1392665, 45.833126], [21.1392936, 45.8329192], [21.1392617, 45.8327796], [21.1392251, 45.8326622], [21.1391567, 45.8325415], [21.1390565, 45.8324198], [21.1389482, 45.8323223], [21.138908, 45.8322561], [21.1388673, 45.832152], [21.1388584, 45.832049], [21.1388921, 45.8319317], [21.1390457, 45.8317563], [21.1391571, 45.8316707], [21.1393551, 45.8315344], [21.1396459, 45.8313522], [21.1398553, 45.8311895], [21.1399312, 45.8310626], [21.1399438, 45.8309736], [21.1398661, 45.8308035], [21.1397753, 45.8306373], [21.1396567, 45.8305038], [21.1395345, 45.8304215], [21.1394107, 45.8303637], [21.1392742, 45.8303193], [21.1390725, 45.8302767], [21.1388378, 45.8302509], [21.1386765, 45.8302253], [21.1384432, 45.8301794], [21.1382409, 45.8301458], [21.1380905, 45.8301027], [21.1378995, 45.8300449], [21.1375384, 45.8299053], [21.1373651, 45.8298235], [21.1366089, 45.8295379], [21.1358876, 45.8292901], [21.1353522, 45.8291289], [21.1351648, 45.8290668], [21.1348513, 45.828931], [21.1343862, 45.828817], [21.133585, 45.8286625], [21.1334711, 45.8286485], [21.1331997, 45.8286438], [21.1330997, 45.8286583], [21.1329894, 45.8286813], [21.1328492, 45.8287212], [21.1326331, 45.8287943], [21.1323662, 45.8289104], [21.1318559, 45.8291231], [21.131551, 45.8292334], [21.1313252, 45.8292637], [21.1312046, 45.8292506], [21.131136, 45.829226], [21.1310944, 45.8291799], [21.1309852, 45.8290958], [21.1308892, 45.8290054], [21.1306495, 45.8288208], [21.1303254, 45.8285421], [21.1301425, 45.8283683], [21.1300958, 45.8282573], [21.1300576, 45.8281175], [21.1300761, 45.8280355], [21.1301324, 45.8279146], [21.1303048, 45.8276881], [21.1307001, 45.8274268], [21.1309372, 45.8272807], [21.131176, 45.827068], [21.1312665, 45.8269616], [21.1313833, 45.8267981], [21.1313869, 45.8266999], [21.1313272, 45.8265929], [21.1312165, 45.8264842], [21.1310349, 45.8263842], [21.1307497, 45.826303], [21.1304605, 45.8262329], [21.1296826, 45.8261574], [21.1292679, 45.8261455], [21.1288051, 45.8261429], [21.1284208, 45.8261075], [21.1279641, 45.8260563], [21.127539, 45.8259637], [21.1271246, 45.8258558], [21.1267213, 45.8257728], [21.1263955, 45.8256769], [21.1262524, 45.8256206], [21.1261258, 45.825556], [21.1259826, 45.8254551], [21.1258801, 45.8253667], [21.1257179, 45.8251987], [21.1254371, 45.8248698], [21.1250905, 45.8245229], [21.1250657, 45.8244194], [21.1250635, 45.824359], [21.1250817, 45.8242814], [21.1251192, 45.8241935], [21.1251541, 45.8241501], [21.125242, 45.8240641], [21.1254309, 45.8239655], [21.1256224, 45.8238957], [21.1257944, 45.8238443], [21.1262095, 45.8236993], [21.1265194, 45.8235636], [21.1267192, 45.8234341], [21.1269193, 45.8232405], [21.1270058, 45.8231098], [21.1270799, 45.8229597], [21.1270659, 45.8227145], [21.1269347, 45.8224564], [21.1267131, 45.8221952], [21.1264689, 45.8219785], [21.126232, 45.8218437], [21.1259328, 45.8217656], [21.1254787, 45.8216776], [21.1251327, 45.8216206], [21.1249897, 45.8215342], [21.1249403, 45.8214057], [21.1249833, 45.8212531], [21.1252007, 45.8210159], [21.1255819, 45.8207526], [21.125952, 45.8205568], [21.1264938, 45.820331], [21.127227, 45.8200389], [21.1274449, 45.8198877], [21.1275606, 45.819715], [21.1275629, 45.8195883], [21.1274381, 45.8194255], [21.127168, 45.8193031], [21.1269532, 45.8192233], [21.1261865, 45.8189708], [21.1258896, 45.818861], [21.1255576, 45.8186958], [21.1252475, 45.818495], [21.1250907, 45.8183266], [21.1250219, 45.8181974], [21.1250252, 45.8180571], [21.1250802, 45.8179186], [21.1252826, 45.8178032], [21.1254841, 45.8177013], [21.1257244, 45.8176008], [21.1260334, 45.8174437], [21.1263751, 45.8172832], [21.1266658, 45.8170669], [21.1269444, 45.8167804], [21.1270342, 45.8166501], [21.1270822, 45.8165184], [21.1270946, 45.8163403], [21.1270617, 45.8162081], [21.1270099, 45.816116], [21.1268894, 45.8159899], [21.1268083, 45.8159241], [21.1265748, 45.8157941], [21.1263377, 45.8156708], [21.1259108, 45.8154868], [21.1256123, 45.8153637], [21.1253399, 45.8152821], [21.1243211, 45.8142559], [21.1235139, 45.8134511], [21.1228713, 45.8126635], [21.1224229, 45.812185], [21.1222772, 45.8121891], [21.1209815, 45.8108549], [21.1203533, 45.8102211], [21.1195331, 45.809373], [21.1190121, 45.8094475], [21.116105, 45.8098343], [21.1155603, 45.8097185], [21.1156991, 45.8096639], [21.115994, 45.8095135], [21.1162347, 45.8093522], [21.116406, 45.8092134], [21.1165481, 45.8090759], [21.1166606, 45.8089464], [21.1169026, 45.8085819], [21.116949, 45.8084727], [21.1170966, 45.8082563], [21.1172249, 45.8081617], [21.1175447, 45.8079783], [21.1179423, 45.8077003], [21.1183103, 45.8074756], [21.1186428, 45.8072497], [21.1187741, 45.8071276], [21.118853, 45.8070151], [21.1188901, 45.8069011], [21.1189158, 45.8067733], [21.1191195, 45.8063555], [21.119216, 45.8061757], [21.119342, 45.8060377], [21.1194733, 45.8059156], [21.1196179, 45.8057895], [21.1201077, 45.8053926], [21.1202134, 45.8052745], [21.120287, 45.805146], [21.1203901, 45.8047789], [21.1204281, 45.804604], [21.1204787, 45.804434], [21.1205072, 45.8041638], [21.1204728, 45.8041016], [21.1204316, 45.8039962], [21.12032, 45.8038817], [21.1201919, 45.8037712], [21.1200673, 45.8036927], [21.1198419, 45.8035404], [21.1190473, 45.8029303], [21.1189044, 45.8028464], [21.1187491, 45.8028027], [21.1186062, 45.8027752], [21.118494, 45.8027623], [21.1183639, 45.8027737], [21.1181066, 45.8028486], [21.1180203, 45.8028818], [21.1179066, 45.8029366], [21.1172548, 45.8031517], [21.1170934, 45.8031959], [21.1169741, 45.8031918], [21.1167111, 45.8031625], [21.1161198, 45.8030678], [21.1160093, 45.8030302], [21.1159347, 45.8029869], [21.1158323, 45.8028795], [21.1156261, 45.8026375], [21.1154456, 45.8023453], [21.1152875, 45.8021051], [21.1149991, 45.801619], [21.1149247, 45.8014331], [21.1148998, 45.8012617], [21.1148401, 45.8011277], [21.1146628, 45.800964], [21.1145103, 45.8008397], [21.1142277, 45.8006692], [21.1140571, 45.8005411], [21.1138621, 45.8004163], [21.1135471, 45.8001803], [21.1134664, 45.8000842], [21.1133885, 45.7999464], [21.1133379, 45.7997484], [21.1133115, 45.7994676], [21.1132598, 45.79935], [21.1131756, 45.7992377], [21.1131183, 45.799136], [21.1130493, 45.7989374], [21.1129793, 45.7986872], [21.1129024, 45.7986009], [21.1126351, 45.7984084], [21.1123092, 45.7981978], [21.1120074, 45.7979561], [21.1118747, 45.7978132], [21.1117716, 45.7976424], [21.111707, 45.7973152], [21.1116821, 45.7970119], [21.1118674, 45.7956026], [21.1118988, 45.7952176], [21.1119412, 45.7949391], [21.1120112, 45.7947934], [21.1120942, 45.7947255], [21.1122539, 45.7946794], [21.1124752, 45.7946065], [21.1127643, 45.7945521], [21.1130972, 45.7944637], [21.1136001, 45.7943135], [21.1140474, 45.7941679], [21.1144545, 45.7940723], [21.1147386, 45.7940131], [21.1149231, 45.7940065], [21.1154777, 45.7940383], [21.1157965, 45.7940202], [21.116012, 45.7939664], [21.1162058, 45.7938926], [21.1164515, 45.7937336], [21.116605, 45.7934461], [21.1166466, 45.7932448], [21.116576, 45.7929991], [21.1164608, 45.7928021], [21.1163442, 45.7924281], [21.1162818, 45.7922007], [21.1160091, 45.7916894], [21.1157611, 45.7913528], [21.1160685, 45.7913203], [21.1160379, 45.7912326], [21.1159558, 45.7910597], [21.1158467, 45.7908673], [21.1157317, 45.7907061], [21.1155863, 45.7905518]]], [[[21.3214554, 45.7962559], [21.3235264, 45.7943834], [21.3272446, 45.7964979], [21.3250338, 45.7982672], [21.3214554, 45.7962559]]]]}}, {"id": "1", "type": "Feature", "properties": {"name": "Dumbr\u0103vi\u021ba", "judet": "TIMI\u0218", "admin_level": "8", "wikidata": null, "place": "municipality", "osm_id": 10488623, "siruta": "155261", "siruta_score": null, "pop_total": 0, "gp_count": null, "nearest_school_m": 108.39110660220835, "nearest_gp_m": null, "nearest_er_m": 5988.424548236289, "school_score": 100.0, "gp_score": null, "hospital_score": 100.0, "composite_score": 100.0, "partial_data": true, "_color_composite": "#f5ecd9", "_color_school": "#f5ecd9", "_color_gp": "#9a9a9a", "_color_hospital": "#f5ecd9", "_display_color": "#f5ecd9"}, "geometry": {"type": "MultiPolygon", "coordinates": [[[[21.2264627, 45.8241608], [21.2260644, 45.8240354], [21.2242453, 45.8233941], [21.2220493, 45.8223224], [21.2200274, 45.8213576], [21.2175759, 45.8201651], [21.2171467, 45.8199371], [21.2171331, 45.819822], [21.2147174, 45.8185124], [21.2137819, 45.8179634], [21.2136235, 45.8178784], [21.2125155, 45.8173827], [21.2114401, 45.8169854], [21.210257, 45.8165602], [21.2094052, 45.8162327], [21.2089139, 45.8160592], [21.2071606, 45.8151018], [21.2066883, 45.8148591], [21.2061354, 45.814544], [21.2048188, 45.8137301], [21.204242, 45.8133992], [21.2032741, 45.8125765], [21.2024815, 45.8119818], [21.2010017, 45.8107156], [21.2001876, 45.8100656], [21.1989244, 45.8089711], [21.1974847, 45.8078264], [21.1967041, 45.8071696], [21.1968798, 45.8067978], [21.1970205, 45.8063035], [21.1971457, 45.8059533], [21.1971318, 45.8059096], [21.1972412, 45.8057865], [21.1974668, 45.8056014], [21.1991163, 45.8042962], [21.2011296, 45.8027793], [21.2012189, 45.8026557], [21.2014367, 45.8024209], [21.2016883, 45.8021205], [21.2018127, 45.8019039], [21.2027849, 45.8005708], [21.203814, 45.7990948], [21.2046125, 45.7979713], [21.2052384, 45.7970187], [21.2054486, 45.7967125], [21.2057178, 45.7963493], [21.2073287, 45.793972], [21.2075223, 45.7937733], [21.2081944, 45.7933196], [21.2092006, 45.7926733], [21.2109153, 45.7915633], [21.2113651, 45.7912553], [21.2120518, 45.7914958], [21.2134248, 45.7918843], [21.2137284, 45.7921045], [21.2152295, 45.7934945], [21.2152828, 45.7935517], [21.2159013, 45.793193], [21.2160615, 45.7931815], [21.2165162, 45.7933521], [21.2175731, 45.7937802], [21.2179057, 45.793961], [21.2182688, 45.7941335], [21.2183869, 45.7941723], [21.2208513, 45.7926805], [21.220988, 45.7927935], [21.2225515, 45.791914], [21.2232454, 45.7923395], [21.2235837, 45.7925641], [21.2248209, 45.7918085], [21.2237619, 45.7909755], [21.2239373, 45.7908242], [21.2239164, 45.7907655], [21.2239231, 45.7906787], [21.2239078, 45.7906], [21.2238494, 45.7905088], [21.2237682, 45.7904439], [21.2237286, 45.7903911], [21.2237247, 45.7903316], [21.2237468, 45.7902813], [21.2236392, 45.7902491], [21.223727, 45.7901112], [21.2237972, 45.790033], [21.2239496, 45.789907], [21.2243396, 45.7896183], [21.2246673, 45.789392], [21.2280121, 45.78797], [21.2280836, 45.7879945], [21.2288405, 45.7876726], [21.2282122, 45.7867447], [21.2295315, 45.7862889], [21.2303625, 45.7859831], [21.2322092, 45.7853527], [21.2331315, 45.7850423], [21.2332512, 45.7850282], [21.2332445, 45.7849833], [21.2332273, 45.7849498], [21.2333824, 45.7849508], [21.2335291, 45.7849361], [21.2338565, 45.7848588], [21.2344293, 45.7846915], [21.2361115, 45.7841357], [21.2364033, 45.7840957], [21.237944, 45.7835145], [21.2402637, 45.7826646], [21.2415415, 45.7821614], [21.2449719, 45.7809166], [21.2449902, 45.7809443], [21.2449996, 45.780941], [21.2482339, 45.7853474], [21.2519806, 45.790382], [21.2595343, 45.8004715], [21.2633357, 45.8055747], [21.2651926, 45.8048526], [21.2677472, 45.8039715], [21.2720003, 45.8023887], [21.274163, 45.8016342], [21.2848345, 45.7977231], [21.2890817, 45.796166], [21.290622, 45.7983786], [21.2885599, 45.7991635], [21.2834591, 45.8001397], [21.2853237, 45.8034353], [21.2856555, 45.8040217], [21.288395, 45.808863], [21.2834918, 45.8121791], [21.2838816, 45.8123926], [21.2807987, 45.8143996], [21.2713405, 45.8204949], [21.2745656, 45.8230474], [21.2721635, 45.8244875], [21.271457, 45.8238961], [21.2710245, 45.8241354], [21.2689706, 45.8225587], [21.2693648, 45.8223037], [21.2676571, 45.8209702], [21.2632469, 45.8237339], [21.2589716, 45.8163678], [21.2575041, 45.8168089], [21.2517663, 45.8178729], [21.2495319, 45.818342], [21.2457234, 45.819089], [21.2396472, 45.8208998], [21.2387563, 45.8213179], [21.2373916, 45.8223369], [21.2367041, 45.8226489], [21.2264627, 45.8241608]]]]}}, {"id": "2", "type": "Feature", "properties": {"name": "Ghiroda", "judet": "TIMI\u0218", "admin_level": "8", "wikidata": null, "place": "municipality", "osm_id": 10488624, "siruta": "155289", "siruta_score": null, "pop_total": 0, "gp_count": null, "nearest_school_m": 1661.790098851956, "nearest_gp_m": null, "nearest_er_m": 8092.252931298759, "school_score": 90.54585573068634, "gp_score": null, "hospital_score": 100.0, "composite_score": 93.69723715379088, "partial_data": true, "_color_composite": "#f5ecd9", "_color_school": "#f5ecd9", "_color_gp": "#9a9a9a", "_color_hospital": "#f5ecd9", "_display_color": "#f5ecd9"}, "geometry": {"type": "MultiPolygon", "coordinates": [[[[21.2854543, 45.8130734], [21.2838816, 45.8123926], [21.2834918, 45.8121791], [21.288395, 45.808863], [21.2856555, 45.8040217], [21.2853237, 45.8034353], [21.2834591, 45.8001397], [21.2885599, 45.7991635], [21.290622, 45.7983786], [21.2890817, 45.796166], [21.2880647, 45.7947514], [21.2869944, 45.7932742], [21.2861834, 45.7921741], [21.2859131, 45.791827], [21.2857208, 45.7915283], [21.2844933, 45.789786], [21.2840945, 45.7892471], [21.2834955, 45.7884004], [21.2832632, 45.7880916], [21.2828564, 45.7875373], [21.2825709, 45.7871395], [21.2823473, 45.7867939], [21.2821007, 45.7864672], [21.2813501, 45.7853952], [21.2809079, 45.7847719], [21.2798447, 45.7832425], [21.2789951, 45.782115], [21.2786151, 45.7816355], [21.2778385, 45.7806326], [21.277411, 45.780025], [21.2761998, 45.7783334], [21.2758187, 45.7778344], [21.2762492, 45.7776957], [21.2771154, 45.7773879], [21.2789923, 45.7767451], [21.2796242, 45.7764864], [21.279739, 45.7764067], [21.2803997, 45.7761838], [21.2822072, 45.7756099], [21.2823794, 45.7749418], [21.2853339, 45.7754158], [21.2857942, 45.7754854], [21.2863308, 45.7755591], [21.2865648, 45.7746217], [21.2870232, 45.772941], [21.2846341, 45.772551], [21.2821256, 45.7721319], [21.2811282, 45.7719771], [21.2797712, 45.7717425], [21.2780292, 45.7714761], [21.2749808, 45.7709746], [21.2750965, 45.7706903], [21.2751434, 45.7704169], [21.2752002, 45.7702274], [21.2752578, 45.7701095], [21.2753048, 45.7699429], [21.2753745, 45.7697268], [21.2754357, 45.7694718], [21.2754841, 45.7692436], [21.2755439, 45.7689267], [21.275606, 45.7684514], [21.2755989, 45.7683507], [21.2755472, 45.7681731], [21.2754823, 45.768028], [21.2754349, 45.7679051], [21.2753665, 45.7676883], [21.2753274, 45.767488], [21.2753279, 45.7672735], [21.2753535, 45.7670965], [21.2753891, 45.7669354], [21.2754392, 45.7667792], [21.2754732, 45.7666735], [21.2755516, 45.7664925], [21.2756155, 45.7663206], [21.2756723, 45.765563], [21.2780399, 45.7655794], [21.2780033, 45.7657588], [21.2780051, 45.7658149], [21.2780442, 45.765849], [21.2781395, 45.7658695], [21.2786564, 45.7659482], [21.2792377, 45.7660542], [21.2796395, 45.7660803], [21.2800014, 45.7661439], [21.2805053, 45.766225], [21.2813056, 45.7662597], [21.2817265, 45.766237], [21.2822722, 45.7662405], [21.2822011, 45.7658151], [21.2821707, 45.7655732], [21.2822052, 45.7652348], [21.2822604, 45.7650621], [21.2823385, 45.7649142], [21.2823925, 45.7648365], [21.2825676, 45.7646861], [21.2830681, 45.7643411], [21.2834866, 45.7640867], [21.2836531, 45.7639975], [21.2837365, 45.7639774], [21.2838539, 45.7639593], [21.2840975, 45.7644978], [21.2858355, 45.7644967], [21.2852489, 45.7635989], [21.2855576, 45.7635899], [21.2855483, 45.7632105], [21.2857826, 45.7632033], [21.2857796, 45.7631017], [21.2862326, 45.7630929], [21.2865664, 45.7626919], [21.2861077, 45.7620477], [21.2857868, 45.761572], [21.285573, 45.7612353], [21.2853852, 45.7609501], [21.28547, 45.7608815], [21.2854441, 45.7605618], [21.285434, 45.7602884], [21.2858444, 45.7602292], [21.2860948, 45.7600274], [21.2862577, 45.7599336], [21.2864182, 45.7599084], [21.2874328, 45.7598092], [21.2896697, 45.7596013], [21.2900827, 45.7595475], [21.2903142, 45.7594704], [21.2907289, 45.7592973], [21.2946761, 45.7577523], [21.2961943, 45.7571659], [21.2963657, 45.7571064], [21.2964237, 45.7570735], [21.2959395, 45.7566057], [21.2947397, 45.7553756], [21.2939814, 45.7546067], [21.2937696, 45.7543802], [21.2941906, 45.7541222], [21.2951373, 45.7535608], [21.2954756, 45.7533262], [21.2961125, 45.7529823], [21.2963519, 45.7528317], [21.2963925, 45.7527809], [21.2964081, 45.7527337], [21.2963408, 45.7526252], [21.2961205, 45.7523468], [21.296428, 45.7519662], [21.297566, 45.7506688], [21.2969465, 45.7504252], [21.2971128, 45.7501466], [21.2971714, 45.7500598], [21.298127, 45.7505291], [21.2980664, 45.7506128], [21.3116139, 45.7548237], [21.3248225, 45.758823], [21.3251395, 45.7590553], [21.3311335, 45.7617525], [21.3312076, 45.7618201], [21.3303783, 45.7642391], [21.330565, 45.7647605], [21.331143, 45.7655033], [21.3326775, 45.7666658], [21.3343257, 45.7657981], [21.3347805, 45.7659776], [21.3350523, 45.7663265], [21.3344789, 45.766607], [21.3345976, 45.7670871], [21.3347365, 45.7672909], [21.3351129, 45.7673923], [21.3354109, 45.7680891], [21.3358502, 45.7684296], [21.3362616, 45.7692247], [21.3388893, 45.7703468], [21.3395666, 45.7704029], [21.3398788, 45.7702102], [21.3402056, 45.7692724], [21.340212, 45.7688741], [21.340931, 45.7692201], [21.3410263, 45.7696389], [21.3422027, 45.7703501], [21.3427501, 45.7702405], [21.3429657, 45.7690945], [21.3432376, 45.7689177], [21.3436547, 45.7689242], [21.3444998, 45.7692193], [21.3470951, 45.7692398], [21.3477735, 45.769155], [21.3483069, 45.768509], [21.3492975, 45.7682315], [21.3505498, 45.7680827], [21.3508829, 45.7681724], [21.3511583, 45.7684663], [21.3511933, 45.7684942], [21.3512964, 45.768521], [21.3527053, 45.769493], [21.3530588, 45.769567], [21.3544659, 45.769498], [21.3549047, 45.7698316], [21.3545916, 45.7702576], [21.3535565, 45.7707921], [21.3528814, 45.771409], [21.3502242, 45.7745099], [21.3504417, 45.7748812], [21.3510321, 45.7754221], [21.3520753, 45.7758789], [21.3520913, 45.7768267], [21.3520282, 45.7774912], [21.3493671, 45.7792392], [21.3497748, 45.7806726], [21.3503557, 45.781179], [21.3517505, 45.7835458], [21.3529431, 45.7850884], [21.3529565, 45.7882885], [21.353158, 45.7892638], [21.3529616, 45.7895633], [21.3525199, 45.7898195], [21.3536987, 45.8008393], [21.3537577, 45.8034037], [21.3526457, 45.8058053], [21.3512813, 45.8081555], [21.3470488, 45.8093105], [21.3470118, 45.8131923], [21.344602, 45.8140787], [21.336364, 45.8171402], [21.3314173, 45.8194552], [21.327259, 45.8208996], [21.3261997, 45.8210097], [21.3189949, 45.8207161], [21.3181995, 45.8209241], [21.3160426, 45.8218714], [21.3154179, 45.8213564], [21.3147977, 45.8216358], [21.3138601, 45.8212448], [21.3134404, 45.8211968], [21.3132631, 45.821277], [21.310918, 45.8201763], [21.3104036, 45.8203726], [21.3101258, 45.8201884], [21.3085629, 45.8209246], [21.3070872, 45.8211825], [21.3064404, 45.8204091], [21.3060095, 45.820457], [21.3054675, 45.8202539], [21.3050311, 45.8196788], [21.3037781, 45.8202635], [21.3024433, 45.8187462], [21.3002047, 45.8197568], [21.2988621, 45.8197647], [21.2976498, 45.8204743], [21.2950406, 45.81835], [21.2943674, 45.8173713], [21.293492, 45.8163999], [21.2932464, 45.8158791], [21.2917663, 45.8146154], [21.2898139, 45.8137487], [21.2887306, 45.813531], [21.2876208, 45.8135155], [21.2866261, 45.8131923], [21.2854543, 45.8130734]], [[21.3272446, 45.7964979], [21.3235264, 45.7943834], [21.3214554, 45.7962559], [21.3250338, 45.7982672], [21.3272446, 45.7964979]]]]}}, {"id": "3", "type": "Feature", "properties": {"name": "S\u0103c\u0103laz", "judet": "TIMI\u0218", "admin_level": "8", "wikidata": null, "place": "municipality", "osm_id": 10488637, "siruta": "158564", "siruta_score": null, "pop_total": 0, "gp_count": null, "nearest_school_m": 733.1788917937021, "nearest_gp_m": null, "nearest_er_m": 15093.042247104431, "school_score": 100.0, "gp_score": null, "hospital_score": 87.2673943822389, "composite_score": 95.75579812741296, "partial_data": true, "_color_composite": "#f5ecd9", "_color_school": "#f5ecd9", "_color_gp": "#9a9a9a", "_color_hospital": "#f5ecd9", "_display_color": "#f5ecd9"}, "geometry": {"type": "MultiPolygon", "coordinates": [[[[20.9244086, 45.7799306], [20.9352407, 45.7704784], [20.9485152, 45.7578355], [20.9493942, 45.7571711], [20.9514084, 45.7551272], [20.9522249, 45.7538222], [20.9544063, 45.7496813], [20.9599877, 45.7386494], [20.9592261, 45.7384007], [20.9589402, 45.7381433], [20.9600343, 45.7352099], [20.9598304, 45.7344569], [20.9601251, 45.7343995], [20.9601393, 45.7342041], [20.9609426, 45.7332157], [20.9615969, 45.7326513], [20.9621123, 45.7325189], [20.9618806, 45.7322997], [20.9626717, 45.732373], [20.9642901, 45.7336582], [20.966111, 45.7353405], [20.9669586, 45.7325456], [20.9683296, 45.730306], [20.9688128, 45.7300217], [20.9694619, 45.7298262], [20.9704967, 45.7298026], [20.971752, 45.7292594], [20.9734981, 45.7274303], [20.9772103, 45.7239012], [20.9788972, 45.7223033], [20.9797102, 45.721815], [20.9804237, 45.7212075], [20.9809572, 45.7194865], [20.9811565, 45.7192273], [20.9814522, 45.7191374], [20.9831275, 45.7192314], [20.9861441, 45.7189968], [20.9879066, 45.7196486], [20.9892358, 45.7202964], [20.9903451, 45.720633], [20.9908784, 45.7203656], [20.9919694, 45.7194885], [20.9931838, 45.7187327], [20.9935641, 45.7182842], [20.9939063, 45.7181403], [20.9950436, 45.7179734], [20.9954772, 45.7180794], [20.9964946, 45.7195568], [20.9972116, 45.7200582], [20.9974836, 45.7201179], [20.998375, 45.7204307], [20.9988039, 45.7208079], [20.998977, 45.7220072], [20.9992673, 45.7221931], [21.0020585, 45.7226008], [21.0026278, 45.7224507], [21.003528, 45.7218078], [21.0041098, 45.7217092], [21.0049248, 45.7225398], [21.0052962, 45.7237343], [21.0060552, 45.7240472], [21.0068505, 45.7240212], [21.0077625, 45.7243451], [21.0079101, 45.7246592], [21.0079056, 45.7256283], [21.008074, 45.7257079], [21.0094151, 45.7250515], [21.0109541, 45.7249864], [21.011795, 45.7247182], [21.0131734, 45.7232653], [21.0132111, 45.7224532], [21.0135165, 45.7222003], [21.0143851, 45.7223384], [21.0152099, 45.7222964], [21.015736, 45.7225245], [21.0160511, 45.7236125], [21.0174387, 45.7244626], [21.0175388, 45.7254439], [21.0178328, 45.7257489], [21.0181777, 45.725795], [21.0194012, 45.725441], [21.020527, 45.7254292], [21.0217603, 45.7256196], [21.0234004, 45.7254983], [21.0236976, 45.7253047], [21.0241553, 45.7246178], [21.0248634, 45.7226592], [21.0259566, 45.7222581], [21.0265449, 45.7222956], [21.0268382, 45.7225552], [21.0271243, 45.7233134], [21.0274015, 45.7236649], [21.0296108, 45.7246461], [21.0297379, 45.7249651], [21.0296391, 45.7251033], [21.0273902, 45.7257327], [21.0260169, 45.7268837], [21.0237741, 45.7280181], [21.0234833, 45.728521], [21.0236351, 45.729232], [21.0238306, 45.7294428], [21.0241826, 45.7295033], [21.0258845, 45.7286275], [21.026482, 45.7277981], [21.0272519, 45.727032], [21.0276082, 45.7269736], [21.0292638, 45.7271475], [21.0313768, 45.7269802], [21.0316428, 45.7272433], [21.0314104, 45.7277227], [21.0302326, 45.7277185], [21.0298653, 45.7278162], [21.0297411, 45.7281407], [21.0297584, 45.7290107], [21.028867, 45.7295322], [21.0274461, 45.7300438], [21.0272083, 45.7302566], [21.027154, 45.7305069], [21.0276983, 45.7306535], [21.0294291, 45.7305397], [21.030391, 45.7306781], [21.0320155, 45.7320894], [21.0322423, 45.7321455], [21.0327962, 45.7320996], [21.0332506, 45.7317442], [21.0331288, 45.7307696], [21.0339951, 45.7304285], [21.0346137, 45.7300419], [21.0358701, 45.7297371], [21.0378399, 45.7298139], [21.0391692, 45.729452], [21.0396594, 45.7296193], [21.0397412, 45.7301776], [21.0407189, 45.7310647], [21.0414103, 45.7311828], [21.0424, 45.7309848], [21.0439811, 45.7311843], [21.0445012, 45.7311003], [21.0457346, 45.7314067], [21.0464557, 45.730875], [21.0471554, 45.7300264], [21.0480893, 45.7293587], [21.051452, 45.7290244], [21.0518244, 45.7290826], [21.0521625, 45.7293409], [21.052385, 45.7298588], [21.0521417, 45.7302074], [21.0503586, 45.7317743], [21.0502979, 45.7320018], [21.0503984, 45.7320704], [21.052567, 45.7324347], [21.0545966, 45.7321763], [21.0550821, 45.7319522], [21.0556895, 45.7309756], [21.0560328, 45.7307911], [21.056268, 45.7309579], [21.0564772, 45.7318948], [21.0568298, 45.7319467], [21.0576008, 45.7317495], [21.0591655, 45.7309194], [21.0596938, 45.7308328], [21.0602071, 45.73095], [21.0604378, 45.7311224], [21.0605304, 45.7321062], [21.0607786, 45.7323188], [21.0610183, 45.7323073], [21.0622414, 45.7320718], [21.0626258, 45.7316147], [21.0630526, 45.7301899], [21.0635378, 45.7295662], [21.0641908, 45.7290899], [21.0645024, 45.7285736], [21.0644376, 45.7269731], [21.0650845, 45.7262954], [21.0655686, 45.7262045], [21.0660694, 45.7264513], [21.0661077, 45.7267134], [21.065821, 45.7273922], [21.0660957, 45.7278608], [21.0666163, 45.728114], [21.0678132, 45.7283463], [21.06819, 45.7285152], [21.0690652, 45.7286191], [21.0708069, 45.7282477], [21.0711026, 45.7283033], [21.0711849, 45.7284563], [21.0719369, 45.7284709], [21.0726484, 45.7281979], [21.0737014, 45.7271805], [21.0742437, 45.7268364], [21.0748066, 45.7255096], [21.0750779, 45.7252781], [21.0760259, 45.7251521], [21.0767849, 45.725181], [21.0783219, 45.7258813], [21.0791218, 45.7256736], [21.0801031, 45.7250158], [21.0805009, 45.7251741], [21.0810799, 45.7256333], [21.082572, 45.7254236], [21.0833276, 45.7256734], [21.0844312, 45.7258701], [21.0846941, 45.7257573], [21.086229, 45.7243618], [21.0865853, 45.7241807], [21.0898414, 45.7241026], [21.0905415, 45.7242797], [21.091159, 45.7247469], [21.0913357, 45.7252886], [21.0910617, 45.7259651], [21.0912531, 45.7261219], [21.0934188, 45.7258334], [21.0953716, 45.7245849], [21.0956221, 45.7245339], [21.0963331, 45.7247283], [21.0972056, 45.7253931], [21.0979682, 45.7266144], [21.0981669, 45.7272475], [21.0988478, 45.7276421], [21.0995081, 45.7277526], [21.1002977, 45.7275042], [21.1008582, 45.7271294], [21.1012678, 45.7267127], [21.1013449, 45.7263044], [21.101779, 45.7259423], [21.1032008, 45.7255573], [21.1035927, 45.7256274], [21.1039754, 45.7259437], [21.1051364, 45.726247], [21.1059065, 45.727047], [21.1063787, 45.7272417], [21.107751, 45.7269437], [21.1087159, 45.7269823], [21.1111051, 45.7276109], [21.1119728, 45.7272979], [21.1128723, 45.7271132], [21.1134138, 45.727126], [21.1144491, 45.7274334], [21.1149996, 45.7273757], [21.1147361, 45.7311817], [21.1210576, 45.7329197], [21.1214861, 45.7331044], [21.1222001, 45.7336672], [21.122891, 45.7339693], [21.1233472, 45.7340472], [21.125059, 45.7340006], [21.1256946, 45.7341186], [21.1269327, 45.734979], [21.1270102, 45.7350356], [21.1270266, 45.73509], [21.1270344, 45.7351526], [21.1270182, 45.7352116], [21.1269957, 45.7352448], [21.125605, 45.7367783], [21.1245726, 45.7378852], [21.1256289, 45.7389633], [21.1258212, 45.739052], [21.1260202, 45.7391013], [21.1263811, 45.7390937], [21.1266924, 45.7391015], [21.1270791, 45.7391883], [21.1273752, 45.7392976], [21.1275502, 45.7394027], [21.1277913, 45.7394874], [21.1280372, 45.739561], [21.1283242, 45.7396274], [21.1286385, 45.7396494], [21.1289588, 45.7396433], [21.1292611, 45.7401761], [21.1298554, 45.7412421], [21.130738, 45.741068], [21.1308156, 45.7410593], [21.1321854, 45.7409245], [21.1322624, 45.7409242], [21.1336334, 45.7408319], [21.1335732, 45.7409999], [21.1335444, 45.7410641], [21.1335564, 45.7411358], [21.133657, 45.7412611], [21.1339653, 45.7415796], [21.1343292, 45.7418215], [21.1345397, 45.7419392], [21.1347218, 45.7419992], [21.135032, 45.7420806], [21.1352359, 45.7421187], [21.1353607, 45.7421881], [21.1353276, 45.7425498], [21.1351519, 45.7432683], [21.134967, 45.7436588], [21.1348567, 45.7439073], [21.1346103, 45.7439556], [21.1342946, 45.7439534], [21.1340542, 45.7439169], [21.133744, 45.7438355], [21.1334805, 45.7437217], [21.133423, 45.7437339], [21.1333762, 45.7437664], [21.1333496, 45.7437995], [21.1332388, 45.7440465], [21.1325687, 45.7456533], [21.1343001, 45.7455619], [21.1346521, 45.7455086], [21.1348731, 45.7455331], [21.1350911, 45.7455434], [21.1355543, 45.7455094], [21.1376839, 45.7454003], [21.1379588, 45.7454068], [21.1375402, 45.747362], [21.1371382, 45.749369], [21.1371907, 45.7493708], [21.1378563, 45.7493509], [21.1380027, 45.7493694], [21.1385927, 45.7500327], [21.1394335, 45.7500555], [21.1396026, 45.7500698], [21.1396556, 45.7501226], [21.1398698, 45.7504092], [21.1400321, 45.7506981], [21.1400985, 45.7508506], [21.1400968, 45.7509922], [21.1400877, 45.7510656], [21.1400359, 45.751112], [21.1390756, 45.7510999], [21.1387799, 45.7511579], [21.1384482, 45.7512119], [21.1381356, 45.7512806], [21.1378255, 45.7514316], [21.1368972, 45.7516779], [21.1364903, 45.751939], [21.1362117, 45.7521494], [21.1357071, 45.7525942], [21.1354208, 45.7526922], [21.1360652, 45.7532723], [21.1366877, 45.7540501], [21.1366745, 45.7542138], [21.1367435, 45.7543295], [21.1368033, 45.7544024], [21.1368696, 45.7544386], [21.1369573, 45.7544586], [21.1370733, 45.7544795], [21.1371927, 45.7544524], [21.1374664, 45.7543597], [21.1376329, 45.7542945], [21.1378718, 45.7542374], [21.1380251, 45.7542454], [21.1381213, 45.75426], [21.1387142, 45.754589], [21.1387693, 45.7547297], [21.1387762, 45.7554498], [21.1388, 45.755632], [21.1388972, 45.7558082], [21.1390111, 45.7559764], [21.1391854, 45.7560928], [21.1393688, 45.7561926], [21.1396451, 45.756266], [21.1402108, 45.7562852], [21.1407675, 45.7564939], [21.1409626, 45.756543], [21.1415001, 45.7566179], [21.1417838, 45.7566162], [21.1418698, 45.7566021], [21.1419347, 45.7566014], [21.1423058, 45.7568577], [21.1425083, 45.756917], [21.1423602, 45.7575899], [21.1421186, 45.7586247], [21.1420693, 45.7586343], [21.1416412, 45.7609607], [21.1415634, 45.7610318], [21.1414994, 45.7611373], [21.1416202, 45.7611471], [21.1468905, 45.7595098], [21.1509213, 45.7582688], [21.1509437, 45.7586493], [21.1510844, 45.7596899], [21.1511552, 45.7614833], [21.1509818, 45.7617666], [21.1510588, 45.7621801], [21.1511415, 45.7635659], [21.151247, 45.7648561], [21.1513034, 45.7654474], [21.1512238, 45.7657792], [21.1512539, 45.7660174], [21.1511758, 45.7663265], [21.1511222, 45.7665174], [21.1499539, 45.7694469], [21.1494968, 45.7705537], [21.1482688, 45.7733057], [21.1468821, 45.776482], [21.1463983, 45.7775029], [21.1465441, 45.7776212], [21.1466872, 45.7777791], [21.1469568, 45.7780999], [21.1472604, 45.7782803], [21.1475332, 45.7784368], [21.1476786, 45.7785608], [21.1478517, 45.7787537], [21.1480001, 45.7789514], [21.1481917, 45.7791109], [21.1485741, 45.7794413], [21.1491611, 45.7801516], [21.1499291, 45.7811184], [21.1500333, 45.7812523], [21.1503709, 45.7817625], [21.1509982, 45.7825375], [21.1466289, 45.7835207], [21.1417569, 45.7845915], [21.1404301, 45.7849093], [21.1370658, 45.7856378], [21.1365493, 45.7857223], [21.1356907, 45.7859483], [21.1346566, 45.7861342], [21.1331264, 45.7864621], [21.1292426, 45.7873185], [21.1258441, 45.7880532], [21.1234648, 45.7885844], [21.1221541, 45.7887835], [21.1212533, 45.7889362], [21.1152286, 45.7902424], [21.1151168, 45.7901351], [21.1143143, 45.7887949], [21.1134781, 45.7882542], [21.1134618, 45.7881174], [21.1138571, 45.7875959], [21.115096, 45.786741], [21.1161392, 45.7862872], [21.1165757, 45.7859547], [21.1168635, 45.7855715], [21.1170484, 45.7845918], [21.1167009, 45.7834897], [21.1162427, 45.7830281], [21.1154002, 45.7824745], [21.1140845, 45.7821291], [21.1137515, 45.7819124], [21.113765, 45.7811978], [21.1145037, 45.7800187], [21.1143348, 45.7796859], [21.1140318, 45.7795589], [21.1133505, 45.7795027], [21.1112306, 45.779701], [21.109994, 45.778822], [21.1092782, 45.7784807], [21.1016726, 45.7768458], [21.1011615, 45.7765849], [21.0999005, 45.775383], [21.0973485, 45.7742693], [21.096804, 45.7742786], [21.0951676, 45.7747191], [21.0947796, 45.774721], [21.0936072, 45.7737579], [21.093162, 45.773593], [21.0921612, 45.7734421], [21.0909981, 45.7736476], [21.0889364, 45.7742031], [21.0880866, 45.7741207], [21.0877569, 45.7739747], [21.0876215, 45.773785], [21.0879955, 45.7731564], [21.0879478, 45.7726476], [21.0863532, 45.7706761], [21.0857293, 45.7704445], [21.082721, 45.7705095], [21.0786296, 45.77132], [21.0756043, 45.7713001], [21.0732217, 45.7709533], [21.0721488, 45.7710486], [21.064328, 45.773834], [21.0644366, 45.7776622], [21.0643108, 45.7782107], [21.0648728, 45.7877434], [21.062941, 45.7915375], [21.062771, 45.7916255], [21.0622309, 45.7917559], [21.0610954, 45.7917757], [21.0580567, 45.7916482], [21.0435599, 45.791827], [21.0438156, 45.7920777], [21.0437172, 45.7923302], [21.0427004, 45.7937733], [21.0418442, 45.7945028], [21.0416051, 45.7944639], [21.0411138, 45.7940741], [21.039664, 45.7939265], [21.0392728, 45.793477], [21.0387785, 45.7932489], [21.0382493, 45.7931321], [21.0377571, 45.7933517], [21.0375178, 45.7936628], [21.0373143, 45.795452], [21.0365091, 45.7958197], [21.0357719, 45.7963502], [21.0344659, 45.7967673], [21.0341904, 45.7972739], [21.0343377, 45.7975827], [21.0349537, 45.7978447], [21.0359234, 45.797695], [21.0364393, 45.7974106], [21.0369049, 45.7973282], [21.0377611, 45.7973462], [21.0382322, 45.7974651], [21.0383697, 45.7975941], [21.0384173, 45.7981989], [21.0381186, 45.8004186], [21.0384045, 45.8012762], [21.038069, 45.8021458], [21.0368165, 45.8039655], [21.0357153, 45.8046135], [21.0353388, 45.8050184], [21.0357069, 45.8053565], [21.0376172, 45.8056605], [21.0377988, 45.8057654], [21.0382753, 45.8063243], [21.0386741, 45.8070735], [21.0387, 45.8076226], [21.0382595, 45.8080648], [21.0379462, 45.8086869], [21.0376518, 45.8088995], [21.0376978, 45.8094039], [21.0374409, 45.8099193], [21.0378083, 45.8115392], [21.0377687, 45.8118967], [21.0367714, 45.8124548], [21.0363755, 45.8125081], [21.0317584, 45.8120946], [21.0304944, 45.8121306], [21.0294993, 45.812431], [21.028622, 45.8133389], [21.0277995, 45.8146827], [21.0269612, 45.8155061], [21.0254403, 45.8166015], [21.0245701, 45.8186659], [21.0239336, 45.8192796], [21.0235161, 45.8200377], [21.0235045, 45.8204907], [21.0238999, 45.8214283], [21.0242525, 45.8218072], [21.0250212, 45.8220607], [21.0214574, 45.8220029], [21.0204302, 45.8257354], [21.0205816, 45.8258973], [20.9695848, 45.8168708], [20.9698954, 45.815971], [20.9708372, 45.8132587], [20.9713773, 45.8128919], [20.9675185, 45.8092802], [20.9657904, 45.8074195], [20.9600785, 45.8019445], [20.9573432, 45.7994521], [20.9582838, 45.7988104], [20.9549359, 45.7958411], [20.9547608, 45.7957182], [20.9498188, 45.8008698], [20.9416704, 45.8016565], [20.9416037, 45.7913379], [20.9417845, 45.7866206], [20.9278471, 45.7874463], [20.9277988, 45.7870527], [20.9251584, 45.7819875], [20.9244086, 45.7799306]]]]}}, {"id": "4", "type": "Feature", "properties": {"name": "Mo\u0219ni\u021ba Nou\u0103", "judet": "TIMI\u0218", "admin_level": "8", "wikidata": null, "place": "municipality", "osm_id": 10488638, "siruta": "157834", "siruta_score": null, "pop_total": 0, "gp_count": null, "nearest_school_m": 1062.5693612189982, "nearest_gp_m": null, "nearest_er_m": 8899.631713616698, "school_score": 99.10615198258574, "gp_score": null, "hospital_score": 100.0, "composite_score": 99.40410132172384, "partial_data": true, "_color_composite": "#f5ecd9", "_color_school": "#f5ecd9", "_color_gp": "#9a9a9a", "_color_hospital": "#f5ecd9", "_display_color": "#f5ecd9"}, "geometry": {"type": "MultiPolygon", "coordinates": [[[[21.2790451, 45.7148714], [21.277376, 45.7123291], [21.276572, 45.7129977], [21.2721177, 45.7157523], [21.272122, 45.7146161], [21.2713343, 45.7140501], [21.2707556, 45.7129776], [21.2675708, 45.7082245], [21.2658277, 45.7053822], [21.2633391, 45.7019382], [21.267911, 45.7010089], [21.2696424, 45.7013614], [21.2703764, 45.7017154], [21.2711496, 45.7023337], [21.2728714, 45.7049166], [21.2742853, 45.7045164], [21.2785093, 45.7111146], [21.2794823, 45.7099236], [21.2854209, 45.7038379], [21.2840449, 45.7029081], [21.2832441, 45.6999739], [21.2828289, 45.6995397], [21.2827943, 45.6985868], [21.2799319, 45.6990987], [21.2792662, 45.6988502], [21.2766194, 45.6893367], [21.2849436, 45.6879392], [21.2846631, 45.6857277], [21.2853065, 45.6854103], [21.2859113, 45.6847938], [21.2901277, 45.6833494], [21.2899247, 45.6820721], [21.2785082, 45.6839843], [21.28295, 45.6743865], [21.2873683, 45.6738376], [21.2881623, 45.6745378], [21.2890275, 45.6750941], [21.2899957, 45.675545], [21.2901676, 45.6754251], [21.2888642, 45.6747928], [21.2884531, 45.6743927], [21.2856159, 45.6706151], [21.2864471, 45.6692001], [21.2869226, 45.6691594], [21.2870855, 45.6696415], [21.2889028, 45.6713045], [21.2890947, 45.6719472], [21.2890099, 45.6730682], [21.28914, 45.6733515], [21.2893727, 45.6734921], [21.2899482, 45.6736256], [21.2910175, 45.6734988], [21.292058, 45.673131], [21.2934965, 45.6723621], [21.2945578, 45.6720184], [21.2952801, 45.6719585], [21.2967294, 45.6722038], [21.2986193, 45.6734254], [21.299326, 45.6746717], [21.2997209, 45.6757977], [21.2999269, 45.6766855], [21.2999438, 45.677612], [21.3001542, 45.6779213], [21.3007241, 45.6783381], [21.301615, 45.6784322], [21.3041112, 45.678289], [21.3056178, 45.6783293], [21.3079253, 45.6787255], [21.3091919, 45.679163], [21.3099952, 45.6796416], [21.3115097, 45.6813856], [21.3119795, 45.6817138], [21.3126294, 45.681907], [21.3131703, 45.681948], [21.3154057, 45.6818587], [21.3171659, 45.6822077], [21.3189588, 45.6832851], [21.3215495, 45.6839714], [21.3221016, 45.6843429], [21.3228067, 45.6852264], [21.3232414, 45.6855795], [21.3241467, 45.6860439], [21.3257285, 45.6865619], [21.3266239, 45.6865908], [21.3275731, 45.6863018], [21.3289095, 45.6855102], [21.3301057, 45.684433], [21.3309573, 45.6839936], [21.3320327, 45.6837478], [21.3336699, 45.6835919], [21.3346877, 45.6830587], [21.3359083, 45.6817844], [21.3369307, 45.6796605], [21.3372574, 45.6793893], [21.3377061, 45.6793594], [21.3405676, 45.6804376], [21.3424716, 45.6808541], [21.344496, 45.6811512], [21.3464411, 45.6822452], [21.3480427, 45.68286], [21.3495452, 45.6830479], [21.3524412, 45.6829919], [21.3538984, 45.6830829], [21.3585631, 45.6841614], [21.3654459, 45.6863947], [21.3669654, 45.6865006], [21.3681297, 45.6864595], [21.3689823, 45.6866282], [21.3696558, 45.6869209], [21.3707064, 45.6875986], [21.3724488, 45.6892813], [21.3732244, 45.6897616], [21.3749138, 45.689891], [21.3794809, 45.6894329], [21.381759, 45.6893224], [21.3834419, 45.6894958], [21.3898718, 45.6905802], [21.3918972, 45.6911582], [21.3931928, 45.6917332], [21.397502, 45.6948558], [21.3976273, 45.6949715], [21.3999146, 45.6966839], [21.4010344, 45.6977858], [21.4017788, 45.6996185], [21.4019922, 45.7013354], [21.4039321, 45.7034573], [21.404283, 45.7046409], [21.4051893, 45.7066421], [21.4057473, 45.7074918], [21.4058316, 45.7080056], [21.4071234, 45.7112367], [21.4079455, 45.7154456], [21.4094586, 45.716179], [21.4091191, 45.7165343], [21.4088657, 45.7168862], [21.4088393, 45.7186318], [21.4085099, 45.719521], [21.4095104, 45.7208799], [21.4113626, 45.7209672], [21.4113321, 45.7214119], [21.4110022, 45.7221968], [21.4109827, 45.7225847], [21.4111238, 45.722725], [21.4106989, 45.7272388], [21.4102328, 45.7271209], [21.4093209, 45.7263891], [21.4086655, 45.7261166], [21.4082818, 45.7260882], [21.4081833, 45.7266141], [21.4077548, 45.7269842], [21.407506, 45.727393], [21.407931, 45.7277054], [21.4080095, 45.7280607], [21.4073386, 45.7284327], [21.4064012, 45.7291838], [21.4056171, 45.7295449], [21.4054255, 45.7297889], [21.4054577, 45.7303726], [21.4059903, 45.7309837], [21.4060567, 45.731359], [21.4031149, 45.729748], [21.4026971, 45.7290428], [21.4020387, 45.7283536], [21.4015647, 45.7280397], [21.4015048, 45.7283259], [21.4013613, 45.7283449], [21.3983723, 45.7256608], [21.3950825, 45.7312419], [21.3952864, 45.7316643], [21.3961538, 45.7323004], [21.3959929, 45.7326967], [21.3953637, 45.7331822], [21.3931975, 45.7344358], [21.3925401, 45.7342755], [21.3920436, 45.7344067], [21.3907314, 45.7354519], [21.3862171, 45.7337378], [21.3840197, 45.7369986], [21.3819831, 45.7370065], [21.3815634, 45.7371345], [21.3795859, 45.7368448], [21.3794946, 45.7366553], [21.3796443, 45.7359428], [21.3793724, 45.7355181], [21.3789039, 45.7352406], [21.3785751, 45.7352428], [21.3779839, 45.7355809], [21.3772683, 45.735444], [21.3771106, 45.7353213], [21.3770669, 45.7350373], [21.3772909, 45.7342099], [21.3766198, 45.7338245], [21.3764869, 45.733212], [21.3744342, 45.7330236], [21.3734708, 45.7310992], [21.3721494, 45.7301635], [21.371968, 45.7301123], [21.3718021, 45.7301976], [21.3708882, 45.7315102], [21.369514, 45.7312156], [21.3652375, 45.7360155], [21.3661227, 45.7370939], [21.3667745, 45.7390627], [21.3681663, 45.7403111], [21.3686367, 45.7462332], [21.3679789, 45.7461887], [21.3676998, 45.7460144], [21.3620393, 45.7425454], [21.3604649, 45.7466296], [21.3589341, 45.7566658], [21.3584346, 45.7566508], [21.3568685, 45.7573633], [21.3559474, 45.7582498], [21.3552161, 45.7596931], [21.3547603, 45.7610766], [21.3544029, 45.761507], [21.3542923, 45.7618531], [21.3546219, 45.7636694], [21.354606, 45.7654636], [21.3539588, 45.766364], [21.3532449, 45.7670276], [21.3522403, 45.7676708], [21.3517815, 45.768194], [21.3511933, 45.7684942], [21.3511583, 45.7684663], [21.3508829, 45.7681724], [21.3505498, 45.7680827], [21.3492975, 45.7682315], [21.3483069, 45.768509], [21.3477735, 45.769155], [21.3470951, 45.7692398], [21.3444998, 45.7692193], [21.3436547, 45.7689242], [21.3432376, 45.7689177], [21.3429657, 45.7690945], [21.3427501, 45.7702405], [21.3422027, 45.7703501], [21.3410263, 45.7696389], [21.340931, 45.7692201], [21.340212, 45.7688741], [21.3402056, 45.7692724], [21.3398788, 45.7702102], [21.3395666, 45.7704029], [21.3388893, 45.7703468], [21.3362616, 45.7692247], [21.3358502, 45.7684296], [21.3354109, 45.7680891], [21.3351129, 45.7673923], [21.3347365, 45.7672909], [21.3345976, 45.7670871], [21.3344789, 45.766607], [21.3350523, 45.7663265], [21.3347805, 45.7659776], [21.3343257, 45.7657981], [21.3326775, 45.7666658], [21.331143, 45.7655033], [21.330565, 45.7647605], [21.3303783, 45.7642391], [21.3312076, 45.7618201], [21.3311335, 45.7617525], [21.3251395, 45.7590553], [21.3248225, 45.758823], [21.3116139, 45.7548237], [21.2980664, 45.7506128], [21.298127, 45.7505291], [21.2971714, 45.7500598], [21.2972708, 45.7499125], [21.2974205, 45.7496905], [21.2975046, 45.7494991], [21.297789, 45.7490367], [21.2980922, 45.7484085], [21.2981421, 45.7482548], [21.2981139, 45.7480819], [21.2980219, 45.7477959], [21.2978741, 45.7475137], [21.2978484, 45.7473099], [21.2978895, 45.7471607], [21.2979339, 45.7470226], [21.2979276, 45.7469403], [21.2978816, 45.7468677], [21.2977208, 45.746816], [21.2973795, 45.7467748], [21.2969102, 45.7466583], [21.2966963, 45.7465829], [21.2965301, 45.7464955], [21.296427, 45.7463991], [21.2963629, 45.746304], [21.2963319, 45.7461826], [21.2963397, 45.7460652], [21.2963937, 45.7459575], [21.2964674, 45.7459079], [21.2965772, 45.7459033], [21.2968449, 45.7459339], [21.2970566, 45.7459845], [21.2970663, 45.7459547], [21.2970547, 45.7458942], [21.2970189, 45.7458428], [21.2969616, 45.7457949], [21.2969088, 45.7457643], [21.2968565, 45.7457242], [21.2967535, 45.7456209], [21.2966951, 45.7455405], [21.2965953, 45.7453471], [21.2965783, 45.7452735], [21.2965607, 45.7450827], [21.2965814, 45.7449777], [21.296617, 45.7448963], [21.2966894, 45.7447987], [21.2967703, 45.7447379], [21.2970365, 45.7446563], [21.2971385, 45.7446077], [21.2972484, 45.7445248], [21.2973184, 45.7444618], [21.2973692, 45.7443578], [21.2973833, 45.7442698], [21.2973738, 45.7442085], [21.29733, 45.7441244], [21.297223, 45.743998], [21.2970949, 45.7439016], [21.2969137, 45.7437785], [21.2967635, 45.7436833], [21.2966699, 45.7436034], [21.2966176, 45.7435652], [21.2965979, 45.74353], [21.2965846, 45.7434834], [21.296591, 45.7434279], [21.2966383, 45.7433353], [21.2967242, 45.7432401], [21.29689, 45.7431418], [21.297048, 45.7430355], [21.2971216, 45.7429651], [21.2973198, 45.7428735], [21.2973903, 45.7428047], [21.2974473, 45.7427316], [21.2975022, 45.7426066], [21.297517, 45.7424668], [21.2974768, 45.7422446], [21.2974226, 45.742068], [21.2974535, 45.7419345], [21.2975318, 45.7417468], [21.2975439, 45.7416876], [21.2975336, 45.7415548], [21.2974925, 45.7414709], [21.2974382, 45.7413788], [21.2970679, 45.7411266], [21.2968818, 45.7409938], [21.2963365, 45.7406878], [21.2960964, 45.7405417], [21.2958919, 45.7403967], [21.2957709, 45.7403298], [21.2956104, 45.740267], [21.2954055, 45.7402103], [21.2952648, 45.7401385], [21.294921, 45.7398987], [21.2947393, 45.7397833], [21.2946466, 45.7397322], [21.2945798, 45.7397051], [21.2944661, 45.7396802], [21.2942252, 45.7396705], [21.2936298, 45.7396665], [21.2932314, 45.7396761], [21.2929781, 45.7396871], [21.2928303, 45.7396804], [21.2927212, 45.7396691], [21.2925725, 45.7396355], [21.2924667, 45.7395744], [21.2924292, 45.7395194], [21.2924196, 45.7394576], [21.2924449, 45.7393662], [21.2925123, 45.7392608], [21.2928752, 45.7390036], [21.2930409, 45.7388649], [21.2931732, 45.7387328], [21.293266, 45.7386209], [21.2934352, 45.7383881], [21.2935166, 45.7382371], [21.2935574, 45.7381193], [21.2936546, 45.7376882], [21.2936891, 45.7373742], [21.2936772, 45.7370589], [21.2936657, 45.736901], [21.2935645, 45.7364827], [21.2935087, 45.7362887], [21.2934927, 45.7361576], [21.2934393, 45.7360521], [21.2933637, 45.7359516], [21.2933014, 45.7358977], [21.293151, 45.7357987], [21.293024, 45.7357273], [21.292767, 45.735546], [21.2927145, 45.7354694], [21.2926732, 45.7353873], [21.2926761, 45.7353029], [21.2927124, 45.7351696], [21.2927908, 45.7350223], [21.2928261, 45.7349446], [21.292839, 45.7348336], [21.2928484, 45.7346514], [21.2928424, 45.7344936], [21.2928093, 45.7343715], [21.2926991, 45.7341279], [21.2926102, 45.733979], [21.2925202, 45.7338454], [21.2924858, 45.7337847], [21.2924041, 45.7335265], [21.2923992, 45.733436], [21.2923657, 45.7333197], [21.2922957, 45.7331752], [21.2921645, 45.7330018], [21.2921291, 45.7329142], [21.2921102, 45.7328216], [21.2921072, 45.7327004], [21.2921474, 45.7323847], [21.2921685, 45.7320261], [21.2921362, 45.7317676], [21.2921123, 45.7316323], [21.2920843, 45.7315565], [21.2919999, 45.731431], [21.2919431, 45.7314001], [21.2918299, 45.7313843], [21.2916635, 45.7313885], [21.2911708, 45.7314597], [21.2910152, 45.7307811], [21.2905305, 45.7288814], [21.2905285, 45.7288391], [21.290424, 45.7288357], [21.2903236, 45.7285728], [21.2902054, 45.7281841], [21.2900121, 45.7276127], [21.289868, 45.72722], [21.2898215, 45.7270658], [21.2896917, 45.7267866], [21.2895547, 45.72655], [21.2891771, 45.7258477], [21.2887561, 45.7250917], [21.2885954, 45.7246863], [21.2883636, 45.7242766], [21.2882533, 45.7240989], [21.2881886, 45.7240876], [21.2879506, 45.7241226], [21.2871159, 45.7242756], [21.2862023, 45.722856], [21.2855031, 45.7217403], [21.2849989, 45.7209907], [21.2847861, 45.7206478], [21.2838173, 45.7191259], [21.2834243, 45.7185418], [21.2826417, 45.7173008], [21.2820247, 45.716346], [21.2819811, 45.7162544], [21.2799566, 45.7163258], [21.2794745, 45.7155067], [21.2792197, 45.7151409], [21.2790451, 45.7148714]]]]}}, {"id": "5", "type": "Feature", "properties": {"name": "Giroc", "judet": "TIMI\u0218", "admin_level": "8", "wikidata": null, "place": "municipality", "osm_id": 10488639, "siruta": "155314", "siruta_score": null, "pop_total": 0, "gp_count": null, "nearest_school_m": 1310.1591605742317, "nearest_gp_m": null, "nearest_er_m": 6862.755063687886, "school_score": 95.56915484893956, "gp_score": null, "hospital_score": 100.0, "composite_score": 97.04610323262636, "partial_data": true, "_color_composite": "#f5ecd9", "_color_school": "#f5ecd9", "_color_gp": "#9a9a9a", "_color_hospital": "#f5ecd9", "_display_color": "#f5ecd9"}, "geometry": {"type": "MultiPolygon", "coordinates": [[[[21.1726132, 45.6887995], [21.1852718, 45.6854376], [21.1917107, 45.6838187], [21.1920101, 45.68382], [21.1911077, 45.6820809], [21.1912104, 45.681909], [21.1904904, 45.6807355], [21.2025136, 45.6787801], [21.2027099, 45.6770025], [21.2020965, 45.6745919], [21.2021904, 45.6745503], [21.2020711, 45.6729577], [21.2021923, 45.6722868], [21.2031782, 45.6704954], [21.2094967, 45.6696253], [21.2095094, 45.6694371], [21.2100314, 45.66926], [21.2099109, 45.6674078], [21.2108957, 45.6673723], [21.2109274, 45.668677], [21.2108048, 45.6692235], [21.2114335, 45.6691774], [21.2115613, 45.6698687], [21.2118999, 45.6702953], [21.212131, 45.6725657], [21.2168941, 45.6724554], [21.2167584, 45.6672875], [21.2165725, 45.6662668], [21.2164067, 45.6658355], [21.2112145, 45.66009], [21.2111652, 45.6593738], [21.2118089, 45.6581753], [21.211877, 45.6576085], [21.2118481, 45.6573461], [21.2110945, 45.656374], [21.2110877, 45.6561447], [21.2114957, 45.6554272], [21.2114026, 45.6551771], [21.2104589, 45.6545936], [21.2101532, 45.6541684], [21.2100927, 45.6538451], [21.2104947, 45.6536095], [21.2105876, 45.6533769], [21.2103729, 45.6530907], [21.209089, 45.6534505], [21.2078707, 45.6529575], [21.2076774, 45.653046], [21.2083396, 45.6536328], [21.208349, 45.6537946], [21.2078118, 45.654177], [21.2071309, 45.6543067], [21.2067163, 45.6546963], [21.2059958, 45.6548709], [21.2058228, 45.654703], [21.2059168, 45.6541945], [21.2057841, 45.6541282], [21.205539, 45.6541286], [21.2049134, 45.6544368], [21.203917, 45.654591], [21.2038217, 45.6536212], [21.2040145, 45.6529434], [21.2044526, 45.652149], [21.2055026, 45.6507467], [21.2060858, 45.6502024], [21.2076536, 45.6492714], [21.2101059, 45.6485262], [21.2106476, 45.6481849], [21.2111736, 45.648036], [21.2158811, 45.6480498], [21.2169454, 45.6480159], [21.2178449, 45.6478202], [21.2186235, 45.6479023], [21.219558, 45.6469549], [21.2212615, 45.6451619], [21.2231273, 45.6451971], [21.2248541, 45.6446399], [21.2259241, 45.6445866], [21.2268164, 45.6446244], [21.228215, 45.6450567], [21.2316112, 45.6469907], [21.2341248, 45.6491313], [21.2347437, 45.649393], [21.2353445, 45.6494129], [21.2357783, 45.6491016], [21.2368716, 45.6474249], [21.2373502, 45.6469582], [21.2377236, 45.6467775], [21.238392, 45.6465584], [21.2395566, 45.6463798], [21.2406288, 45.6462946], [21.241657, 45.6463527], [21.2433952, 45.646756], [21.2448726, 45.6472993], [21.2457533, 45.6477626], [21.2459898, 45.648084], [21.2460065, 45.6504006], [21.2464942, 45.6510801], [21.2473176, 45.6513726], [21.2488277, 45.6512494], [21.2497063, 45.6505384], [21.2506163, 45.6490594], [21.2514546, 45.6480595], [21.251504, 45.6468688], [21.2516956, 45.6463555], [21.2520496, 45.6460996], [21.2548098, 45.6451199], [21.2555534, 45.6440738], [21.2563499, 45.6415652], [21.2582473, 45.6400532], [21.2589012, 45.6400118], [21.2603162, 45.6403417], [21.2604213, 45.640786], [21.2603971, 45.6411473], [21.2588642, 45.6432538], [21.2587834, 45.6444634], [21.2591864, 45.6451537], [21.2602493, 45.6453775], [21.2641873, 45.6448852], [21.2668476, 45.64439], [21.2675177, 45.6444434], [21.2685785, 45.6446986], [21.2699811, 45.6452169], [21.2708397, 45.6458118], [21.2715398, 45.6467637], [21.2734764, 45.64837], [21.2769989, 45.6531454], [21.2776956, 45.6538137], [21.2783319, 45.6547162], [21.278661, 45.655338], [21.2788464, 45.6581633], [21.279578, 45.6593208], [21.280044, 45.6597453], [21.2834157, 45.6607214], [21.2845801, 45.6614521], [21.2855778, 45.6626655], [21.2859025, 45.6635262], [21.286124, 45.6664514], [21.2865266, 45.6672598], [21.2868517, 45.6688905], [21.2869226, 45.6691594], [21.2864471, 45.6692001], [21.2856159, 45.6706151], [21.2884531, 45.6743927], [21.2888642, 45.6747928], [21.2901676, 45.6754251], [21.2899957, 45.675545], [21.2890275, 45.6750941], [21.2881623, 45.6745378], [21.2873683, 45.6738376], [21.28295, 45.6743865], [21.2785082, 45.6839843], [21.2899247, 45.6820721], [21.2901277, 45.6833494], [21.2859113, 45.6847938], [21.2853065, 45.6854103], [21.2846631, 45.6857277], [21.2849436, 45.6879392], [21.2766194, 45.6893367], [21.2792662, 45.6988502], [21.2799319, 45.6990987], [21.2827943, 45.6985868], [21.2828289, 45.6995397], [21.2832441, 45.6999739], [21.2840449, 45.7029081], [21.2854209, 45.7038379], [21.2794823, 45.7099236], [21.2785093, 45.7111146], [21.2742853, 45.7045164], [21.2728714, 45.7049166], [21.2711496, 45.7023337], [21.2703764, 45.7017154], [21.2696424, 45.7013614], [21.267911, 45.7010089], [21.2633391, 45.7019382], [21.2658277, 45.7053822], [21.2675708, 45.7082245], [21.2707556, 45.7129776], [21.2713343, 45.7140501], [21.272122, 45.7146161], [21.2721177, 45.7157523], [21.276572, 45.7129977], [21.277376, 45.7123291], [21.2790451, 45.7148714], [21.2790495, 45.7150188], [21.279017, 45.71519], [21.2789659, 45.7153425], [21.2788433, 45.7155785], [21.2784775, 45.71611], [21.2783461, 45.7163606], [21.2782759, 45.7165871], [21.2782642, 45.7166845], [21.2783025, 45.7167615], [21.2784352, 45.7169124], [21.2785116, 45.716974], [21.2788727, 45.7171945], [21.2791084, 45.7173573], [21.2791521, 45.7174057], [21.2791607, 45.7175546], [21.279051, 45.7176776], [21.2789332, 45.717743], [21.278801, 45.7177907], [21.2785713, 45.7178543], [21.278418, 45.7179583], [21.2784093, 45.7180688], [21.2784342, 45.7181499], [21.2785002, 45.7182682], [21.2786969, 45.7185618], [21.2787389, 45.7186435], [21.27879, 45.7187936], [21.2787875, 45.7188905], [21.2787265, 45.7189956], [21.2786445, 45.7191776], [21.2785773, 45.7192905], [21.2784909, 45.7194197], [21.2784079, 45.7195177], [21.2783021, 45.7195762], [21.2780682, 45.7196488], [21.2778615, 45.7196789], [21.2777796, 45.7196683], [21.2776383, 45.7195348], [21.2771778, 45.7191476], [21.276618, 45.7186453], [21.2754945, 45.7176866], [21.2738943, 45.7163437], [21.2728196, 45.7154218], [21.2720144, 45.7159165], [21.2719402, 45.7158608], [21.2713403, 45.7162176], [21.2692026, 45.7176196], [21.2666295, 45.7192383], [21.2665749, 45.7191992], [21.2643343, 45.7206058], [21.2630151, 45.7196301], [21.2609654, 45.7180206], [21.2592378, 45.716634], [21.2584267, 45.7180247], [21.2576559, 45.7191353], [21.2575012, 45.7193339], [21.256954, 45.720111], [21.2568616, 45.7201547], [21.2567711, 45.7209087], [21.2566136, 45.7219187], [21.2562946, 45.7223543], [21.2565063, 45.7226485], [21.255972, 45.7226566], [21.2555703, 45.7226456], [21.2544819, 45.7227986], [21.2543534, 45.7227278], [21.2540475, 45.7229982], [21.2539036, 45.723151], [21.2538382, 45.7233357], [21.2538713, 45.723542], [21.2538912, 45.723558], [21.2538845, 45.723621], [21.2541206, 45.7238106], [21.2541776, 45.7238798], [21.2545898, 45.7242324], [21.2544148, 45.7243466], [21.2543428, 45.7243576], [21.2542778, 45.7243937], [21.2543057, 45.7244222], [21.2541607, 45.7245103], [21.2541058, 45.7244692], [21.2540609, 45.7244665], [21.2539039, 45.724567], [21.2536488, 45.7245641], [21.2535744, 45.7245201], [21.2533393, 45.7245407], [21.2530142, 45.7244447], [21.2526414, 45.7244333], [21.2525484, 45.7243323], [21.2523396, 45.7242077], [21.2523316, 45.7240544], [21.2524833, 45.7240513], [21.2525057, 45.7239227], [21.2525474, 45.7238069], [21.2528452, 45.7234805], [21.2528986, 45.7234068], [21.2529, 45.7230628], [21.2528131, 45.7229425], [21.252731, 45.7228554], [21.2523997, 45.7228347], [21.2524025, 45.7228854], [21.2519026, 45.7228338], [21.2513891, 45.7226432], [21.2512532, 45.7226168], [21.2511689, 45.7226123], [21.2511234, 45.7226208], [21.250946, 45.7226214], [21.2506574, 45.7227248], [21.2505111, 45.7227901], [21.2504384, 45.7228572], [21.2501802, 45.7231698], [21.2501201, 45.7232202], [21.2500552, 45.7232533], [21.2499389, 45.7232916], [21.2497167, 45.723329], [21.2495936, 45.7233316], [21.2491896, 45.7232714], [21.2490658, 45.7232606], [21.2489581, 45.7232642], [21.2488107, 45.7233109], [21.2486585, 45.7234034], [21.2485733, 45.7234836], [21.2485053, 45.723624], [21.2484519, 45.7237785], [21.2483317, 45.7239295], [21.2480755, 45.7241109], [21.2475399, 45.7243438], [21.247331, 45.7245501], [21.2472004, 45.7247029], [21.2449953, 45.7247204], [21.2440108, 45.7247187], [21.2409213, 45.7247504], [21.2409225, 45.7248125], [21.2404145, 45.7248181], [21.2404129, 45.7248459], [21.2391444, 45.724818], [21.2400075, 45.7208262], [21.2388395, 45.7207087], [21.2380312, 45.7206179], [21.237365, 45.7205071], [21.2365938, 45.7203189], [21.2365407, 45.7209543], [21.2365146, 45.7209535], [21.2365146, 45.7209588], [21.2348684, 45.7209354], [21.233928, 45.721225], [21.2340191, 45.7215285], [21.2337738, 45.7215235], [21.2328342, 45.7218207], [21.2326971, 45.7215853], [21.2327883, 45.7215592], [21.2327223, 45.7213497], [21.2326983, 45.7213624], [21.2326927, 45.7213364], [21.2327328, 45.7212332], [21.2325806, 45.7207547], [21.2325441, 45.7205753], [21.2324878, 45.7203888], [21.2323924, 45.7204041], [21.2319394, 45.7191382], [21.2314787, 45.7181284], [21.2308989, 45.7182317], [21.2312946, 45.7192405], [21.226279, 45.720313], [21.2263822, 45.7206173], [21.2258109, 45.7206965], [21.22576, 45.7204409], [21.2255627, 45.7197841], [21.2234341, 45.7200903], [21.2237916, 45.721208], [21.2203977, 45.7216731], [21.2199457, 45.7208205], [21.219335, 45.7197972], [21.2183556, 45.7187224], [21.2178184, 45.7182131], [21.217403, 45.7179099], [21.2144669, 45.7157285], [21.2155526, 45.7146387], [21.2158258, 45.7143479], [21.2158276, 45.7142603], [21.2137299, 45.7140521], [21.2130349, 45.713975], [21.2126932, 45.7139466], [21.2125432, 45.7139442], [21.2139381, 45.7111831], [21.2137017, 45.7110934], [21.2092687, 45.7108242], [21.2077656, 45.7108705], [21.2074501, 45.7109341], [21.2071147, 45.7110229], [21.2065942, 45.7111887], [21.2062349, 45.7113419], [21.2058552, 45.7115385], [21.2054457, 45.7118861], [21.2047166, 45.7127052], [21.2042318, 45.713531], [21.2007542, 45.7132664], [21.2005755, 45.7133171], [21.1998777, 45.7129434], [21.1994622, 45.7125044], [21.1988126, 45.7112429], [21.1952227, 45.7121837], [21.1942153, 45.7102246], [21.1911721, 45.7112953], [21.1888424, 45.7084643], [21.1876218, 45.706865], [21.1866538, 45.7056791], [21.1860886, 45.7048858], [21.1843988, 45.7028468], [21.1814333, 45.6994088], [21.1807469, 45.6985362], [21.174511, 45.6909702], [21.1726132, 45.6887995]]]]}}, {"id": "6", "type": "Feature", "properties": {"name": "\u0218ag", "judet": "TIMI\u0218", "admin_level": "8", "wikidata": null, "place": "municipality", "osm_id": 10488640, "siruta": "158779", "siruta_score": null, "pop_total": 0, "gp_count": null, "nearest_school_m": 958.9024447608712, "nearest_gp_m": null, "nearest_er_m": 10577.554339463868, "school_score": 100.0, "gp_score": null, "hospital_score": 98.55611415134032, "composite_score": 99.51870471711344, "partial_data": true, "_color_composite": "#f5ecd9", "_color_school": "#f5ecd9", "_color_gp": "#9a9a9a", "_color_hospital": "#f5ecd9", "_display_color": "#f5ecd9"}, "geometry": {"type": "MultiPolygon", "coordinates": [[[[21.1164221, 45.6711675], [21.1179699, 45.6689511], [21.1201449, 45.6657339], [21.1201708, 45.6656955], [21.1242986, 45.6599974], [21.133529, 45.64969], [21.1372047, 45.6459452], [21.1371045, 45.6458738], [21.1381851, 45.6464014], [21.1383398, 45.6463911], [21.1397258, 45.6458437], [21.1408615, 45.6452538], [21.1420984, 45.6443225], [21.1420742, 45.6439314], [21.1412647, 45.6427583], [21.1447512, 45.6416706], [21.145606, 45.6415406], [21.146291, 45.641249], [21.1465766, 45.6414094], [21.1470134, 45.6408755], [21.1473759, 45.6407338], [21.1481856, 45.6396069], [21.1494403, 45.6401804], [21.1516413, 45.6404404], [21.152276, 45.640783], [21.1531101, 45.6415086], [21.1536497, 45.6416464], [21.1546729, 45.6417398], [21.155722, 45.641433], [21.1571979, 45.6413612], [21.1612406, 45.6418355], [21.1644153, 45.6423677], [21.1697234, 45.6428663], [21.1706045, 45.6431138], [21.1707701, 45.6422339], [21.1639943, 45.6411694], [21.1663343, 45.6346792], [21.1647448, 45.6343963], [21.1658151, 45.631243], [21.1637458, 45.6308982], [21.1648759, 45.6274072], [21.1884174, 45.6313414], [21.1873253, 45.6336387], [21.1846325, 45.6361414], [21.1839273, 45.6365614], [21.1869122, 45.63702], [21.2049826, 45.6369989], [21.2096246, 45.6371464], [21.2095086, 45.6386858], [21.2125069, 45.63939], [21.2136643, 45.6399267], [21.2154319, 45.6412171], [21.2179781, 45.6421711], [21.2191909, 45.6428016], [21.2200614, 45.6440842], [21.2208209, 45.6449222], [21.2212615, 45.6451619], [21.219558, 45.6469549], [21.2186235, 45.6479023], [21.2178449, 45.6478202], [21.2169454, 45.6480159], [21.2158811, 45.6480498], [21.2111736, 45.648036], [21.2106476, 45.6481849], [21.2101059, 45.6485262], [21.2076536, 45.6492714], [21.2060858, 45.6502024], [21.2055026, 45.6507467], [21.2044526, 45.652149], [21.2040145, 45.6529434], [21.2038217, 45.6536212], [21.203917, 45.654591], [21.2049134, 45.6544368], [21.205539, 45.6541286], [21.2057841, 45.6541282], [21.2059168, 45.6541945], [21.2058228, 45.654703], [21.2059958, 45.6548709], [21.2067163, 45.6546963], [21.2071309, 45.6543067], [21.2078118, 45.654177], [21.208349, 45.6537946], [21.2083396, 45.6536328], [21.2076774, 45.653046], [21.2078707, 45.6529575], [21.209089, 45.6534505], [21.2103729, 45.6530907], [21.2105876, 45.6533769], [21.2104947, 45.6536095], [21.2100927, 45.6538451], [21.2101532, 45.6541684], [21.2104589, 45.6545936], [21.2114026, 45.6551771], [21.2114957, 45.6554272], [21.2110877, 45.6561447], [21.2110945, 45.656374], [21.2118481, 45.6573461], [21.211877, 45.6576085], [21.2118089, 45.6581753], [21.2111652, 45.6593738], [21.2112145, 45.66009], [21.2164067, 45.6658355], [21.2165725, 45.6662668], [21.2167584, 45.6672875], [21.2168941, 45.6724554], [21.212131, 45.6725657], [21.2118999, 45.6702953], [21.2115613, 45.6698687], [21.2114335, 45.6691774], [21.2108048, 45.6692235], [21.2109274, 45.668677], [21.2108957, 45.6673723], [21.2099109, 45.6674078], [21.2100314, 45.66926], [21.2095094, 45.6694371], [21.2094967, 45.6696253], [21.2031782, 45.6704954], [21.2021923, 45.6722868], [21.2020711, 45.6729577], [21.2021904, 45.6745503], [21.2020965, 45.6745919], [21.2027099, 45.6770025], [21.2025136, 45.6787801], [21.1904904, 45.6807355], [21.1912104, 45.681909], [21.1911077, 45.6820809], [21.1920101, 45.68382], [21.1917107, 45.6838187], [21.1852718, 45.6854376], [21.1726132, 45.6887995], [21.1709623, 45.6867219], [21.1692036, 45.6844617], [21.1684837, 45.6842908], [21.1675782, 45.6842504], [21.1629616, 45.6839108], [21.1626792, 45.6838786], [21.1625028, 45.6839044], [21.161966, 45.6839996], [21.1618685, 45.6840054], [21.1618291, 45.6839994], [21.1613675, 45.6838925], [21.1609538, 45.6838473], [21.1605906, 45.6838246], [21.1599595, 45.6838322], [21.1592142, 45.6838694], [21.1597511, 45.6843236], [21.1622339, 45.6860366], [21.1618614, 45.6873285], [21.1605415, 45.6922357], [21.1584062, 45.6918362], [21.1534948, 45.6909962], [21.1528205, 45.6905211], [21.1495587, 45.6914827], [21.1474494, 45.6917566], [21.1391581, 45.6867656], [21.1338396, 45.6829846], [21.1164221, 45.6711675]]]]}}, {"id": "7", "type": "Feature", "properties": {"name": "S\u00e2nmihaiu Rom\u00e2n", "judet": "TIMI\u0218", "admin_level": "8", "wikidata": null, "place": "municipality", "osm_id": 10488641, "siruta": "158699", "siruta_score": null, "pop_total": 0, "gp_count": null, "nearest_school_m": 1139.348965068771, "nearest_gp_m": null, "nearest_er_m": 12834.333013695476, "school_score": 98.00930049901756, "gp_score": null, "hospital_score": 92.91416746576132, "composite_score": 96.31092282126546, "partial_data": true, "_color_composite": "#f5ecd9", "_color_school": "#f5ecd9", "_color_gp": "#9a9a9a", "_color_hospital": "#f5ecd9", "_display_color": "#f5ecd9"}, "geometry": {"type": "MultiPolygon", "coordinates": [[[[20.9974836, 45.7201179], [20.9979665, 45.7172219], [21.0027549, 45.7172884], [21.0081643, 45.7162007], [21.0101669, 45.7090386], [21.0079949, 45.7086955], [21.0099954, 45.7018134], [21.011198, 45.7019953], [21.0125606, 45.6981939], [21.0157039, 45.6986471], [21.0154294, 45.6966414], [21.0151904, 45.6961753], [21.0141503, 45.6952361], [21.0153198, 45.6953787], [21.016221, 45.6926639], [21.016049, 45.6925307], [21.0142034, 45.6921991], [21.0041943, 45.689918], [21.0050813, 45.6870757], [21.0063374, 45.6857767], [21.0075748, 45.6844776], [21.017904, 45.6735852], [21.0361775, 45.6637941], [21.0477441, 45.657427], [21.0589348, 45.6599641], [21.0608959, 45.655295], [21.0609223, 45.6548541], [21.064248, 45.6550731], [21.070104, 45.6554689], [21.0872164, 45.656623], [21.0885628, 45.6598224], [21.0884933, 45.6602537], [21.0846594, 45.6650443], [21.1131038, 45.6759858], [21.1150957, 45.6729873], [21.1164221, 45.6711675], [21.1338396, 45.6829846], [21.1391581, 45.6867656], [21.1474494, 45.6917566], [21.1495587, 45.6914827], [21.1528205, 45.6905211], [21.1534948, 45.6909962], [21.1584062, 45.6918362], [21.1605415, 45.6922357], [21.1603211, 45.693055], [21.1594986, 45.6961665], [21.1589352, 45.6984218], [21.1585566, 45.6997775], [21.1577078, 45.7029289], [21.1568097, 45.7027588], [21.1551218, 45.7024321], [21.1551105, 45.7024493], [21.1548843, 45.7031721], [21.1546928, 45.7037635], [21.1546219, 45.704136], [21.1544204, 45.7049653], [21.1542442, 45.7056107], [21.1538251, 45.707127], [21.1536533, 45.7077123], [21.1535425, 45.7080164], [21.1535144, 45.7081908], [21.1533564, 45.708711], [21.1532411, 45.7091746], [21.1529102, 45.710251], [21.1528311, 45.7106079], [21.1526937, 45.7111584], [21.1526073, 45.7117091], [21.1524486, 45.7121488], [21.1521555, 45.7130443], [21.1521156, 45.7133442], [21.1520907, 45.7134737], [21.1520294, 45.7136177], [21.1520099, 45.7137137], [21.151937, 45.7139783], [21.1518133, 45.7144686], [21.1516578, 45.7151421], [21.1516004, 45.7153244], [21.1515596, 45.7153568], [21.1514963, 45.7153906], [21.1514319, 45.715414], [21.1512456, 45.7154167], [21.1509642, 45.7154004], [21.1507126, 45.7153717], [21.1504171, 45.715328], [21.1500407, 45.7152478], [21.1496156, 45.715175], [21.1491879, 45.7150931], [21.1486653, 45.7165656], [21.1479073, 45.7186657], [21.1390826, 45.7167982], [21.1384353, 45.718495], [21.1380556, 45.7196194], [21.1364157, 45.7192535], [21.1353932, 45.7218844], [21.140553, 45.7236537], [21.1420795, 45.7241827], [21.1466711, 45.7257954], [21.1512751, 45.7273743], [21.150907, 45.727934], [21.1508728, 45.728076], [21.1508931, 45.7282063], [21.1509672, 45.7284031], [21.1512359, 45.7287429], [21.1518561, 45.7294252], [21.1522356, 45.7298539], [21.152474, 45.7300699], [21.1525034, 45.7301559], [21.1524992, 45.7302171], [21.1524374, 45.730406], [21.1523727, 45.730639], [21.1523523, 45.7309349], [21.1523023, 45.7313082], [21.1522621, 45.7314671], [21.1518512, 45.7319884], [21.1516895, 45.7320034], [21.1514424, 45.7322678], [21.1512119, 45.732502], [21.1510819, 45.732667], [21.1510459, 45.7327646], [21.1509978, 45.7328278], [21.1510175, 45.7329648], [21.1510303, 45.7331323], [21.1510006, 45.7332813], [21.1508806, 45.7334681], [21.1505861, 45.7336423], [21.1503278, 45.7337153], [21.1500742, 45.733792], [21.149824, 45.7338892], [21.1495811, 45.7340208], [21.1494038, 45.734192], [21.1491828, 45.73443], [21.148951, 45.7346634], [21.1488357, 45.7348538], [21.1488049, 45.735088], [21.1488535, 45.7353726], [21.1488515, 45.7354714], [21.1489218, 45.7355829], [21.1491003, 45.7357491], [21.1492029, 45.735814], [21.1493753, 45.7358573], [21.1495654, 45.7359251], [21.1497578, 45.7360305], [21.1499135, 45.7361039], [21.1500025, 45.7361546], [21.150112, 45.7361924], [21.1503609, 45.7361838], [21.1508628, 45.7361553], [21.1510037, 45.7361601], [21.1511522, 45.7361958], [21.1513253, 45.7362289], [21.1514847, 45.7362479], [21.1516113, 45.7362488], [21.1518819, 45.7361386], [21.1519814, 45.7361079], [21.1521454, 45.7361305], [21.1523032, 45.7361733], [21.1523864, 45.7362375], [21.1524398, 45.7363109], [21.1524388, 45.7363961], [21.1523429, 45.7365871], [21.1522416, 45.7367133], [21.1521867, 45.7368035], [21.152144, 45.7369281], [21.1521397, 45.7371325], [21.1521532, 45.7373614], [21.1521583, 45.7376411], [21.152148, 45.7380021], [21.1521724, 45.7381427], [21.1522202, 45.7382977], [21.1522992, 45.7384231], [21.1524035, 45.7385357], [21.1526034, 45.7387152], [21.1528273, 45.7388591], [21.1530222, 45.7389987], [21.1531159, 45.739053], [21.1533276, 45.7390908], [21.1535999, 45.7390966], [21.1539394, 45.7391183], [21.1542129, 45.739107], [21.1546332, 45.7390156], [21.1548565, 45.7390265], [21.1550437, 45.7390669], [21.1552272, 45.7390902], [21.1553899, 45.7390616], [21.1556655, 45.7389481], [21.1562313, 45.7387252], [21.1564572, 45.7386271], [21.1568902, 45.7384918], [21.1570719, 45.738399], [21.1573013, 45.7383216], [21.1575899, 45.7382324], [21.15788, 45.7381669], [21.158064, 45.7381118], [21.1581769, 45.7380985], [21.1583592, 45.7381388], [21.1585995, 45.738256], [21.158879, 45.7383711], [21.1592578, 45.7385986], [21.1595285, 45.7387714], [21.1597905, 45.7389984], [21.1600384, 45.7391465], [21.1601126, 45.7392718], [21.1601077, 45.7394148], [21.1599492, 45.7396651], [21.159757, 45.7398393], [21.1595892, 45.7399427], [21.159413, 45.7400254], [21.1593228, 45.7400633], [21.1592343, 45.7400739], [21.1591534, 45.7400473], [21.159041, 45.7399106], [21.1588407, 45.7397777], [21.1586452, 45.7397166], [21.1584722, 45.7396835], [21.1581859, 45.739667], [21.1578372, 45.7397098], [21.1575495, 45.7397853], [21.157399, 45.7398484], [21.1572946, 45.7399505], [21.1571824, 45.7401649], [21.1570137, 45.7406493], [21.1569322, 45.7409229], [21.1568801, 45.7411907], [21.1568508, 45.7412522], [21.1567532, 45.7412639], [21.1565609, 45.7412461], [21.156399, 45.7412557], [21.1561875, 45.7412824], [21.1560332, 45.7413374], [21.1558802, 45.7413737], [21.1552555, 45.7413902], [21.1547696, 45.7413437], [21.1544838, 45.7413566], [21.1543012, 45.7413542], [21.1540402, 45.7413191], [21.1538017, 45.7412696], [21.153695, 45.7412585], [21.153484, 45.7412777], [21.1532786, 45.7413013], [21.1524254, 45.7415922], [21.1519257, 45.7417446], [21.1513468, 45.7419546], [21.1511721, 45.7419938], [21.1508526, 45.7420282], [21.150518, 45.742047], [21.1503354, 45.7420445], [21.1501493, 45.7420157], [21.149869, 45.7418708], [21.1497023, 45.7417937], [21.1494398, 45.741702], [21.1491301, 45.7416727], [21.148758, 45.7416902], [21.1483053, 45.741784], [21.1480043, 45.7419394], [21.1477558, 45.7420363], [21.1475253, 45.7421038], [21.1472536, 45.7421473], [21.1469373, 45.7421449], [21.1467749, 45.742162], [21.1462378, 45.7421551], [21.1459727, 45.742101], [21.1457723, 45.7420453], [21.145649, 45.7419621], [21.1455695, 45.7417901], [21.1455206, 45.7416418], [21.1455013, 45.741532], [21.145507, 45.7414494], [21.1455707, 45.7413049], [21.1456388, 45.7411755], [21.1457, 45.7409894], [21.1457137, 45.7408695], [21.1456841, 45.7408309], [21.1453858, 45.7407907], [21.1451192, 45.7407591], [21.1448907, 45.7407213], [21.1445353, 45.7406528], [21.1443714, 45.7406134], [21.1441674, 45.7405312], [21.1439543, 45.7404262], [21.1430912, 45.7401088], [21.1427838, 45.7399667], [21.1427175, 45.7399155], [21.1426318, 45.7398336], [21.1424632, 45.7396285], [21.1423178, 45.7394769], [21.142232, 45.739395], [21.1420231, 45.7393841], [21.141675, 45.7394438], [21.1411235, 45.7395681], [21.1407782, 45.7396655], [21.1403572, 45.7397678], [21.1401427, 45.7397606], [21.1399331, 45.739682], [21.1385891, 45.7393731], [21.1362742, 45.738827], [21.1330004, 45.7381327], [21.1320143, 45.7379438], [21.1319473, 45.7378249], [21.1318675, 45.7377356], [21.131734, 45.7376446], [21.131609, 45.7375877], [21.1314413, 45.7375255], [21.1312018, 45.7374911], [21.1309403, 45.7374634], [21.1307233, 45.7374146], [21.1305771, 45.7373532], [21.130412, 45.7372535], [21.1300191, 45.7371047], [21.1297815, 45.737044], [21.1296436, 45.7370167], [21.1294039, 45.736986], [21.1291703, 45.7369442], [21.1289975, 45.7368781], [21.1288834, 45.7368178], [21.1287883, 45.7367168], [21.1287674, 45.7366295], [21.1288049, 45.7364766], [21.1288422, 45.7362483], [21.1288654, 45.7360685], [21.1288992, 45.7359326], [21.1288559, 45.7357054], [21.1287847, 45.7356465], [21.1286527, 45.7356119], [21.1279046, 45.7355489], [21.1277139, 45.7355085], [21.127631, 45.7354643], [21.1274759, 45.7352973], [21.1270102, 45.7350356], [21.1269327, 45.734979], [21.1256946, 45.7341186], [21.125059, 45.7340006], [21.1233472, 45.7340472], [21.122891, 45.7339693], [21.1222001, 45.7336672], [21.1214861, 45.7331044], [21.1210576, 45.7329197], [21.1147361, 45.7311817], [21.1149996, 45.7273757], [21.1144491, 45.7274334], [21.1134138, 45.727126], [21.1128723, 45.7271132], [21.1119728, 45.7272979], [21.1111051, 45.7276109], [21.1087159, 45.7269823], [21.107751, 45.7269437], [21.1063787, 45.7272417], [21.1059065, 45.727047], [21.1051364, 45.726247], [21.1039754, 45.7259437], [21.1035927, 45.7256274], [21.1032008, 45.7255573], [21.101779, 45.7259423], [21.1013449, 45.7263044], [21.1012678, 45.7267127], [21.1008582, 45.7271294], [21.1002977, 45.7275042], [21.0995081, 45.7277526], [21.0988478, 45.7276421], [21.0981669, 45.7272475], [21.0979682, 45.7266144], [21.0972056, 45.7253931], [21.0963331, 45.7247283], [21.0956221, 45.7245339], [21.0953716, 45.7245849], [21.0934188, 45.7258334], [21.0912531, 45.7261219], [21.0910617, 45.7259651], [21.0913357, 45.7252886], [21.091159, 45.7247469], [21.0905415, 45.7242797], [21.0898414, 45.7241026], [21.0865853, 45.7241807], [21.086229, 45.7243618], [21.0846941, 45.7257573], [21.0844312, 45.7258701], [21.0833276, 45.7256734], [21.082572, 45.7254236], [21.0810799, 45.7256333], [21.0805009, 45.7251741], [21.0801031, 45.7250158], [21.0791218, 45.7256736], [21.0783219, 45.7258813], [21.0767849, 45.725181], [21.0760259, 45.7251521], [21.0750779, 45.7252781], [21.0748066, 45.7255096], [21.0742437, 45.7268364], [21.0737014, 45.7271805], [21.0726484, 45.7281979], [21.0719369, 45.7284709], [21.0711849, 45.7284563], [21.0711026, 45.7283033], [21.0708069, 45.7282477], [21.0690652, 45.7286191], [21.06819, 45.7285152], [21.0678132, 45.7283463], [21.0666163, 45.728114], [21.0660957, 45.7278608], [21.065821, 45.7273922], [21.0661077, 45.7267134], [21.0660694, 45.7264513], [21.0655686, 45.7262045], [21.0650845, 45.7262954], [21.0644376, 45.7269731], [21.0645024, 45.7285736], [21.0641908, 45.7290899], [21.0635378, 45.7295662], [21.0630526, 45.7301899], [21.0626258, 45.7316147], [21.0622414, 45.7320718], [21.0610183, 45.7323073], [21.0607786, 45.7323188], [21.0605304, 45.7321062], [21.0604378, 45.7311224], [21.0602071, 45.73095], [21.0596938, 45.7308328], [21.0591655, 45.7309194], [21.0576008, 45.7317495], [21.0568298, 45.7319467], [21.0564772, 45.7318948], [21.056268, 45.7309579], [21.0560328, 45.7307911], [21.0556895, 45.7309756], [21.0550821, 45.7319522], [21.0545966, 45.7321763], [21.052567, 45.7324347], [21.0503984, 45.7320704], [21.0502979, 45.7320018], [21.0503586, 45.7317743], [21.0521417, 45.7302074], [21.052385, 45.7298588], [21.0521625, 45.7293409], [21.0518244, 45.7290826], [21.051452, 45.7290244], [21.0480893, 45.7293587], [21.0471554, 45.7300264], [21.0464557, 45.730875], [21.0457346, 45.7314067], [21.0445012, 45.7311003], [21.0439811, 45.7311843], [21.0424, 45.7309848], [21.0414103, 45.7311828], [21.0407189, 45.7310647], [21.0397412, 45.7301776], [21.0396594, 45.7296193], [21.0391692, 45.729452], [21.0378399, 45.7298139], [21.0358701, 45.7297371], [21.0346137, 45.7300419], [21.0339951, 45.7304285], [21.0331288, 45.7307696], [21.0332506, 45.7317442], [21.0327962, 45.7320996], [21.0322423, 45.7321455], [21.0320155, 45.7320894], [21.030391, 45.7306781], [21.0294291, 45.7305397], [21.0276983, 45.7306535], [21.027154, 45.7305069], [21.0272083, 45.7302566], [21.0274461, 45.7300438], [21.028867, 45.7295322], [21.0297584, 45.7290107], [21.0297411, 45.7281407], [21.0298653, 45.7278162], [21.0302326, 45.7277185], [21.0314104, 45.7277227], [21.0316428, 45.7272433], [21.0313768, 45.7269802], [21.0292638, 45.7271475], [21.0276082, 45.7269736], [21.0272519, 45.727032], [21.026482, 45.7277981], [21.0258845, 45.7286275], [21.0241826, 45.7295033], [21.0238306, 45.7294428], [21.0236351, 45.729232], [21.0234833, 45.728521], [21.0237741, 45.7280181], [21.0260169, 45.7268837], [21.0273902, 45.7257327], [21.0296391, 45.7251033], [21.0297379, 45.7249651], [21.0296108, 45.7246461], [21.0274015, 45.7236649], [21.0271243, 45.7233134], [21.0268382, 45.7225552], [21.0265449, 45.7222956], [21.0259566, 45.7222581], [21.0248634, 45.7226592], [21.0241553, 45.7246178], [21.0236976, 45.7253047], [21.0234004, 45.7254983], [21.0217603, 45.7256196], [21.020527, 45.7254292], [21.0194012, 45.725441], [21.0181777, 45.725795], [21.0178328, 45.7257489], [21.0175388, 45.7254439], [21.0174387, 45.7244626], [21.0160511, 45.7236125], [21.015736, 45.7225245], [21.0152099, 45.7222964], [21.0143851, 45.7223384], [21.0135165, 45.7222003], [21.0132111, 45.7224532], [21.0131734, 45.7232653], [21.011795, 45.7247182], [21.0109541, 45.7249864], [21.0094151, 45.7250515], [21.008074, 45.7257079], [21.0079056, 45.7256283], [21.0079101, 45.7246592], [21.0077625, 45.7243451], [21.0068505, 45.7240212], [21.0060552, 45.7240472], [21.0052962, 45.7237343], [21.0049248, 45.7225398], [21.0041098, 45.7217092], [21.003528, 45.7218078], [21.0026278, 45.7224507], [21.0020585, 45.7226008], [20.9992673, 45.7221931], [20.998977, 45.7220072], [20.9988039, 45.7208079], [20.998375, 45.7204307], [20.9974836, 45.7201179]]]]}}, {"id": "8", "type": "Feature", "properties": {"name": "F\u0103get", "judet": "TIMI\u0218", "admin_level": "8", "wikidata": null, "place": "town", "osm_id": 10492536, "siruta": "156801", "siruta_score": null, "pop_total": 0, "gp_count": null, "nearest_school_m": 791.6537580086857, "nearest_gp_m": null, "nearest_er_m": 1289.55101211767, "school_score": 100.0, "gp_score": null, "hospital_score": 100.0, "composite_score": 100.0, "partial_data": true, "_color_composite": "#f5ecd9", "_color_school": "#f5ecd9", "_color_gp": "#9a9a9a", "_color_hospital": "#f5ecd9", "_display_color": "#f5ecd9"}, "geometry": {"type": "MultiPolygon", "coordinates": [[[[22.0694742, 45.9128477], [22.0696578, 45.9128716], [22.0731689, 45.9130019], [22.0742796, 45.9129819], [22.0743415, 45.9129031], [22.0743148, 45.911985], [22.0745726, 45.9099215], [22.0744604, 45.9092035], [22.0746707, 45.9084927], [22.0745876, 45.9077597], [22.074873, 45.9061696], [22.0746635, 45.9042439], [22.0748004, 45.9037243], [22.074754, 45.9025231], [22.0755573, 45.9010808], [22.0758492, 45.8995857], [22.0763883, 45.8983303], [22.0762707, 45.8966192], [22.0766223, 45.8965115], [22.0766725, 45.8957742], [22.0768287, 45.8956535], [22.0767263, 45.8955181], [22.0768589, 45.8949702], [22.0765904, 45.8943739], [22.0766421, 45.8940493], [22.0767778, 45.8937711], [22.077281, 45.8934098], [22.0773425, 45.8931176], [22.0781162, 45.8920118], [22.078454, 45.891948], [22.0790299, 45.8916288], [22.0790248, 45.8912047], [22.0794153, 45.8912348], [22.079109, 45.8910298], [22.0792505, 45.8905304], [22.0794862, 45.8899955], [22.0798726, 45.8896634], [22.0796239, 45.8895685], [22.0794851, 45.8892471], [22.0787961, 45.8894145], [22.0781896, 45.8892179], [22.0782578, 45.8887972], [22.0779675, 45.8886167], [22.0778693, 45.8883828], [22.0775951, 45.8883356], [22.0775788, 45.8882064], [22.0777076, 45.8877564], [22.0779775, 45.887488], [22.0777596, 45.8874428], [22.0774022, 45.8876196], [22.077133, 45.8875358], [22.0772078, 45.887193], [22.0769907, 45.8868487], [22.0771414, 45.8866839], [22.0775468, 45.88661], [22.0775516, 45.8865184], [22.0770228, 45.8863039], [22.0768779, 45.8856016], [22.077427, 45.8852263], [22.0776542, 45.8847027], [22.0780745, 45.8845474], [22.0778366, 45.8842108], [22.0773954, 45.8840879], [22.0774706, 45.8838741], [22.0777506, 45.8838193], [22.0778061, 45.8837091], [22.0772942, 45.8836464], [22.0773168, 45.883276], [22.0767755, 45.8830315], [22.0768172, 45.8824364], [22.0772102, 45.882124], [22.0767966, 45.8817464], [22.0770537, 45.8810419], [22.0766963, 45.8808814], [22.0768058, 45.8805455], [22.0765231, 45.880449], [22.0765836, 45.8801083], [22.0763136, 45.8796351], [22.0766915, 45.8793388], [22.0767646, 45.8790994], [22.0771382, 45.8790197], [22.0774091, 45.8787315], [22.0776311, 45.8786306], [22.0779283, 45.8787444], [22.0780756, 45.8786465], [22.0781579, 45.8783634], [22.0783452, 45.8782467], [22.0783232, 45.8780577], [22.0780364, 45.877971], [22.0783344, 45.8778447], [22.0781171, 45.8774433], [22.0781977, 45.8773288], [22.0784592, 45.8772883], [22.0785491, 45.8769286], [22.0787236, 45.8767842], [22.0796706, 45.8764255], [22.0798536, 45.8761202], [22.0802837, 45.8761432], [22.0805881, 45.8758931], [22.0814262, 45.8763708], [22.0820151, 45.8762143], [22.0820417, 45.875843], [22.0824042, 45.8756365], [22.0823094, 45.8754068], [22.0824422, 45.875177], [22.0821995, 45.8749972], [22.0824688, 45.8746929], [22.0823761, 45.8745766], [22.0824981, 45.8742978], [22.0822932, 45.8740286], [22.0823195, 45.8739363], [22.0826269, 45.8738902], [22.0825577, 45.8737354], [22.0827835, 45.8736062], [22.0825498, 45.8732272], [22.0829593, 45.8728718], [22.0828087, 45.872631], [22.0832666, 45.8724454], [22.0828595, 45.87218], [22.0830783, 45.8720206], [22.0830025, 45.8714997], [22.0829264, 45.871421], [22.0827915, 45.8715105], [22.0826897, 45.87145], [22.0831431, 45.8712086], [22.0831496, 45.871112], [22.0827112, 45.8708137], [22.0830963, 45.8708318], [22.0832428, 45.8706889], [22.0827165, 45.8704281], [22.0824693, 45.8700634], [22.0821767, 45.8704267], [22.0818648, 45.8704095], [22.081845, 45.8702453], [22.0814973, 45.8702756], [22.0811141, 45.8701657], [22.0817132, 45.8696237], [22.081625, 45.869416], [22.0812491, 45.8691919], [22.0812964, 45.8687112], [22.0818428, 45.8689514], [22.082006, 45.8688998], [22.0818097, 45.8685261], [22.0818777, 45.8681854], [22.0814818, 45.8680549], [22.0815282, 45.867812], [22.0821261, 45.8679339], [22.0821957, 45.8677962], [22.0888266, 45.8690944], [22.0920905, 45.8692651], [22.0926036, 45.8694786], [22.0940712, 45.8696997], [22.0954358, 45.8700658], [22.098982, 45.8705772], [22.1012683, 45.8710424], [22.1096679, 45.872413], [22.1094402, 45.8711502], [22.1086261, 45.8705646], [22.1084359, 45.8702544], [22.1117391, 45.8639625], [22.1134887, 45.8602157], [22.1139916, 45.8596973], [22.1168511, 45.860636], [22.117999, 45.8606034], [22.1180121, 45.860222], [22.117592, 45.8599401], [22.1173484, 45.8591751], [22.117021, 45.8591392], [22.1171955, 45.8588217], [22.1173769, 45.8587527], [22.1173426, 45.8586506], [22.1169999, 45.8586558], [22.1169119, 45.8585753], [22.1172108, 45.8583989], [22.1171716, 45.8582646], [22.1168924, 45.8581885], [22.1164594, 45.8582834], [22.1161478, 45.8580286], [22.116653, 45.8574297], [22.1164396, 45.8572266], [22.1170805, 45.8562953], [22.1161465, 45.8558915], [22.1160483, 45.8554981], [22.1161915, 45.854248], [22.1167457, 45.8532089], [22.1192908, 45.8493771], [22.1222629, 45.8501825], [22.1245423, 45.8449763], [22.1252336, 45.8439697], [22.1261008, 45.8436854], [22.1268945, 45.8437719], [22.1275041, 45.8435929], [22.1270537, 45.842671], [22.1267362, 45.8424379], [22.1261115, 45.8424836], [22.1255177, 45.8423561], [22.1252377, 45.84239], [22.1248427, 45.8426665], [22.1249773, 45.8430381], [22.1245233, 45.8431802], [22.1240737, 45.843131], [22.1241795, 45.840772], [22.1240904, 45.8393997], [22.1242847, 45.8362271], [22.1244524, 45.8361631], [22.1242225, 45.8359384], [22.1242212, 45.835766], [22.128538, 45.8355113], [22.1305108, 45.8330207], [22.1320519, 45.8308114], [22.132346, 45.8306018], [22.1347477, 45.8277809], [22.1410866, 45.8201783], [22.1427085, 45.8207946], [22.1456035, 45.8216919], [22.1488247, 45.8178773], [22.1504313, 45.8157691], [22.1528212, 45.8131611], [22.1580542, 45.815348], [22.1591013, 45.815834], [22.1588774, 45.8160965], [22.1631467, 45.8178664], [22.1657444, 45.8148399], [22.1699971, 45.8165865], [22.1715959, 45.8148865], [22.1775988, 45.8076303], [22.1858026, 45.8109988], [22.1865057, 45.8106515], [22.1870371, 45.8101125], [22.1874139, 45.8093054], [22.188104, 45.8091169], [22.1888857, 45.8091127], [22.191201, 45.8085673], [22.1918271, 45.8081481], [22.1920146, 45.80761], [22.192636, 45.8069499], [22.1934401, 45.8064998], [22.1938005, 45.8063501], [22.1951224, 45.8062331], [22.1967611, 45.8057272], [22.1981288, 45.8042573], [22.1985266, 45.8030765], [22.1996104, 45.8032441], [22.2014961, 45.8033373], [22.2076267, 45.8036182], [22.2104233, 45.8036524], [22.2098822, 45.8018994], [22.2099093, 45.8004246], [22.2093283, 45.7980169], [22.2093785, 45.796996], [22.2096682, 45.7956842], [22.2099163, 45.7952558], [22.2106176, 45.794566], [22.2111145, 45.7940773], [22.2112421, 45.7933693], [22.2111017, 45.792884], [22.2113575, 45.7928811], [22.2135982, 45.7933071], [22.2144274, 45.7937721], [22.2161711, 45.7934659], [22.2168481, 45.7931707], [22.2183501, 45.7913336], [22.2187529, 45.7910134], [22.219423, 45.7908555], [22.2199666, 45.7909972], [22.2214981, 45.7908774], [22.2232646, 45.7914797], [22.224162, 45.7913363], [22.224974, 45.791356], [22.2256346, 45.7915188], [22.2267727, 45.791574], [22.2281541, 45.7920679], [22.2295222, 45.7922433], [22.232084, 45.7917092], [22.2330853, 45.7906998], [22.2334358, 45.7905066], [22.2335319, 45.78989], [22.2338294, 45.7895763], [22.2348031, 45.7893753], [22.2357633, 45.7899203], [22.237657, 45.7906034], [22.2380637, 45.7905995], [22.2384575, 45.7904578], [22.239525, 45.7905805], [22.2397348, 45.7908469], [22.2400974, 45.7909382], [22.240882, 45.7913789], [22.241373, 45.7913953], [22.2431205, 45.7909242], [22.2437419, 45.791294], [22.2441495, 45.7912718], [22.2444301, 45.7914299], [22.2451873, 45.7914986], [22.2462698, 45.7909517], [22.2466591, 45.7909015], [22.2475719, 45.7912209], [22.2483686, 45.7919507], [22.2490592, 45.7922611], [22.25027, 45.7924728], [22.2517234, 45.7923825], [22.2516336, 45.7907823], [22.2518448, 45.7900248], [22.2518298, 45.7891506], [22.2522538, 45.7879199], [22.2531321, 45.7870616], [22.2544149, 45.7861283], [22.2557263, 45.7855272], [22.2566855, 45.7842448], [22.2564362, 45.783355], [22.2566526, 45.7827885], [22.2561398, 45.7828499], [22.2560173, 45.7827726], [22.25558, 45.7813957], [22.2556144, 45.7808264], [22.2549451, 45.7791388], [22.2548745, 45.7784121], [22.2541962, 45.7770596], [22.2558156, 45.7703716], [22.2566693, 45.7697647], [22.257113, 45.7691634], [22.2601138, 45.7662948], [22.261139, 45.7655758], [22.2665656, 45.7640143], [22.2674683, 45.7638965], [22.2685071, 45.7639818], [22.2694681, 45.7637585], [22.2697445, 45.7634882], [22.2728434, 45.7646498], [22.274144, 45.7641372], [22.2750145, 45.764091], [22.2759877, 45.7641608], [22.2782332, 45.764707], [22.278681, 45.7646627], [22.2772669, 45.7778161], [22.2771, 45.7859144], [22.2778012, 45.7912875], [22.2782801, 45.7926382], [22.2783048, 45.7930419], [22.2780214, 45.793397], [22.2781875, 45.7936283], [22.2787426, 45.7937656], [22.2830413, 45.7966629], [22.284221, 45.7970321], [22.284733, 45.7974474], [22.2860283, 45.797871], [22.2863359, 45.798349], [22.2880792, 45.7992898], [22.2923926, 45.7998178], [22.2914561, 45.8005295], [22.2901734, 45.8007574], [22.2887713, 45.8013133], [22.2869815, 45.8023344], [22.2863026, 45.8031376], [22.2855433, 45.8033843], [22.2834688, 45.8035135], [22.2821569, 45.8037277], [22.2800469, 45.8037857], [22.2779825, 45.8036643], [22.278061, 45.8041716], [22.2793686, 45.8051054], [22.2802099, 45.8062807], [22.2791308, 45.8067935], [22.2784271, 45.8068201], [22.27765, 45.8066571], [22.2767173, 45.8069309], [22.2765996, 45.8069325], [22.2763348, 45.8069362], [22.2742743, 45.8075681], [22.2714272, 45.8089657], [22.2700525, 45.8103594], [22.269576, 45.8110195], [22.2688195, 45.8117018], [22.267492, 45.8125779], [22.2667696, 45.8136148], [22.2666154, 45.814232], [22.2662981, 45.8145927], [22.2648292, 45.8152651], [22.264798, 45.8158997], [22.2644992, 45.8160145], [22.2647563, 45.8164611], [22.2650623, 45.8165406], [22.2657299, 45.8178852], [22.266167, 45.8184517], [22.2664707, 45.8186366], [22.2663754, 45.8188943], [22.2656478, 45.8191945], [22.2653329, 45.8195047], [22.2646142, 45.8198341], [22.2645304, 45.8202797], [22.2640155, 45.8204551], [22.2630023, 45.8202575], [22.2621433, 45.8202874], [22.2618549, 45.8198473], [22.26164, 45.8200154], [22.2614215, 45.8198369], [22.2610835, 45.8197816], [22.2609467, 45.8199457], [22.2607333, 45.8199956], [22.260434, 45.8198984], [22.2589502, 45.8203664], [22.2585182, 45.8207884], [22.2580131, 45.8210049], [22.2578923, 45.8210109], [22.2576265, 45.820759], [22.2574909, 45.8208376], [22.2574869, 45.821216], [22.2567452, 45.821413], [22.2567709, 45.8214853], [22.2569626, 45.8214592], [22.2569575, 45.8215614], [22.2564301, 45.8218658], [22.2563833, 45.8219261], [22.2565577, 45.8219508], [22.2565073, 45.8220825], [22.2548556, 45.8235161], [22.2544937, 45.8240536], [22.2543421, 45.82464], [22.2537537, 45.8251555], [22.2532128, 45.8252938], [22.2529722, 45.8257822], [22.253153, 45.8262153], [22.2529396, 45.8266779], [22.2526669, 45.8267924], [22.2528648, 45.8268779], [22.2528431, 45.8270236], [22.2525505, 45.8271023], [22.252835, 45.8280674], [22.2530605, 45.8281788], [22.2529976, 45.8285757], [22.2526946, 45.8285735], [22.2527711, 45.8289174], [22.2524512, 45.8289652], [22.2524852, 45.8291526], [22.2519614, 45.8292358], [22.251984, 45.8293625], [22.2524099, 45.8293626], [22.2518314, 45.8298228], [22.2519935, 45.8300486], [22.2516972, 45.8303491], [22.2516808, 45.8306816], [22.2509547, 45.8310305], [22.2511309, 45.831408], [22.250716, 45.8314787], [22.2507227, 45.8316352], [22.2511071, 45.8317453], [22.2504102, 45.8319706], [22.2501469, 45.8318937], [22.249908, 45.8320544], [22.2496499, 45.8318716], [22.2495035, 45.8319135], [22.2492847, 45.8322512], [22.2493588, 45.8326514], [22.2489908, 45.8329078], [22.2487626, 45.8335113], [22.2480108, 45.8342887], [22.2475854, 45.835921], [22.2479411, 45.8362367], [22.2472145, 45.8383254], [22.2377061, 45.8372633], [22.2354059, 45.8395429], [22.2345593, 45.8402285], [22.2257121, 45.849248], [22.2247275, 45.8500411], [22.2232356, 45.8515116], [22.2211613, 45.8537542], [22.2162843, 45.8585606], [22.2209773, 45.8578834], [22.2208011, 45.8600244], [22.2255139, 45.8603586], [22.2257902, 45.8603004], [22.2259615, 45.860484], [22.2232807, 45.8636278], [22.2248178, 45.8642134], [22.2249857, 45.864388], [22.2248939, 45.864572], [22.2246029, 45.8646765], [22.2243813, 45.8646003], [22.2241507, 45.8643297], [22.2238013, 45.8644052], [22.2242887, 45.8652537], [22.2250679, 45.8662029], [22.2263888, 45.8662037], [22.2266038, 45.8661119], [22.2271045, 45.8651948], [22.2349106, 45.867712], [22.2353938, 45.8691094], [22.2381736, 45.870013], [22.238342, 45.8697502], [22.2381462, 45.8705246], [22.2376075, 45.871001], [22.2335271, 45.8742016], [22.2301774, 45.8764969], [22.230131, 45.8767105], [22.2306341, 45.8781286], [22.2306013, 45.8789319], [22.230818, 45.8793218], [22.2312301, 45.8799832], [22.2323154, 45.8807487], [22.2336459, 45.8822216], [22.2341178, 45.8829472], [22.2343094, 45.8837286], [22.2350155, 45.8849624], [22.2350858, 45.886006], [22.2355071, 45.8863109], [22.2360549, 45.886519], [22.2362451, 45.8867234], [22.2368006, 45.8879305], [22.2380987, 45.8897949], [22.2381981, 45.8905315], [22.2388664, 45.892234], [22.2388083, 45.8928975], [22.2385865, 45.8932213], [22.2390239, 45.8938857], [22.2390925, 45.8957173], [22.2390449, 45.8963038], [22.2381236, 45.898614], [22.2380061, 45.8993432], [22.2380993, 45.8998524], [22.238773, 45.9014015], [22.2388631, 45.902271], [22.2391445, 45.9028718], [22.2394345, 45.9031314], [22.2392783, 45.9031534], [22.2381157, 45.9033818], [22.2367213, 45.9042129], [22.2355948, 45.9045078], [22.2322557, 45.9038877], [22.2311749, 45.9037842], [22.2296515, 45.9033984], [22.2288285, 45.9030472], [22.2276404, 45.9023338], [22.2263428, 45.9019131], [22.2255338, 45.9020176], [22.2233182, 45.9029883], [22.221453, 45.9031687], [22.2211561, 45.9050455], [22.2207128, 45.906526], [22.2200616, 45.9077062], [22.2199654, 45.9085234], [22.2197567, 45.9089242], [22.2191372, 45.9095603], [22.2187519, 45.9112655], [22.2181628, 45.9118903], [22.217799, 45.9126538], [22.217464, 45.9128518], [22.2155464, 45.9131876], [22.2120101, 45.9128641], [22.2100534, 45.9134993], [22.2060771, 45.9156304], [22.2045653, 45.9161906], [22.2046247, 45.9166998], [22.2041691, 45.9187054], [22.2031578, 45.9210892], [22.2026657, 45.9217384], [22.2007973, 45.9225947], [22.1997765, 45.9226176], [22.1990873, 45.9224357], [22.1980539, 45.9227042], [22.1968959, 45.9226804], [22.1948487, 45.9220476], [22.1942133, 45.9223361], [22.1934286, 45.9229985], [22.1919636, 45.9235789], [22.1876022, 45.9233941], [22.1859271, 45.9237305], [22.1846174, 45.9236382], [22.1830653, 45.9233179], [22.1813835, 45.9234349], [22.180907, 45.9237221], [22.1798128, 45.9253157], [22.1793504, 45.9257443], [22.173881, 45.9284795], [22.1723977, 45.9285351], [22.169136, 45.9278065], [22.1681493, 45.9277491], [22.1671588, 45.927825], [22.1666258, 45.9276958], [22.165507, 45.9267798], [22.1615692, 45.9256386], [22.1610897, 45.9251137], [22.161053, 45.9239561], [22.1590477, 45.9232349], [22.1578549, 45.9218168], [22.1575141, 45.9215904], [22.155902, 45.9214722], [22.1545869, 45.9209108], [22.1535918, 45.9209373], [22.1528275, 45.9211105], [22.151831, 45.9214802], [22.1516535, 45.9218414], [22.1507145, 45.9221713], [22.1482785, 45.9224568], [22.1469533, 45.9224874], [22.1443033, 45.9250526], [22.1434258, 45.9255615], [22.1430105, 45.9256726], [22.1425265, 45.9257077], [22.1411624, 45.9254213], [22.1397569, 45.9245585], [22.1365735, 45.9235261], [22.1354378, 45.9227566], [22.1352501, 45.9228885], [22.1335837, 45.9258249], [22.1324738, 45.926601], [22.1315293, 45.9268517], [22.130621, 45.9266397], [22.1290399, 45.9266157], [22.1270293, 45.9270936], [22.1256322, 45.926864], [22.1259125, 45.9272704], [22.1263081, 45.929112], [22.1275196, 45.9307639], [22.1278053, 45.9320901], [22.1283828, 45.9333325], [22.1275949, 45.9348302], [22.1265297, 45.9359017], [22.1241415, 45.9377423], [22.1211398, 45.9390096], [22.1189899, 45.9394454], [22.118733, 45.939749], [22.116994, 45.9409579], [22.1126852, 45.9425633], [22.1125121, 45.9425589], [22.1111841, 45.9418631], [22.1106597, 45.9418026], [22.1080387, 45.9424247], [22.1063477, 45.9429716], [22.1053517, 45.9429937], [22.1008163, 45.942719], [22.1008833, 45.9425728], [22.1011091, 45.9408591], [22.1020882, 45.9394934], [22.1016195, 45.9390437], [22.1012469, 45.9382177], [22.1009934, 45.9380337], [22.1007765, 45.9373123], [22.1003136, 45.9368881], [22.0996507, 45.9357707], [22.094436, 45.9314264], [22.0936156, 45.9304953], [22.0932181, 45.9298225], [22.0921538, 45.9290853], [22.0910467, 45.9285187], [22.0891597, 45.9283281], [22.0879436, 45.9283858], [22.0849636, 45.9281086], [22.0819885, 45.9286014], [22.0815854, 45.9288456], [22.0805379, 45.929085], [22.0797162, 45.929709], [22.0789796, 45.9300037], [22.0783104, 45.9299866], [22.0772969, 45.9294163], [22.0763148, 45.9281571], [22.0759184, 45.9273341], [22.0738501, 45.9258591], [22.0717319, 45.9240982], [22.0710671, 45.9232721], [22.0710394, 45.9228931], [22.0700997, 45.9218546], [22.0697367, 45.921789], [22.0698482, 45.921411], [22.0695998, 45.921328], [22.069147, 45.9207438], [22.0698742, 45.9189645], [22.069507, 45.9158423], [22.0690181, 45.9149684], [22.0693167, 45.9142383], [22.0690373, 45.9136304], [22.0694742, 45.9128477]]]]}}, {"id": "9", "type": "Feature", "properties": {"name": "Curtea", "judet": "TIMI\u0218", "admin_level": "8", "wikidata": null, "place": "municipality", "osm_id": 10492537, "siruta": "156589", "siruta_score": null, "pop_total": 0, "gp_count": null, "nearest_school_m": 1786.846597915112, "nearest_gp_m": null, "nearest_er_m": 12194.399328935611, "school_score": 88.7593343154984, "gp_score": null, "hospital_score": 94.51400167766096, "composite_score": 90.6775567695526, "partial_data": true, "_color_composite": "#f5ecd9", "_color_school": "#f5ecd9", "_color_gp": "#9a9a9a", "_color_hospital": "#f5ecd9", "_display_color": "#f5ecd9"}, "geometry": {"type": "MultiPolygon", "coordinates": [[[[22.2580131, 45.8210049], [22.2585182, 45.8207884], [22.2589502, 45.8203664], [22.260434, 45.8198984], [22.2607333, 45.8199956], [22.2609467, 45.8199457], [22.2610835, 45.8197816], [22.2614215, 45.8198369], [22.26164, 45.8200154], [22.2618549, 45.8198473], [22.2621433, 45.8202874], [22.2630023, 45.8202575], [22.2640155, 45.8204551], [22.2645304, 45.8202797], [22.2646142, 45.8198341], [22.2653329, 45.8195047], [22.2656478, 45.8191945], [22.2663754, 45.8188943], [22.2664707, 45.8186366], [22.266167, 45.8184517], [22.2657299, 45.8178852], [22.2650623, 45.8165406], [22.2647563, 45.8164611], [22.2644992, 45.8160145], [22.264798, 45.8158997], [22.2648292, 45.8152651], [22.2662981, 45.8145927], [22.2666154, 45.814232], [22.2667696, 45.8136148], [22.267492, 45.8125779], [22.2688195, 45.8117018], [22.269576, 45.8110195], [22.2700525, 45.8103594], [22.2714272, 45.8089657], [22.2742743, 45.8075681], [22.2763348, 45.8069362], [22.2765996, 45.8069325], [22.2782864, 45.8089411], [22.2808502, 45.8108807], [22.2817133, 45.8115255], [22.2856949, 45.8137476], [22.2924536, 45.8155105], [22.2943638, 45.8162618], [22.2960552, 45.8172789], [22.2981118, 45.8181051], [22.2988374, 45.8182748], [22.2989968, 45.8184534], [22.3035387, 45.8196734], [22.306066, 45.8206946], [22.308275, 45.8217819], [22.3091342, 45.8227846], [22.3111546, 45.8245243], [22.3144509, 45.8246683], [22.3149071, 45.8249135], [22.315037, 45.8252136], [22.3146828, 45.8256032], [22.3145413, 45.8260789], [22.314625, 45.8267116], [22.3156161, 45.826385], [22.3159208, 45.8264549], [22.316964, 45.8263901], [22.3176834, 45.8261251], [22.3177727, 45.8254346], [22.3189336, 45.8250133], [22.3194574, 45.8245185], [22.3192813, 45.8239481], [22.3198419, 45.8238695], [22.3201332, 45.8237106], [22.3210948, 45.8227954], [22.321114, 45.8223778], [22.3209059, 45.8219112], [22.3216252, 45.8217119], [22.3218901, 45.8213747], [22.3223858, 45.8211818], [22.3228349, 45.8211351], [22.3233437, 45.8212761], [22.3237488, 45.8210099], [22.3238955, 45.8198737], [22.3240461, 45.8196631], [22.3246943, 45.819057], [22.3259594, 45.81823], [22.3259635, 45.8179705], [22.3256538, 45.8175037], [22.3257167, 45.817136], [22.327296, 45.8164348], [22.3273106, 45.815023], [22.3279775, 45.8146269], [22.3283577, 45.814528], [22.3292151, 45.814827], [22.331992, 45.8146104], [22.3323612, 45.8145323], [22.3329555, 45.8141642], [22.3334684, 45.8140607], [22.333777, 45.8140562], [22.3350128, 45.8144021], [22.336036, 45.8143885], [22.3364367, 45.8141768], [22.3376702, 45.8139713], [22.3389104, 45.8134534], [22.3393132, 45.813444], [22.3436164, 45.8152616], [22.3443441, 45.8153077], [22.3451256, 45.8155134], [22.3469613, 45.8165695], [22.3481869, 45.816741], [22.3493746, 45.8164924], [22.3507428, 45.816604], [22.3524389, 45.8171777], [22.3532958, 45.818094], [22.354206, 45.8187262], [22.3548205, 45.8189889], [22.3557191, 45.8191293], [22.3571913, 45.8198881], [22.3578903, 45.8207334], [22.3581074, 45.8213173], [22.3585947, 45.821577], [22.3587274, 45.8218293], [22.3590461, 45.8229699], [22.3588426, 45.8237923], [22.3589237, 45.8242043], [22.3593605, 45.8247738], [22.3600428, 45.825024], [22.3611286, 45.8252319], [22.3626978, 45.8260624], [22.3638634, 45.8256829], [22.3642299, 45.8256841], [22.3645136, 45.8258662], [22.3651143, 45.8259218], [22.3677707, 45.8271579], [22.3686381, 45.8278441], [22.3695501, 45.8283218], [22.3700582, 45.8287791], [22.3701813, 45.829005], [22.369925, 45.8296319], [22.3702378, 45.8301167], [22.3707948, 45.8303676], [22.3716475, 45.8304937], [22.372186, 45.8308899], [22.3723739, 45.8316234], [22.3722241, 45.8318906], [22.3728607, 45.832424], [22.3730207, 45.8331372], [22.3717041, 45.8340809], [22.3716563, 45.8344971], [22.3712078, 45.835264], [22.371321, 45.8356021], [22.3711262, 45.8367273], [22.3712753, 45.8374159], [22.3711916, 45.8381629], [22.3714265, 45.8387435], [22.3714259, 45.8393548], [22.3716329, 45.8397571], [22.3716071, 45.8403035], [22.3721871, 45.8420021], [22.3725248, 45.8441698], [22.3729698, 45.8447612], [22.3730616, 45.8453524], [22.3738533, 45.846588], [22.3743643, 45.8483459], [22.3752146, 45.849285], [22.3772317, 45.8506969], [22.379338, 45.8515851], [22.3804149, 45.8522521], [22.381227, 45.8525533], [22.3820313, 45.8526554], [22.3831065, 45.8526318], [22.3839031, 45.8527775], [22.3864014, 45.8525444], [22.3876263, 45.8527914], [22.3885651, 45.8532602], [22.3889365, 45.8538458], [22.3890915, 45.8549161], [22.3893513, 45.8554626], [22.3898329, 45.8558876], [22.3929857, 45.8579675], [22.3937825, 45.858306], [22.3952282, 45.8584664], [22.3961321, 45.8583915], [22.3970204, 45.8581037], [22.3973278, 45.8581107], [22.3980578, 45.8587085], [22.3991699, 45.8593338], [22.400533, 45.8606544], [22.4011302, 45.8614398], [22.4005712, 45.8616466], [22.4002862, 45.861752], [22.3940172, 45.8642316], [22.3863571, 45.8679932], [22.3804386, 45.8715316], [22.3765575, 45.8735853], [22.3750873, 45.8747058], [22.3733892, 45.8756015], [22.3726869, 45.8761989], [22.3686438, 45.8836071], [22.3678797, 45.8850886], [22.3677608, 45.8850243], [22.3657362, 45.8846287], [22.3643782, 45.8842476], [22.3627483, 45.8842303], [22.3607916, 45.8843786], [22.3596248, 45.8842567], [22.3590732, 45.8841186], [22.3571179, 45.8832419], [22.3560577, 45.8829146], [22.3548384, 45.8821976], [22.3535631, 45.8817649], [22.3517773, 45.8817163], [22.35097, 45.8818534], [22.3502546, 45.8818442], [22.3496009, 45.8817105], [22.3477457, 45.8815992], [22.3459631, 45.8811364], [22.3447616, 45.8810915], [22.343762, 45.8808441], [22.3430356, 45.8808102], [22.3422472, 45.8810595], [22.3419962, 45.8810299], [22.3403006, 45.8805721], [22.3386598, 45.8799185], [22.3380907, 45.8793025], [22.3371728, 45.8786978], [22.3354567, 45.8779073], [22.3339845, 45.8776646], [22.3324158, 45.8768777], [22.3314425, 45.8765802], [22.3303399, 45.8763852], [22.3295912, 45.8760488], [22.3268384, 45.875223], [22.3261869, 45.87464], [22.3251278, 45.8740049], [22.3248567, 45.8731362], [22.3242775, 45.872752], [22.3230122, 45.872813], [22.3222675, 45.8725069], [22.3217807, 45.8718805], [22.3212115, 45.8714251], [22.3202768, 45.8700744], [22.3194602, 45.8695073], [22.3184213, 45.8693403], [22.3157289, 45.8699231], [22.3152004, 45.8698744], [22.314151, 45.8694887], [22.3131683, 45.8688216], [22.312114, 45.8678195], [22.3100851, 45.8670522], [22.3072188, 45.8662101], [22.3032053, 45.8640754], [22.3018104, 45.8630972], [22.2972126, 45.8604528], [22.2949788, 45.8593948], [22.2948799, 45.8591897], [22.2945714, 45.8591389], [22.294658, 45.8589564], [22.2959063, 45.8586565], [22.2970093, 45.858679], [22.2973419, 45.8585773], [22.2975125, 45.8574119], [22.2977818, 45.8573097], [22.2987237, 45.8564968], [22.298866, 45.8561577], [22.3018073, 45.8544373], [22.3023098, 45.8538012], [22.3023165, 45.8532862], [22.3025756, 45.8532802], [22.3031134, 45.8528651], [22.3035908, 45.852804], [22.3037597, 45.8528804], [22.3040926, 45.8527737], [22.3035435, 45.8521762], [22.3025466, 45.8520984], [22.3008774, 45.852541], [22.3004375, 45.853073], [22.2995762, 45.8532213], [22.2949104, 45.8544596], [22.2947792, 45.8544287], [22.2933663, 45.8518379], [22.2877115, 45.8532862], [22.2858208, 45.8497375], [22.2852152, 45.8491599], [22.2858694, 45.8485961], [22.2861593, 45.8480601], [22.2863219, 45.8475012], [22.2865211, 45.8472779], [22.2863494, 45.8467431], [22.2864711, 45.8465668], [22.2868515, 45.8464903], [22.2878198, 45.846626], [22.2880276, 45.8467428], [22.2881587, 45.8472743], [22.2883131, 45.8473898], [22.2887409, 45.8474373], [22.2890168, 45.8473145], [22.2890875, 45.845742], [22.2891654, 45.8454961], [22.2894916, 45.8453065], [22.2899054, 45.8453821], [22.2903481, 45.8457463], [22.291529, 45.8459256], [22.2923262, 45.845894], [22.2930481, 45.8460887], [22.2932514, 45.8460387], [22.2928208, 45.8451456], [22.2934253, 45.8439614], [22.2902868, 45.8411121], [22.297173, 45.8376126], [22.2923531, 45.8330797], [22.292105, 45.8312444], [22.2923858, 45.8309199], [22.292065, 45.8307157], [22.291882, 45.8304189], [22.2919002, 45.8298813], [22.2917609, 45.8295801], [22.2905857, 45.8286458], [22.2870459, 45.8270062], [22.2843091, 45.8255617], [22.2833744, 45.8252994], [22.2785586, 45.8245401], [22.2654533, 45.8221906], [22.2634132, 45.821932], [22.258669, 45.8210224], [22.2586094, 45.8213189], [22.2583045, 45.8211792], [22.2581814, 45.8212728], [22.2579735, 45.8211657], [22.2580131, 45.8210049]]]]}}, {"id": "10", "type": "Feature", "properties": {"name": "Margina", "judet": "TIMI\u0218", "admin_level": "8", "wikidata": null, "place": "municipality", "osm_id": 10492538, "siruta": "157585", "siruta_score": null, "pop_total": 0, "gp_count": null, "nearest_school_m": 5599.1944449168695, "nearest_gp_m": null, "nearest_er_m": 12122.510015495953, "school_score": 34.2972222154733, "gp_score": null, "hospital_score": 94.69372496126012, "composite_score": 54.42938979740224, "partial_data": true, "_color_composite": "#d99080", "_color_school": "#b54545", "_color_gp": "#9a9a9a", "_color_hospital": "#f5ecd9", "_display_color": "#d99080"}, "geometry": {"type": "MultiPolygon", "coordinates": [[[[22.3688775, 45.883727], [22.3686438, 45.8836071], [22.3726869, 45.8761989], [22.3733892, 45.8756015], [22.3750873, 45.8747058], [22.3765575, 45.8735853], [22.3804386, 45.8715316], [22.3863571, 45.8679932], [22.3940172, 45.8642316], [22.4002862, 45.861752], [22.4005712, 45.8616466], [22.4011302, 45.8614398], [22.4016139, 45.8611642], [22.4022541, 45.8606752], [22.4031626, 45.861373], [22.4030921, 45.8619474], [22.4034763, 45.8635759], [22.4029213, 45.8639541], [22.4022212, 45.8642052], [22.401947, 45.8649717], [22.4026506, 45.8657132], [22.4032188, 45.8665471], [22.4031486, 45.8671015], [22.4022994, 45.8678382], [22.4020423, 45.8679304], [22.4010272, 45.8695058], [22.3977115, 45.8714241], [22.3963292, 45.8719536], [22.3951874, 45.8732321], [22.3912616, 45.8746044], [22.3905205, 45.8761048], [22.3905338, 45.8763734], [22.3901086, 45.876896], [22.3899121, 45.8782923], [22.3892639, 45.8798456], [22.3879441, 45.8810072], [22.386569, 45.8833408], [22.3860865, 45.8838653], [22.3849929, 45.8843042], [22.3840988, 45.8850426], [22.3831236, 45.885612], [22.3817832, 45.8857801], [22.3805302, 45.8857736], [22.3787646, 45.8859187], [22.3780229, 45.8861457], [22.3714826, 45.884469], [22.3713403, 45.8842946], [22.371401, 45.8836812], [22.3711808, 45.8838295], [22.3710069, 45.8837481], [22.3708329, 45.8837971], [22.3707729, 45.8839421], [22.3705124, 45.8838265], [22.3698398, 45.8839578], [22.3688775, 45.883727]]], [[[22.2400229, 45.9031481], [22.2394345, 45.9031314], [22.2391445, 45.9028718], [22.2388631, 45.902271], [22.238773, 45.9014015], [22.2380993, 45.8998524], [22.2380061, 45.8993432], [22.2381236, 45.898614], [22.2390449, 45.8963038], [22.2390925, 45.8957173], [22.2390239, 45.8938857], [22.2385865, 45.8932213], [22.2388083, 45.8928975], [22.2388664, 45.892234], [22.2381981, 45.8905315], [22.2380987, 45.8897949], [22.2368006, 45.8879305], [22.2362451, 45.8867234], [22.2360549, 45.886519], [22.2355071, 45.8863109], [22.2350858, 45.886006], [22.2350155, 45.8849624], [22.2343094, 45.8837286], [22.2341178, 45.8829472], [22.2336459, 45.8822216], [22.2323154, 45.8807487], [22.2312301, 45.8799832], [22.230818, 45.8793218], [22.2306013, 45.8789319], [22.2306341, 45.8781286], [22.230131, 45.8767105], [22.2301774, 45.8764969], [22.2335271, 45.8742016], [22.2376075, 45.871001], [22.2381462, 45.8705246], [22.238342, 45.8697502], [22.2381736, 45.870013], [22.2353938, 45.8691094], [22.2349106, 45.867712], [22.2271045, 45.8651948], [22.2266038, 45.8661119], [22.2263888, 45.8662037], [22.2250679, 45.8662029], [22.2242887, 45.8652537], [22.2238013, 45.8644052], [22.2241507, 45.8643297], [22.2243813, 45.8646003], [22.2246029, 45.8646765], [22.2248939, 45.864572], [22.2249857, 45.864388], [22.2248178, 45.8642134], [22.2232807, 45.8636278], [22.2259615, 45.860484], [22.2257902, 45.8603004], [22.2255139, 45.8603586], [22.2208011, 45.8600244], [22.2209773, 45.8578834], [22.2162843, 45.8585606], [22.2211613, 45.8537542], [22.2232356, 45.8515116], [22.2247275, 45.8500411], [22.2257121, 45.849248], [22.2345593, 45.8402285], [22.2354059, 45.8395429], [22.2377061, 45.8372633], [22.2472145, 45.8383254], [22.2479411, 45.8362367], [22.2475854, 45.835921], [22.2480108, 45.8342887], [22.2487626, 45.8335113], [22.2489908, 45.8329078], [22.2493588, 45.8326514], [22.2492847, 45.8322512], [22.2495035, 45.8319135], [22.2496499, 45.8318716], [22.249908, 45.8320544], [22.2501469, 45.8318937], [22.2504102, 45.8319706], [22.2511071, 45.8317453], [22.2507227, 45.8316352], [22.250716, 45.8314787], [22.2511309, 45.831408], [22.2509547, 45.8310305], [22.2516808, 45.8306816], [22.2516972, 45.8303491], [22.2519935, 45.8300486], [22.2518314, 45.8298228], [22.2524099, 45.8293626], [22.251984, 45.8293625], [22.2519614, 45.8292358], [22.2524852, 45.8291526], [22.2524512, 45.8289652], [22.2527711, 45.8289174], [22.2526946, 45.8285735], [22.2529976, 45.8285757], [22.2530605, 45.8281788], [22.252835, 45.8280674], [22.2525505, 45.8271023], [22.2528431, 45.8270236], [22.2528648, 45.8268779], [22.2526669, 45.8267924], [22.2529396, 45.8266779], [22.253153, 45.8262153], [22.2529722, 45.8257822], [22.2532128, 45.8252938], [22.2537537, 45.8251555], [22.2543421, 45.82464], [22.2544937, 45.8240536], [22.2548556, 45.8235161], [22.2565073, 45.8220825], [22.2565577, 45.8219508], [22.2563833, 45.8219261], [22.2564301, 45.8218658], [22.2569575, 45.8215614], [22.2569626, 45.8214592], [22.2567709, 45.8214853], [22.2567452, 45.821413], [22.2574869, 45.821216], [22.2574909, 45.8208376], [22.2576265, 45.820759], [22.2578923, 45.8210109], [22.2580131, 45.8210049], [22.2579735, 45.8211657], [22.2581814, 45.8212728], [22.2583045, 45.8211792], [22.2586094, 45.8213189], [22.258669, 45.8210224], [22.2634132, 45.821932], [22.2654533, 45.8221906], [22.2785586, 45.8245401], [22.2833744, 45.8252994], [22.2843091, 45.8255617], [22.2870459, 45.8270062], [22.2905857, 45.8286458], [22.2917609, 45.8295801], [22.2919002, 45.8298813], [22.291882, 45.8304189], [22.292065, 45.8307157], [22.2923858, 45.8309199], [22.292105, 45.8312444], [22.2923531, 45.8330797], [22.297173, 45.8376126], [22.2902868, 45.8411121], [22.2934253, 45.8439614], [22.2928208, 45.8451456], [22.2932514, 45.8460387], [22.2930481, 45.8460887], [22.2923262, 45.845894], [22.291529, 45.8459256], [22.2903481, 45.8457463], [22.2899054, 45.8453821], [22.2894916, 45.8453065], [22.2891654, 45.8454961], [22.2890875, 45.845742], [22.2890168, 45.8473145], [22.2887409, 45.8474373], [22.2883131, 45.8473898], [22.2881587, 45.8472743], [22.2880276, 45.8467428], [22.2878198, 45.846626], [22.2868515, 45.8464903], [22.2864711, 45.8465668], [22.2863494, 45.8467431], [22.2865211, 45.8472779], [22.2863219, 45.8475012], [22.2861593, 45.8480601], [22.2858694, 45.8485961], [22.2852152, 45.8491599], [22.2858208, 45.8497375], [22.2877115, 45.8532862], [22.2933663, 45.8518379], [22.2947792, 45.8544287], [22.2949104, 45.8544596], [22.2995762, 45.8532213], [22.3004375, 45.853073], [22.3008774, 45.852541], [22.3025466, 45.8520984], [22.3035435, 45.8521762], [22.3040926, 45.8527737], [22.3037597, 45.8528804], [22.3035908, 45.852804], [22.3031134, 45.8528651], [22.3025756, 45.8532802], [22.3023165, 45.8532862], [22.3023098, 45.8538012], [22.3018073, 45.8544373], [22.298866, 45.8561577], [22.2987237, 45.8564968], [22.2977818, 45.8573097], [22.2975125, 45.8574119], [22.2973419, 45.8585773], [22.2970093, 45.858679], [22.2959063, 45.8586565], [22.294658, 45.8589564], [22.2945714, 45.8591389], [22.2948799, 45.8591897], [22.2949788, 45.8593948], [22.2972126, 45.8604528], [22.3018104, 45.8630972], [22.3032053, 45.8640754], [22.3072188, 45.8662101], [22.3100851, 45.8670522], [22.312114, 45.8678195], [22.3131683, 45.8688216], [22.314151, 45.8694887], [22.3152004, 45.8698744], [22.3157289, 45.8699231], [22.3184213, 45.8693403], [22.3194602, 45.8695073], [22.3202768, 45.8700744], [22.3212115, 45.8714251], [22.3217807, 45.8718805], [22.3222675, 45.8725069], [22.3230122, 45.872813], [22.3242775, 45.872752], [22.3248567, 45.8731362], [22.3251278, 45.8740049], [22.3261869, 45.87464], [22.3268384, 45.875223], [22.3295912, 45.8760488], [22.3303399, 45.8763852], [22.3314425, 45.8765802], [22.3324158, 45.8768777], [22.3339845, 45.8776646], [22.3354567, 45.8779073], [22.3371728, 45.8786978], [22.3380907, 45.8793025], [22.3386598, 45.8799185], [22.3403006, 45.8805721], [22.3419962, 45.8810299], [22.3422472, 45.8810595], [22.3430356, 45.8808102], [22.343762, 45.8808441], [22.3447616, 45.8810915], [22.3459631, 45.8811364], [22.3477457, 45.8815992], [22.3496009, 45.8817105], [22.3502546, 45.8818442], [22.35097, 45.8818534], [22.3517773, 45.8817163], [22.3535631, 45.8817649], [22.3548384, 45.8821976], [22.3560577, 45.8829146], [22.3571179, 45.8832419], [22.3590732, 45.8841186], [22.3596248, 45.8842567], [22.3607916, 45.8843786], [22.3627483, 45.8842303], [22.3643782, 45.8842476], [22.3657362, 45.8846287], [22.3677608, 45.8850243], [22.3678797, 45.8850886], [22.3691029, 45.8857519], [22.3702171, 45.8867505], [22.3711707, 45.887294], [22.371869, 45.8874513], [22.3739942, 45.8875665], [22.3752108, 45.8878287], [22.3764132, 45.8893639], [22.3783976, 45.8900447], [22.3793314, 45.8911171], [22.38055, 45.8915554], [22.381457, 45.8921787], [22.3821307, 45.8932427], [22.382451, 45.8935175], [22.3849815, 45.8945909], [22.3862793, 45.8966534], [22.3868857, 45.897258], [22.3874911, 45.8976129], [22.3891536, 45.8979856], [22.3903269, 45.8986674], [22.3910692, 45.8988834], [22.392783, 45.8991212], [22.3951447, 45.8991519], [22.3961832, 45.8997492], [22.4008057, 45.9004837], [22.4015591, 45.9010152], [22.4017351, 45.9028897], [22.4019554, 45.9034473], [22.4021582, 45.9036269], [22.4026405, 45.9037576], [22.403818, 45.9036518], [22.4048279, 45.9036962], [22.4068433, 45.9041972], [22.4084452, 45.9055401], [22.4097462, 45.9063903], [22.4104264, 45.9071097], [22.410398, 45.9074548], [22.4098689, 45.9084384], [22.4094143, 45.9088557], [22.4091047, 45.910321], [22.4094601, 45.9111515], [22.4100447, 45.9114349], [22.4102489, 45.9121954], [22.4109848, 45.9127544], [22.4113547, 45.9134754], [22.4117699, 45.9164306], [22.4114565, 45.9186581], [22.4110335, 45.9197753], [22.4112167, 45.9200107], [22.4116325, 45.9202219], [22.4114978, 45.9204454], [22.4118385, 45.9207751], [22.4115774, 45.9208087], [22.4116159, 45.9209191], [22.4125874, 45.9215092], [22.4122469, 45.9217495], [22.4118631, 45.9215141], [22.4117544, 45.9220291], [22.4114954, 45.9222588], [22.4116071, 45.9227634], [22.4121841, 45.9234781], [22.4125868, 45.924271], [22.413199, 45.9247147], [22.4142389, 45.9250525], [22.4149077, 45.9256919], [22.4153098, 45.9264465], [22.4153704, 45.9270539], [22.4148674, 45.9280291], [22.4158544, 45.9284299], [22.4182513, 45.9302794], [22.418734, 45.9304987], [22.4191123, 45.9312756], [22.4190853, 45.9313843], [22.4190778, 45.9314141], [22.4182906, 45.9319013], [22.4175353, 45.9329047], [22.4179994, 45.93342], [22.4180819, 45.9336809], [22.4179881, 45.9339442], [22.4172705, 45.9346783], [22.4173104, 45.9351869], [22.4177106, 45.9357777], [22.418776, 45.9366345], [22.4190064, 45.9371933], [22.4188244, 45.9378456], [22.4177719, 45.938523], [22.4170676, 45.9387441], [22.4165311, 45.9390466], [22.4157719, 45.9390894], [22.4148331, 45.9398664], [22.4140629, 45.9407169], [22.4123923, 45.9419607], [22.4113496, 45.9421582], [22.4093789, 45.9422845], [22.4077394, 45.9428269], [22.4061684, 45.9430313], [22.4045912, 45.9435151], [22.4042147, 45.9438856], [22.4037709, 45.9462347], [22.4023488, 45.9475959], [22.3988739, 45.9498762], [22.397454, 45.9504505], [22.3963926, 45.9517741], [22.3955039, 45.9523208], [22.3937359, 45.9531499], [22.3920274, 45.9546603], [22.3915787, 45.9548657], [22.3899346, 45.9552849], [22.3872988, 45.955674], [22.3861811, 45.9559556], [22.3830969, 45.957393], [22.3823055, 45.957836], [22.381066, 45.9587796], [22.3805662, 45.9592203], [22.3803636, 45.9600248], [22.3803627, 45.9608925], [22.3800865, 45.9616688], [22.3804265, 45.9623044], [22.3790429, 45.9631439], [22.377681, 45.9642626], [22.375984, 45.9650497], [22.3753005, 45.9652566], [22.3738555, 45.966159], [22.3685725, 45.9671767], [22.3661654, 45.9688218], [22.3647734, 45.9696255], [22.3628092, 45.9698461], [22.3583992, 45.9699749], [22.3568919, 45.9702641], [22.3527955, 45.9726952], [22.3522832, 45.9725629], [22.3506933, 45.9724427], [22.3484903, 45.9724883], [22.3471393, 45.9728743], [22.3462113, 45.9738334], [22.3450895, 45.9741968], [22.3433697, 45.9736876], [22.341782, 45.973712], [22.3403515, 45.9742888], [22.3394056, 45.9743111], [22.339245, 45.9738706], [22.3395152, 45.9731616], [22.3391474, 45.9728745], [22.3384105, 45.9728953], [22.3376596, 45.9732069], [22.3370126, 45.9732488], [22.3358266, 45.9727844], [22.3339167, 45.9724486], [22.3257787, 45.9721871], [22.3226444, 45.9718098], [22.3206107, 45.9707479], [22.3177189, 45.969037], [22.3150878, 45.9680256], [22.3136165, 45.9670795], [22.3120661, 45.9669317], [22.3113799, 45.966656], [22.3111916, 45.9660439], [22.3118176, 45.9654952], [22.3144753, 45.9655767], [22.3154747, 45.965385], [22.315692, 45.9641263], [22.3155534, 45.9622936], [22.3143152, 45.9562788], [22.3134741, 45.9548425], [22.3137563, 45.9537136], [22.3117984, 45.9511894], [22.3123091, 45.9494724], [22.3121873, 45.9490481], [22.3109007, 45.9463327], [22.3101096, 45.9453372], [22.3094238, 45.9451896], [22.308838, 45.9448039], [22.3080409, 45.9448149], [22.3082632, 45.9441904], [22.3080823, 45.9433729], [22.3083875, 45.9426676], [22.3082874, 45.9417975], [22.3077397, 45.9409384], [22.308121, 45.9399656], [22.3094288, 45.9388766], [22.3107448, 45.9381341], [22.3121491, 45.9376217], [22.3107492, 45.9368179], [22.3101288, 45.9362337], [22.3064529, 45.9368506], [22.3062166, 45.9368966], [22.3060027, 45.9366849], [22.3059952, 45.9363441], [22.3043456, 45.9339945], [22.3038549, 45.9333799], [22.3025575, 45.9323451], [22.3023371, 45.932036], [22.3017229, 45.9318322], [22.3002619, 45.9318292], [22.2992502, 45.9316899], [22.2967018, 45.9307829], [22.2947797, 45.9308672], [22.2939756, 45.9311093], [22.2933185, 45.9316112], [22.2926455, 45.9324569], [22.2921586, 45.9327247], [22.2913037, 45.9328586], [22.2888276, 45.9327959], [22.2888951, 45.9337318], [22.2881222, 45.9337331], [22.2866238, 45.9331494], [22.2851114, 45.9331088], [22.2839855, 45.9329443], [22.2827546, 45.9326199], [22.2799401, 45.9323792], [22.2785761, 45.9325828], [22.2774877, 45.9328656], [22.2766888, 45.9334744], [22.2751777, 45.9342645], [22.2746779, 45.9342172], [22.274006, 45.9339396], [22.2736672, 45.9336011], [22.2731818, 45.932686], [22.2731928, 45.9315414], [22.2730429, 45.931], [22.2719762, 45.9304355], [22.2706583, 45.9303352], [22.2702182, 45.9304505], [22.2690284, 45.9321658], [22.2676611, 45.93332], [22.2671067, 45.9335821], [22.2664934, 45.9341719], [22.2660285, 45.9344479], [22.2648497, 45.9348997], [22.2628477, 45.934931], [22.2620343, 45.9348367], [22.2601729, 45.9343029], [22.2588165, 45.9336645], [22.2581537, 45.9332282], [22.2576613, 45.9326892], [22.2557153, 45.9296886], [22.2532464, 45.9288836], [22.251515, 45.9280022], [22.2499986, 45.9279814], [22.2493183, 45.9272271], [22.2487677, 45.9259949], [22.2483652, 45.9258082], [22.246931, 45.9254943], [22.2458578, 45.9250671], [22.2456156, 45.9250389], [22.24557, 45.9252763], [22.2454384, 45.9252052], [22.2453468, 45.9247259], [22.2460869, 45.9239994], [22.2462799, 45.9235119], [22.2470877, 45.9224736], [22.2469019, 45.921969], [22.2461659, 45.9212418], [22.2470455, 45.9188423], [22.2478441, 45.9181579], [22.2480279, 45.9156731], [22.2484862, 45.9151988], [22.2486172, 45.9148405], [22.2485391, 45.9142632], [22.2480676, 45.9137277], [22.2479532, 45.9133809], [22.248499, 45.9113448], [22.2483886, 45.9108644], [22.2478996, 45.91025], [22.2478058, 45.909935], [22.2484581, 45.9092341], [22.2485253, 45.9078929], [22.2482995, 45.9065319], [22.2485564, 45.9055514], [22.2474183, 45.904574], [22.2468667, 45.9035769], [22.2457983, 45.9034182], [22.2431484, 45.9026183], [22.2424098, 45.9030074], [22.2415481, 45.9032741], [22.2407166, 45.9033111], [22.2400229, 45.9031481]]]]}}, {"id": "11", "type": "Feature", "properties": {"name": "N\u0103drag", "judet": "TIMI\u0218", "admin_level": "8", "wikidata": null, "place": "municipality", "osm_id": 10541651, "siruta": "157898", "siruta_score": null, "pop_total": 0, "gp_count": null, "nearest_school_m": 2406.023333938428, "nearest_gp_m": null, "nearest_er_m": 22974.48579287801, "school_score": 79.91395237230816, "gp_score": null, "hospital_score": 67.56378551780497, "composite_score": 75.79723008747376, "partial_data": true, "_color_composite": "#e8c8b8", "_color_school": "#e8c8b8", "_color_gp": "#9a9a9a", "_color_hospital": "#e8c8b8", "_display_color": "#e8c8b8"}, "geometry": {"type": "MultiPolygon", "coordinates": [[[[22.0869899, 45.6498579], [22.0872031, 45.6496567], [22.0884267, 45.6489993], [22.089258, 45.6485527], [22.0900854, 45.648308], [22.0907817, 45.6482408], [22.0913642, 45.6478023], [22.0921209, 45.6474815], [22.0922522, 45.6469879], [22.0938873, 45.6461944], [22.0950886, 45.6454535], [22.0957269, 45.6447766], [22.0963033, 45.6429007], [22.096874, 45.6424108], [22.0978932, 45.6418221], [22.0990609, 45.641368], [22.1015871, 45.641011], [22.1017137, 45.6405951], [22.1016293, 45.6401355], [22.0997991, 45.6386494], [22.0997848, 45.6385576], [22.1008262, 45.6379266], [22.1000357, 45.6372125], [22.105325, 45.6342183], [22.1054282, 45.634131], [22.1046372, 45.6331878], [22.1048403, 45.632952], [22.105521, 45.6325274], [22.1062204, 45.6317648], [22.1079331, 45.6311063], [22.1086797, 45.6303286], [22.109572, 45.6297719], [22.1107913, 45.6292959], [22.1119669, 45.6299248], [22.1131127, 45.6297977], [22.1138961, 45.629576], [22.1149052, 45.6295078], [22.1157011, 45.6298092], [22.1160893, 45.6304519], [22.1164599, 45.6305483], [22.1176299, 45.63041], [22.1181658, 45.6305708], [22.1192156, 45.6312229], [22.1196517, 45.6313433], [22.1204857, 45.6309672], [22.1210496, 45.6308922], [22.1215815, 45.6305386], [22.1218053, 45.6299618], [22.1209967, 45.6295717], [22.1208605, 45.6293116], [22.1209393, 45.6288941], [22.1212891, 45.6282876], [22.1213595, 45.6277828], [22.1208261, 45.6269462], [22.1204261, 45.6257517], [22.1197178, 45.6244537], [22.1194498, 45.6242216], [22.118854, 45.6241128], [22.1178143, 45.6243453], [22.1164811, 45.6222801], [22.1170089, 45.6219944], [22.1182415, 45.6227868], [22.1185296, 45.6228067], [22.1196368, 45.6225021], [22.1209253, 45.6225273], [22.125424, 45.6239501], [22.1260714, 45.6240032], [22.1305057, 45.6250312], [22.1354017, 45.6253146], [22.1357931, 45.6261126], [22.1367429, 45.6270014], [22.1392526, 45.627862], [22.1400825, 45.6282792], [22.140993, 45.6295095], [22.1422745, 45.6304605], [22.1430565, 45.6314172], [22.1446884, 45.632817], [22.1449408, 45.6333851], [22.1449479, 45.6337676], [22.145356, 45.6338478], [22.1473775, 45.6346884], [22.1476894, 45.6348653], [22.1492774, 45.6357663], [22.1493501, 45.6358436], [22.1505776, 45.6371493], [22.1514382, 45.6373526], [22.1543516, 45.6371769], [22.156202, 45.6374003], [22.1565435, 45.6373529], [22.1568308, 45.6366701], [22.1572084, 45.634927], [22.1572405, 45.6347787], [22.1577938, 45.6337016], [22.1583114, 45.6332599], [22.1591981, 45.6325032], [22.1594193, 45.6323144], [22.1582057, 45.6312304], [22.15612, 45.6298821], [22.1567097, 45.6288272], [22.1571851, 45.62749], [22.1571333, 45.6270227], [22.1565043, 45.6260273], [22.1564067, 45.6254213], [22.155692, 45.6247161], [22.1549438, 45.6242843], [22.1546278, 45.623964], [22.153913, 45.6228765], [22.1521028, 45.6207087], [22.1504337, 45.619089], [22.148763, 45.6165644], [22.1483443, 45.6163368], [22.1480958, 45.6160288], [22.1488601, 45.6152694], [22.1490928, 45.6124641], [22.1485906, 45.610167], [22.1480197, 45.6086174], [22.1479781, 45.6080576], [22.1488843, 45.606552], [22.1506942, 45.6046287], [22.1509123, 45.603877], [22.1509611, 45.6029178], [22.150823, 45.6020941], [22.149536, 45.5998841], [22.149423, 45.5993555], [22.1496303, 45.5986291], [22.1501093, 45.5984448], [22.1517569, 45.5986683], [22.153087, 45.5994377], [22.1534161, 45.5998455], [22.1534377, 45.6018284], [22.153876, 45.6028418], [22.1547488, 45.6033684], [22.1565741, 45.6036384], [22.157763, 45.6036471], [22.1590176, 45.6040427], [22.159392, 45.6045428], [22.160188, 45.6062226], [22.1608817, 45.6071302], [22.1622912, 45.6077192], [22.1630959, 45.6078164], [22.1638806, 45.6077168], [22.164667, 45.6073858], [22.1660396, 45.6063334], [22.1675208, 45.6041951], [22.1681296, 45.604014], [22.1708762, 45.603757], [22.1721315, 45.6040335], [22.1732822, 45.6044056], [22.1738863, 45.6047151], [22.1744419, 45.6051916], [22.1751734, 45.6061804], [22.1755478, 45.607904], [22.1757612, 45.6082318], [22.1764535, 45.6087747], [22.1772552, 45.6091311], [22.1783113, 45.6097953], [22.178905, 45.6103672], [22.1795673, 45.611309], [22.1801312, 45.6116244], [22.180852, 45.6118035], [22.1818506, 45.6122209], [22.1834145, 45.6131881], [22.1842894, 45.6140791], [22.1854198, 45.6157177], [22.1867307, 45.6172853], [22.1872622, 45.617649], [22.1877655, 45.6177806], [22.1893245, 45.6177911], [22.1906674, 45.6174323], [22.1918936, 45.6169017], [22.1931854, 45.615861], [22.1938845, 45.615117], [22.1951524, 45.612954], [22.1955197, 45.6126055], [22.1961182, 45.612431], [22.198276, 45.6122598], [22.1991094, 45.6120896], [22.20117, 45.6114603], [22.2020123, 45.6110981], [22.2042823, 45.6110434], [22.2048137, 45.6089481], [22.2056214, 45.6076639], [22.2066667, 45.6063881], [22.2077396, 45.6056732], [22.2086012, 45.6054678], [22.2101563, 45.6052863], [22.2142256, 45.6052546], [22.2167798, 45.6054313], [22.2196993, 45.6057636], [22.2212565, 45.6056676], [22.2245679, 45.6048627], [22.2299237, 45.6041628], [22.232674, 45.6043404], [22.2357082, 45.6043588], [22.2366964, 45.6042997], [22.2373834, 45.6039566], [22.2502925, 45.590423], [22.2528396, 45.5874953], [22.2539742, 45.5868584], [22.2552663, 45.5864221], [22.255657, 45.5862901], [22.2624067, 45.5861794], [22.263339, 45.5860255], [22.2651653, 45.5852654], [22.2673331, 45.5848213], [22.2692416, 45.5846414], [22.2700962, 45.5848453], [22.270687, 45.5853038], [22.2709716, 45.5860653], [22.2713948, 45.586565], [22.2728847, 45.5873483], [22.2746042, 45.5889905], [22.275233, 45.5897038], [22.2762074, 45.5914107], [22.2781801, 45.5930835], [22.278517, 45.5935993], [22.2788306, 45.5948316], [22.2795735, 45.5960977], [22.2821054, 45.5986882], [22.2838897, 45.6000836], [22.2865785, 45.6023051], [22.2894151, 45.6039455], [22.2906226, 45.6048398], [22.2909914, 45.6053211], [22.2911052, 45.608806], [22.2913794, 45.6104135], [22.2924029, 45.6121713], [22.2926629, 45.6132425], [22.2925318, 45.6142874], [22.2915734, 45.6162813], [22.2915837, 45.617377], [22.2919984, 45.6202143], [22.2922831, 45.620677], [22.2942985, 45.6219534], [22.2955273, 45.623439], [22.2959728, 45.6258587], [22.2971652, 45.6299877], [22.2972957, 45.6319768], [22.2986934, 45.6338969], [22.2988608, 45.6343731], [22.2987546, 45.6348898], [22.2975134, 45.6360888], [22.2979008, 45.6368685], [22.3003275, 45.6389967], [22.3019537, 45.6407239], [22.3036161, 45.6418461], [22.3044542, 45.6425038], [22.3047337, 45.6428904], [22.3049066, 45.6436163], [22.3048293, 45.645057], [22.3050003, 45.6463845], [22.3066829, 45.6491829], [22.3078044, 45.6504759], [22.3093422, 45.6516185], [22.3107321, 45.653532], [22.3112847, 45.6539606], [22.3129794, 45.6547985], [22.3137921, 45.6553749], [22.3144642, 45.6560556], [22.3155106, 45.6572762], [22.3164816, 45.6598546], [22.3175275, 45.6606581], [22.3208327, 45.6621123], [22.3220377, 45.6624256], [22.323767, 45.6625486], [22.3279135, 45.6617779], [22.330041, 45.661518], [22.3295358, 45.6617254], [22.3286429, 45.6619969], [22.3264954, 45.6623694], [22.3255484, 45.6632288], [22.3247122, 45.6635427], [22.3242954, 45.6640811], [22.3235424, 45.6645613], [22.3221979, 45.6647462], [22.3213595, 45.6647211], [22.3213203, 45.6648472], [22.3216155, 45.6652252], [22.3200994, 45.6664217], [22.3191577, 45.6674588], [22.3183497, 45.6680844], [22.3165586, 45.6692171], [22.3132691, 45.670973], [22.3084971, 45.6724961], [22.3079966, 45.6727483], [22.3073383, 45.673357], [22.3067283, 45.6731847], [22.3062691, 45.673182], [22.3053084, 45.6733314], [22.3040631, 45.673953], [22.3029835, 45.673897], [22.3022676, 45.6739554], [22.301189, 45.6740433], [22.3005203, 45.6743696], [22.3001615, 45.6749739], [22.2990415, 45.6759468], [22.2988067, 45.6763027], [22.2981539, 45.6766577], [22.2976533, 45.677152], [22.2929493, 45.6792507], [22.2896531, 45.6802155], [22.2850064, 45.6820483], [22.2835833, 45.6821946], [22.2820562, 45.6826369], [22.2809518, 45.6827077], [22.279544, 45.6829705], [22.2760151, 45.6830673], [22.2754341, 45.6830179], [22.2694977, 45.68242], [22.2619855, 45.6820908], [22.2610253, 45.6821534], [22.2589835, 45.6819808], [22.2559352, 45.6824509], [22.2536096, 45.682639], [22.2524308, 45.6832073], [22.2520882, 45.6841198], [22.2513035, 45.6843572], [22.2487412, 45.6847786], [22.2484872, 45.6881237], [22.2490275, 45.6888031], [22.2506567, 45.6899904], [22.2515858, 45.6908878], [22.2518927, 45.6933948], [22.2515988, 45.6939065], [22.2501185, 45.6946186], [22.2487218, 45.6950407], [22.247041, 45.6961345], [22.246101, 45.6961983], [22.2452924, 45.6965399], [22.2434192, 45.6976276], [22.243078, 45.6977719], [22.2419868, 45.6979541], [22.2409008, 45.6988509], [22.2399196, 45.6993053], [22.2384135, 45.7004622], [22.2372531, 45.7008664], [22.2353591, 45.7013313], [22.2347111, 45.7013614], [22.2338176, 45.701174], [22.2322945, 45.7005418], [22.2303719, 45.7001382], [22.2292641, 45.700213], [22.2274054, 45.7001219], [22.2262091, 45.69993], [22.2242202, 45.6991088], [22.2228428, 45.6988662], [22.221109, 45.6983445], [22.2186228, 45.6981114], [22.2181302, 45.6981186], [22.2171477, 45.6984457], [22.2156096, 45.6984743], [22.2138038, 45.6983088], [22.2122531, 45.6983283], [22.2093054, 45.69774], [22.2088079, 45.6972464], [22.2076962, 45.6955308], [22.2074355, 45.6953751], [22.2059227, 45.6950736], [22.2050568, 45.6946416], [22.204473, 45.6941835], [22.2039943, 45.6940521], [22.2028748, 45.6940624], [22.2019246, 45.6939535], [22.2007099, 45.6934421], [22.2000507, 45.6930027], [22.1982449, 45.6922721], [22.1971175, 45.6921169], [22.1968097, 45.6919834], [22.1959722, 45.6914356], [22.1945353, 45.6907864], [22.1940268, 45.6902155], [22.1924312, 45.6899558], [22.1901899, 45.6888165], [22.1885847, 45.6886118], [22.1873063, 45.6882119], [22.1868243, 45.6878181], [22.186673, 45.6869212], [22.1863836, 45.6865136], [22.1862068, 45.6863128], [22.184944, 45.6856976], [22.1846624, 45.6854388], [22.1840257, 45.6846206], [22.1835667, 45.6836022], [22.1824143, 45.6829011], [22.1798455, 45.6819614], [22.1790534, 45.6814911], [22.1780747, 45.6810892], [22.1765874, 45.6798869], [22.1752815, 45.6797035], [22.1740949, 45.6786704], [22.1725991, 45.6766519], [22.171629, 45.676366], [22.1688503, 45.6752578], [22.1680962, 45.6752491], [22.1673729, 45.6754829], [22.1668969, 45.6753754], [22.1663232, 45.676061], [22.1646102, 45.6757516], [22.1614256, 45.6756676], [22.1611715, 45.6756609], [22.1606454, 45.6746131], [22.1600616, 45.6727847], [22.1548551, 45.6725332], [22.1542245, 45.673793], [22.1533063, 45.6764261], [22.1506891, 45.6779483], [22.1492729, 45.6795798], [22.146469, 45.6823318], [22.145549, 45.6833852], [22.145308, 45.684989], [22.1454032, 45.6884559], [22.1441961, 45.6892731], [22.1434969, 45.6895339], [22.1415996, 45.6894775], [22.1408075, 45.6897327], [22.1397085, 45.6905392], [22.1382526, 45.6910677], [22.1376883, 45.6916521], [22.1374746, 45.6906624], [22.1366907, 45.6899895], [22.1359007, 45.6890633], [22.1336642, 45.6859147], [22.1328194, 45.6849471], [22.131694, 45.6849987], [22.1307667, 45.6852686], [22.1303444, 45.6857111], [22.1294317, 45.687181], [22.1289313, 45.6876616], [22.1262781, 45.6889275], [22.1259695, 45.6901194], [22.1256991, 45.6905657], [22.1244134, 45.6917801], [22.1239969, 45.6918317], [22.1236451, 45.6920609], [22.1233178, 45.6929637], [22.1223363, 45.6936532], [22.1214624, 45.6939728], [22.1209703, 45.6943434], [22.1205197, 45.6950567], [22.1205737, 45.6934327], [22.1202295, 45.6932273], [22.1202789, 45.6925556], [22.1198928, 45.691728], [22.1195972, 45.691441], [22.1182454, 45.6912826], [22.1174352, 45.6909411], [22.1171542, 45.6909444], [22.1168521, 45.6906339], [22.1154048, 45.6897483], [22.1138701, 45.6871212], [22.1138825, 45.6865936], [22.1141004, 45.6863817], [22.1155736, 45.6862356], [22.1160767, 45.6859378], [22.116886, 45.6857202], [22.1174978, 45.6853215], [22.1192052, 45.6845986], [22.1197906, 45.6841372], [22.1200301, 45.6837913], [22.1200556, 45.683295], [22.1196164, 45.6823522], [22.118319, 45.6802631], [22.1179067, 45.6793727], [22.1176554, 45.6790868], [22.1164243, 45.6786001], [22.1161257, 45.6780853], [22.1160946, 45.6772838], [22.1159559, 45.6770223], [22.1154643, 45.6766171], [22.1147127, 45.6762839], [22.1136446, 45.6761895], [22.1127514, 45.6762735], [22.1120034, 45.6761816], [22.1116958, 45.6760896], [22.1113839, 45.6757732], [22.1110894, 45.6757376], [22.1103632, 45.6753353], [22.1096726, 45.6747511], [22.1082017, 45.674394], [22.1077002, 45.6743364], [22.1067674, 45.6744137], [22.1043637, 45.6749697], [22.1039564, 45.6749481], [22.1022829, 45.6743277], [22.1009087, 45.6735896], [22.0999882, 45.6732745], [22.0998154, 45.6725913], [22.0992419, 45.6716061], [22.0993906, 45.670708], [22.0991944, 45.6697045], [22.0980098, 45.6687711], [22.097516, 45.6672846], [22.0969083, 45.6663434], [22.0970038, 45.6649556], [22.0960108, 45.6629556], [22.0957255, 45.6616544], [22.0947012, 45.6602595], [22.0943325, 45.6576257], [22.0932498, 45.6548624], [22.0913296, 45.6534302], [22.0880774, 45.6503401], [22.0869899, 45.6498579]]]]}}, {"id": "12", "type": "Feature", "properties": {"name": "F\u00e2rdea", "judet": "TIMI\u0218", "admin_level": "8", "wikidata": null, "place": "municipality", "osm_id": 10541652, "siruta": "156927", "siruta_score": null, "pop_total": 0, "gp_count": null, "nearest_school_m": 2416.9526586637016, "nearest_gp_m": null, "nearest_er_m": 13131.476730772589, "school_score": 79.75781916194713, "gp_score": null, "hospital_score": 92.17130817306852, "composite_score": 83.89564883232092, "partial_data": true, "_color_composite": "#f5ecd9", "_color_school": "#e8c8b8", "_color_gp": "#9a9a9a", "_color_hospital": "#f5ecd9", "_display_color": "#f5ecd9"}, "geometry": {"type": "MultiPolygon", "coordinates": [[[[22.1098231, 45.7478905], [22.1102195, 45.7477641], [22.1102643, 45.7477293], [22.1107148, 45.7473786], [22.1145571, 45.7443882], [22.1180058, 45.740814], [22.1188474, 45.7401169], [22.1181902, 45.7392547], [22.1167613, 45.7379677], [22.1188817, 45.7340736], [22.119119, 45.7334234], [22.1196603, 45.7327295], [22.1198795, 45.7319834], [22.1188298, 45.7305189], [22.118539, 45.7298324], [22.1184991, 45.7267858], [22.1187319, 45.7259092], [22.1183406, 45.7255912], [22.1182765, 45.7252529], [22.117576, 45.7247672], [22.116434, 45.7233133], [22.1152534, 45.7228098], [22.1143483, 45.7226556], [22.1140092, 45.7227498], [22.1118886, 45.7219118], [22.1110797, 45.7217886], [22.1105274, 45.721592], [22.1083546, 45.7204127], [22.12345, 45.7141924], [22.1363529, 45.7084231], [22.1367756, 45.7068609], [22.1371375, 45.7065692], [22.137232, 45.7062117], [22.1367215, 45.7053992], [22.1365941, 45.7041697], [22.1360368, 45.7035292], [22.1354968, 45.7014363], [22.1358928, 45.7000131], [22.1353748, 45.6967478], [22.1351274, 45.6963195], [22.1349803, 45.6954761], [22.1356058, 45.6944122], [22.1371383, 45.6927313], [22.1376883, 45.6916521], [22.1382526, 45.6910677], [22.1397085, 45.6905392], [22.1408075, 45.6897327], [22.1415996, 45.6894775], [22.1434969, 45.6895339], [22.1441961, 45.6892731], [22.1454032, 45.6884559], [22.145308, 45.684989], [22.145549, 45.6833852], [22.146469, 45.6823318], [22.1492729, 45.6795798], [22.1506891, 45.6779483], [22.1533063, 45.6764261], [22.1542245, 45.673793], [22.1548551, 45.6725332], [22.1600616, 45.6727847], [22.1606454, 45.6746131], [22.1611715, 45.6756609], [22.1614256, 45.6756676], [22.1646102, 45.6757516], [22.1663232, 45.676061], [22.1668969, 45.6753754], [22.1673729, 45.6754829], [22.1680962, 45.6752491], [22.1688503, 45.6752578], [22.171629, 45.676366], [22.1725991, 45.6766519], [22.1740949, 45.6786704], [22.1752815, 45.6797035], [22.1765874, 45.6798869], [22.1780747, 45.6810892], [22.1790534, 45.6814911], [22.1798455, 45.6819614], [22.1824143, 45.6829011], [22.1835667, 45.6836022], [22.1840257, 45.6846206], [22.1846624, 45.6854388], [22.184944, 45.6856976], [22.1862068, 45.6863128], [22.1863836, 45.6865136], [22.186673, 45.6869212], [22.1868243, 45.6878181], [22.1873063, 45.6882119], [22.1885847, 45.6886118], [22.1901899, 45.6888165], [22.1924312, 45.6899558], [22.1940268, 45.6902155], [22.1945353, 45.6907864], [22.1959722, 45.6914356], [22.1968097, 45.6919834], [22.1971175, 45.6921169], [22.1982449, 45.6922721], [22.2000507, 45.6930027], [22.2007099, 45.6934421], [22.2019246, 45.6939535], [22.2028748, 45.6940624], [22.2039943, 45.6940521], [22.204473, 45.6941835], [22.2050568, 45.6946416], [22.2059227, 45.6950736], [22.2074355, 45.6953751], [22.2076962, 45.6955308], [22.2088079, 45.6972464], [22.2093054, 45.69774], [22.2122531, 45.6983283], [22.2138038, 45.6983088], [22.2156096, 45.6984743], [22.2171477, 45.6984457], [22.2181302, 45.6981186], [22.2186228, 45.6981114], [22.221109, 45.6983445], [22.2228428, 45.6988662], [22.2242202, 45.6991088], [22.2262091, 45.69993], [22.2274054, 45.7001219], [22.2292641, 45.700213], [22.2303719, 45.7001382], [22.2322945, 45.7005418], [22.2338176, 45.701174], [22.2347111, 45.7013614], [22.2353591, 45.7013313], [22.2372531, 45.7008664], [22.2384135, 45.7004622], [22.2399196, 45.6993053], [22.2409008, 45.6988509], [22.2419868, 45.6979541], [22.243078, 45.6977719], [22.2434192, 45.6976276], [22.2452924, 45.6965399], [22.246101, 45.6961983], [22.247041, 45.6961345], [22.2487218, 45.6950407], [22.2501185, 45.6946186], [22.2515988, 45.6939065], [22.2518927, 45.6933948], [22.2515858, 45.6908878], [22.2506567, 45.6899904], [22.2490275, 45.6888031], [22.2484872, 45.6881237], [22.2487412, 45.6847786], [22.2513035, 45.6843572], [22.2520882, 45.6841198], [22.2524308, 45.6832073], [22.2536096, 45.682639], [22.2559352, 45.6824509], [22.2589835, 45.6819808], [22.2610253, 45.6821534], [22.2619855, 45.6820908], [22.2694977, 45.68242], [22.2754341, 45.6830179], [22.2760151, 45.6830673], [22.2759649, 45.6833585], [22.2756408, 45.6837339], [22.2759003, 45.6843217], [22.2757607, 45.6846763], [22.2759563, 45.6852836], [22.2765591, 45.6862183], [22.2766923, 45.6875031], [22.2769903, 45.6882069], [22.2761059, 45.6903814], [22.2764724, 45.6914926], [22.2763289, 45.6918963], [22.2756759, 45.692773], [22.2738298, 45.6942372], [22.273646, 45.6945921], [22.2735747, 45.6956586], [22.2732569, 45.6962998], [22.2736197, 45.6967347], [22.273569, 45.6976465], [22.2729862, 45.7004449], [22.2728832, 45.7018904], [22.2722415, 45.7031027], [22.2711091, 45.7041349], [22.2702179, 45.7052221], [22.2690936, 45.7061494], [22.2684164, 45.7063519], [22.2669825, 45.7075682], [22.2679562, 45.7081719], [22.2683609, 45.7092337], [22.2691364, 45.7099671], [22.2702855, 45.7114018], [22.2703988, 45.7122821], [22.2698959, 45.7139102], [22.269798, 45.714795], [22.2724973, 45.7129981], [22.2739545, 45.7126519], [22.275485, 45.7116195], [22.2760004, 45.7114539], [22.2777385, 45.711198], [22.2784253, 45.7108612], [22.2793956, 45.7106351], [22.2801477, 45.7105927], [22.2808437, 45.7100655], [22.2814452, 45.7098429], [22.2821869, 45.7093307], [22.2846686, 45.7150265], [22.2857536, 45.7163605], [22.2864682, 45.716819], [22.2868208, 45.7172132], [22.2878754, 45.7191787], [22.2884416, 45.719696], [22.2873571, 45.7210855], [22.2869375, 45.7222019], [22.2868925, 45.7228561], [22.2865692, 45.7238971], [22.286539, 45.7250656], [22.2863622, 45.7254239], [22.2864132, 45.7260267], [22.2861311, 45.7263686], [22.2861663, 45.7267366], [22.2857009, 45.7275713], [22.2861551, 45.7278481], [22.286171, 45.728067], [22.2866964, 45.7281864], [22.2874591, 45.7280651], [22.2882004, 45.7277016], [22.2887551, 45.7276265], [22.2895821, 45.7280191], [22.2913827, 45.7285406], [22.291767, 45.7286938], [22.2920168, 45.7290503], [22.2925798, 45.7293518], [22.2930047, 45.729901], [22.294737, 45.7309197], [22.2953758, 45.7307536], [22.2960911, 45.7315206], [22.2968209, 45.7318074], [22.2980025, 45.7321516], [22.299057, 45.7321766], [22.2997919, 45.7327703], [22.3001696, 45.7328286], [22.3014978, 45.7335107], [22.3016495, 45.733807], [22.3009841, 45.7350583], [22.3010225, 45.7352265], [22.3005506, 45.7363353], [22.3003789, 45.7362999], [22.30043, 45.7377251], [22.2997097, 45.7392861], [22.3001038, 45.7400782], [22.3001108, 45.7406221], [22.3003864, 45.7409704], [22.3003429, 45.7417316], [22.3000153, 45.742328], [22.3001325, 45.7436158], [22.2998841, 45.7440962], [22.2997033, 45.7449517], [22.3003297, 45.7453197], [22.3002499, 45.7458709], [22.2994731, 45.7467893], [22.2996351, 45.7471463], [22.2990013, 45.7469108], [22.2985129, 45.7467294], [22.2980234, 45.7471016], [22.2980857, 45.7474609], [22.298308, 45.7478292], [22.2985837, 45.748286], [22.2986115, 45.7486724], [22.2966684, 45.750797], [22.2964637, 45.751165], [22.296421, 45.7512419], [22.2963841, 45.7520032], [22.2920291, 45.7558197], [22.2908955, 45.7569429], [22.2902472, 45.7572993], [22.2893773, 45.7575668], [22.2889261, 45.757868], [22.2883249, 45.7582693], [22.2881054, 45.7588285], [22.2880423, 45.7605545], [22.2875425, 45.7619554], [22.2871964, 45.7623794], [22.2849134, 45.7633451], [22.2827942, 45.763943], [22.2823551, 45.7643647], [22.2820173, 45.7650259], [22.2800888, 45.7646546], [22.278681, 45.7646627], [22.2782332, 45.764707], [22.2759877, 45.7641608], [22.2750145, 45.764091], [22.274144, 45.7641372], [22.2728434, 45.7646498], [22.2697445, 45.7634882], [22.2694681, 45.7637585], [22.2685071, 45.7639818], [22.2674683, 45.7638965], [22.2665656, 45.7640143], [22.261139, 45.7655758], [22.2601138, 45.7662948], [22.257113, 45.7691634], [22.2566693, 45.7697647], [22.2558156, 45.7703716], [22.2541962, 45.7770596], [22.2548745, 45.7784121], [22.2549451, 45.7791388], [22.2556144, 45.7808264], [22.25558, 45.7813957], [22.2560173, 45.7827726], [22.2561398, 45.7828499], [22.2566526, 45.7827885], [22.2564362, 45.783355], [22.2566855, 45.7842448], [22.2557263, 45.7855272], [22.2544149, 45.7861283], [22.2531321, 45.7870616], [22.2522538, 45.7879199], [22.2518298, 45.7891506], [22.2518448, 45.7900248], [22.2516336, 45.7907823], [22.2517234, 45.7923825], [22.25027, 45.7924728], [22.2490592, 45.7922611], [22.2483686, 45.7919507], [22.2475719, 45.7912209], [22.2466591, 45.7909015], [22.2462698, 45.7909517], [22.2451873, 45.7914986], [22.2444301, 45.7914299], [22.2441495, 45.7912718], [22.2437419, 45.791294], [22.2431205, 45.7909242], [22.241373, 45.7913953], [22.240882, 45.7913789], [22.2400974, 45.7909382], [22.2397348, 45.7908469], [22.239525, 45.7905805], [22.2384575, 45.7904578], [22.2380637, 45.7905995], [22.237657, 45.7906034], [22.2357633, 45.7899203], [22.2348031, 45.7893753], [22.2338294, 45.7895763], [22.2335319, 45.78989], [22.2334358, 45.7905066], [22.2330853, 45.7906998], [22.232084, 45.7917092], [22.2295222, 45.7922433], [22.2281541, 45.7920679], [22.2267727, 45.791574], [22.2256346, 45.7915188], [22.224974, 45.791356], [22.224162, 45.7913363], [22.2232646, 45.7914797], [22.2214981, 45.7908774], [22.2199666, 45.7909972], [22.219423, 45.7908555], [22.2187529, 45.7910134], [22.2183501, 45.7913336], [22.2168481, 45.7931707], [22.2161711, 45.7934659], [22.2144274, 45.7937721], [22.2135982, 45.7933071], [22.2113575, 45.7928811], [22.2111017, 45.792884], [22.2112421, 45.7933693], [22.209245, 45.7923041], [22.2034878, 45.7892302], [22.1859415, 45.7801797], [22.1852881, 45.7796555], [22.1834189, 45.7805213], [22.1830022, 45.7808432], [22.1821254, 45.7819745], [22.1813096, 45.7833519], [22.1805672, 45.7836658], [22.1791222, 45.78406], [22.1785882, 45.7841641], [22.1776217, 45.7841207], [22.1764641, 45.7839878], [22.1744033, 45.7834808], [22.173966, 45.7831051], [22.1735646, 45.7829388], [22.1731769, 45.783053], [22.171664, 45.7831835], [22.170424, 45.7826577], [22.1692575, 45.782518], [22.1682689, 45.7829104], [22.1670427, 45.7830297], [22.1665417, 45.7829912], [22.1658459, 45.7827524], [22.164933, 45.7827763], [22.1639429, 45.7822827], [22.1622076, 45.7821548], [22.1599027, 45.7812841], [22.1594595, 45.7810255], [22.1591375, 45.780581], [22.1576849, 45.7798413], [22.1572095, 45.7793018], [22.1540777, 45.7788539], [22.1531638, 45.7790591], [22.1522845, 45.7789525], [22.1515604, 45.7790538], [22.1507836, 45.7791625], [22.1480235, 45.7776428], [22.141926, 45.7745549], [22.1395379, 45.773544], [22.1382849, 45.7733408], [22.1364614, 45.7727609], [22.1305881, 45.7740302], [22.1291003, 45.7741686], [22.126678, 45.7745722], [22.1234024, 45.767619], [22.1222672, 45.7645282], [22.1199135, 45.7599344], [22.1166794, 45.7554517], [22.1098231, 45.7478905]]]]}}, {"id": "13", "type": "Feature", "properties": {"name": "Pietroasa", "judet": "TIMI\u0218", "admin_level": "8", "wikidata": null, "place": "municipality", "osm_id": 10541653, "siruta": "158136", "siruta_score": null, "pop_total": 0, "gp_count": null, "nearest_school_m": 2395.451365894677, "nearest_gp_m": null, "nearest_er_m": 21823.164754358702, "school_score": 80.06498048721889, "gp_score": null, "hospital_score": 70.44208811410324, "composite_score": 76.85734969618034, "partial_data": true, "_color_composite": "#e8c8b8", "_color_school": "#f5ecd9", "_color_gp": "#9a9a9a", "_color_hospital": "#e8c8b8", "_display_color": "#e8c8b8"}, "geometry": {"type": "MultiPolygon", "coordinates": [[[[22.3587274, 45.8218293], [22.3588526, 45.8213748], [22.3588131, 45.8204755], [22.3590538, 45.8199983], [22.358856, 45.8194372], [22.3581563, 45.8188459], [22.3586805, 45.8179996], [22.3588314, 45.8172041], [22.3578889, 45.8161427], [22.3561357, 45.812768], [22.3555811, 45.8121922], [22.3551378, 45.8098024], [22.3550482, 45.8080897], [22.3546645, 45.8069767], [22.3543839, 45.8050931], [22.3540071, 45.8037682], [22.3539484, 45.8014109], [22.3543651, 45.8003591], [22.3544527, 45.7990588], [22.3555018, 45.7986693], [22.3562039, 45.7982504], [22.3573656, 45.7970203], [22.3572684, 45.796605], [22.3568228, 45.7961252], [22.3561192, 45.7949743], [22.3560544, 45.7944759], [22.35626, 45.7938851], [22.3569741, 45.7929575], [22.3582828, 45.7916149], [22.358776, 45.790285], [22.358534, 45.7895926], [22.3585497, 45.7892114], [22.3590709, 45.7886095], [22.3592414, 45.7882139], [22.359523, 45.7880054], [22.3608223, 45.7874696], [22.3635848, 45.7880591], [22.3669378, 45.7885178], [22.3678806, 45.7883441], [22.3684784, 45.7878141], [22.3690149, 45.7875815], [22.3694459, 45.7868653], [22.37049, 45.785968], [22.3704283, 45.7845452], [22.370104, 45.7836885], [22.3698185, 45.7833744], [22.3697386, 45.7826583], [22.3698701, 45.7822963], [22.3718432, 45.7816412], [22.3729976, 45.7826514], [22.3729767, 45.7827934], [22.372682, 45.7829016], [22.3726852, 45.7829867], [22.373286, 45.783471], [22.3738048, 45.7832329], [22.3745989, 45.7830687], [22.3762589, 45.7822213], [22.3775892, 45.7811765], [22.3770313, 45.7808786], [22.3772678, 45.7806365], [22.3777484, 45.7807551], [22.377689, 45.7808787], [22.3778727, 45.7810005], [22.378219, 45.7807809], [22.3764053, 45.7790189], [22.3748066, 45.7780184], [22.3722584, 45.7753707], [22.3718142, 45.7750129], [22.3690852, 45.7735494], [22.3687855, 45.77331], [22.3687042, 45.7730631], [22.3682582, 45.7703366], [22.3682249, 45.7693776], [22.3689374, 45.7678424], [22.3689863, 45.7671379], [22.3687383, 45.7646548], [22.3691056, 45.7638706], [22.3691902, 45.7630391], [22.3696908, 45.7618043], [22.3700374, 45.7600285], [22.3701061, 45.7585695], [22.370337, 45.7576075], [22.3701416, 45.7561839], [22.3703826, 45.7554031], [22.3710275, 45.7551187], [22.3783207, 45.7532658], [22.3783615, 45.7528689], [22.3779118, 45.7518467], [22.3777481, 45.7505106], [22.377871, 45.7495965], [22.378477, 45.7488936], [22.3781685, 45.7479914], [22.3774862, 45.7470975], [22.3774357, 45.7464685], [22.3775427, 45.746272], [22.377993, 45.7460886], [22.3817304, 45.7454181], [22.3827754, 45.7448498], [22.3830456, 45.7445794], [22.3843769, 45.7419667], [22.3844106, 45.7413428], [22.3851008, 45.7406386], [22.3845146, 45.7374108], [22.3839967, 45.7359551], [22.3843695, 45.7346374], [22.3848381, 45.7341135], [22.3854084, 45.7337177], [22.3899516, 45.732505], [22.3904552, 45.7324333], [22.3915886, 45.7326186], [22.3920762, 45.7324493], [22.3930102, 45.7323804], [22.3935474, 45.7322223], [22.3942509, 45.7317221], [22.3952562, 45.7312523], [22.3969882, 45.7308057], [22.3979497, 45.7298728], [22.4005484, 45.7277498], [22.4019069, 45.7261197], [22.402622, 45.7259094], [22.4046374, 45.72583], [22.4055664, 45.7250943], [22.4072391, 45.724609], [22.4094687, 45.7246948], [22.4117991, 45.7245164], [22.4120896, 45.7244277], [22.4125174, 45.723846], [22.4137705, 45.7229546], [22.4141579, 45.7224722], [22.4144501, 45.7217187], [22.4143061, 45.7200364], [22.4145419, 45.7188051], [22.4144273, 45.7175695], [22.414816, 45.7162981], [22.4148283, 45.715722], [22.414193, 45.715066], [22.4135966, 45.7140208], [22.4133982, 45.7132043], [22.4142916, 45.7126131], [22.4144978, 45.7123321], [22.4144157, 45.7100906], [22.4156377, 45.7087474], [22.416085, 45.7069957], [22.4167409, 45.7056573], [22.4179972, 45.7046965], [22.4187297, 45.7043322], [22.4201064, 45.7038557], [22.4207376, 45.7035141], [22.4221273, 45.7031747], [22.4228088, 45.7028874], [22.423665, 45.702165], [22.4238989, 45.7014385], [22.4243479, 45.7010554], [22.4250401, 45.7007854], [22.4267751, 45.7004036], [22.429388, 45.6995086], [22.4309093, 45.6980661], [22.4315348, 45.6972232], [22.4315877, 45.6966931], [22.4318201, 45.6963444], [22.4324465, 45.6957922], [22.4338386, 45.6950818], [22.4341464, 45.6946442], [22.4344038, 45.6937127], [22.434423, 45.692826], [22.435584, 45.693514], [22.4368088, 45.6940325], [22.4371904, 45.6934679], [22.4376097, 45.6924044], [22.4376023, 45.6919467], [22.4371502, 45.691331], [22.4360764, 45.6904356], [22.4360569, 45.690161], [22.4361409, 45.6899586], [22.4374965, 45.6889781], [22.4377647, 45.6884138], [22.4377114, 45.6870104], [22.4375142, 45.6865001], [22.4374371, 45.6844539], [22.4370469, 45.6838096], [22.4359929, 45.6835603], [22.4357278, 45.6833699], [22.4355408, 45.6827153], [22.4357694, 45.6823179], [22.4357792, 45.6821146], [22.4363617, 45.6825394], [22.4384104, 45.6826625], [22.4392692, 45.6830164], [22.4396728, 45.6834341], [22.4411223, 45.6830425], [22.4420233, 45.68266], [22.4425157, 45.6826148], [22.4433025, 45.6826946], [22.4462605, 45.6833476], [22.4478235, 45.6833241], [22.4481055, 45.6831646], [22.4480532, 45.6820983], [22.4483424, 45.6816902], [22.4504497, 45.6821963], [22.4525615, 45.6834096], [22.4531266, 45.6841804], [22.454738, 45.6852373], [22.4574374, 45.6862703], [22.4600091, 45.6867955], [22.4619596, 45.6874778], [22.4626829, 45.6879351], [22.4646969, 45.6902625], [22.4648671, 45.6904088], [22.4667467, 45.6922281], [22.46859, 45.6937215], [22.4685938, 45.6944728], [22.4686382, 45.6948297], [22.4684024, 45.697223], [22.4693463, 45.699681], [22.4691093, 45.7011643], [22.4691107, 45.7030102], [22.4689208, 45.7053282], [22.4685301, 45.7064509], [22.4675315, 45.707858], [22.4666394, 45.7087911], [22.4654709, 45.7101944], [22.4650935, 45.7110197], [22.4652998, 45.712096], [22.4661165, 45.7128285], [22.4665007, 45.7137301], [22.4665371, 45.7148026], [22.4664805, 45.7160518], [22.4666046, 45.7170667], [22.4672517, 45.7177954], [22.4676278, 45.7188755], [22.4671709, 45.7195799], [22.4661801, 45.7208086], [22.4658742, 45.7219332], [22.466075, 45.7231284], [22.4660212, 45.7243181], [22.4662436, 45.7250375], [22.4671375, 45.7259503], [22.4676889, 45.7269151], [22.4686732, 45.7277108], [22.4693918, 45.7287388], [22.4694149, 45.7301087], [22.4706406, 45.7312074], [22.4721345, 45.7320143], [22.4737323, 45.7324067], [22.4760123, 45.7327545], [22.478802, 45.7331135], [22.4812332, 45.7338815], [22.4844925, 45.7351439], [22.4872262, 45.7367521], [22.4896094, 45.7385908], [22.4912442, 45.7400557], [22.4928844, 45.7414017], [22.4946337, 45.7422142], [22.4966487, 45.7427943], [22.4990141, 45.743144], [22.5008831, 45.7431851], [22.5025823, 45.7432224], [22.5036787, 45.7434252], [22.5048681, 45.7434513], [22.5061185, 45.7440146], [22.5076769, 45.7452993], [22.5094744, 45.7469464], [22.5111444, 45.7476381], [22.5134146, 45.7482239], [22.5149254, 45.7486739], [22.5165902, 45.7494845], [22.5180697, 45.7505612], [22.5196981, 45.7512501], [22.5203633, 45.7517592], [22.521003, 45.7531734], [22.5213998, 45.754175], [22.5237236, 45.7554765], [22.5253914, 45.7562276], [22.528855, 45.7586855], [22.5299334, 45.7592225], [22.5308025, 45.7603153], [22.5311794, 45.7605735], [22.5314068, 45.7607293], [22.5320041, 45.7611386], [22.5333559, 45.7617075], [22.5342035, 45.7617973], [22.535727, 45.7623213], [22.5378299, 45.7635712], [22.5406301, 45.7655022], [22.5405263, 45.7677873], [22.5405752, 45.768762], [22.5420527, 45.7701813], [22.5451674, 45.7713176], [22.5478204, 45.7720513], [22.5490222, 45.7730258], [22.5500849, 45.7758106], [22.5513637, 45.7774634], [22.5513088, 45.7787126], [22.5503933, 45.7811992], [22.5508335, 45.7818857], [22.5492298, 45.7835186], [22.5486554, 45.7853137], [22.5488454, 45.7875016], [22.5459105, 45.7903914], [22.5433498, 45.79248], [22.5409723, 45.7942737], [22.5403374, 45.7964838], [22.5342418, 45.8014305], [22.531783, 45.8009035], [22.5301484, 45.8007233], [22.5298071, 45.8005863], [22.5277689, 45.8006307], [22.5257151, 45.8003858], [22.5252044, 45.8002058], [22.5245244, 45.8001295], [22.523593, 45.7989469], [22.5233866, 45.7973457], [22.5224094, 45.7969887], [22.522316, 45.7966618], [22.5215862, 45.7956935], [22.5200162, 45.7949228], [22.5192834, 45.7943451], [22.5190626, 45.7940319], [22.5176088, 45.7929393], [22.5151998, 45.7923462], [22.5146776, 45.7919911], [22.5139564, 45.7911561], [22.5124517, 45.790356], [22.5107704, 45.7892652], [22.5095027, 45.7887276], [22.5070547, 45.7873547], [22.5053844, 45.7871426], [22.5034775, 45.7861773], [22.5019846, 45.785828], [22.500247, 45.7851378], [22.4990867, 45.7850797], [22.4968689, 45.7855235], [22.4932661, 45.7854039], [22.4927388, 45.7857565], [22.4922003, 45.7859415], [22.4906938, 45.7861108], [22.4895327, 45.7864863], [22.4890793, 45.7864993], [22.4882942, 45.7869479], [22.4874758, 45.7865755], [22.4870398, 45.7865698], [22.4863404, 45.786889], [22.4858995, 45.7868333], [22.4850168, 45.7871043], [22.480923, 45.7867135], [22.4804444, 45.7868177], [22.4799051, 45.7872599], [22.4791361, 45.7884812], [22.4795282, 45.7894722], [22.4798573, 45.7897173], [22.4796518, 45.7904195], [22.4797978, 45.7914802], [22.4807664, 45.7921365], [22.4805055, 45.7929216], [22.4800408, 45.7933305], [22.4799976, 45.7935548], [22.4804047, 45.7938723], [22.4807766, 45.7945792], [22.4805021, 45.7947459], [22.4791751, 45.7951373], [22.4782336, 45.7957582], [22.4772767, 45.7959512], [22.4765924, 45.7963973], [22.4760072, 45.7973174], [22.4753172, 45.7980193], [22.4741377, 45.7987578], [22.4739865, 45.8000023], [22.4735073, 45.8007134], [22.4722655, 45.8015615], [22.4710632, 45.8018449], [22.4705724, 45.8020593], [22.4702852, 45.8023456], [22.4701249, 45.8027678], [22.4703937, 45.8039522], [22.4711716, 45.804572], [22.4725549, 45.8051964], [22.4754449, 45.8058472], [22.4760554, 45.8062063], [22.4768497, 45.8069638], [22.4780082, 45.8073898], [22.4783697, 45.8077896], [22.4782005, 45.8083579], [22.4785092, 45.8092898], [22.4780907, 45.8109334], [22.478244, 45.8115953], [22.4781857, 45.8122003], [22.4776383, 45.8127306], [22.4780651, 45.8152125], [22.4779546, 45.81556], [22.4782843, 45.8160779], [22.4783795, 45.8165641], [22.4780696, 45.8187688], [22.4775629, 45.8202506], [22.4778185, 45.8214854], [22.4774522, 45.8220681], [22.4767146, 45.8227951], [22.4765488, 45.8234777], [22.4767782, 45.8241196], [22.4768577, 45.8250948], [22.4765193, 45.825599], [22.4760365, 45.8268311], [22.4754299, 45.8273067], [22.4753025, 45.8275846], [22.4754978, 45.8285853], [22.4753731, 45.8293892], [22.4754275, 45.8303849], [22.4754966, 45.8306746], [22.4758499, 45.831065], [22.4759729, 45.8320576], [22.4763953, 45.8326326], [22.4763863, 45.8329285], [22.4769233, 45.8339503], [22.4776186, 45.8344575], [22.4777594, 45.8347136], [22.4769657, 45.8367197], [22.4769224, 45.8372229], [22.476496, 45.8376192], [22.4762713, 45.8380461], [22.4756495, 45.8379784], [22.4745903, 45.8376383], [22.4731744, 45.8363132], [22.4718246, 45.8358719], [22.4703493, 45.8357385], [22.4697241, 45.8355519], [22.4690042, 45.8350493], [22.468637, 45.8345957], [22.4683223, 45.8344761], [22.4680958, 45.8345034], [22.4676575, 45.8348686], [22.4658498, 45.8357084], [22.4646653, 45.836487], [22.4634751, 45.8368813], [22.4624403, 45.8373966], [22.4618333, 45.8375028], [22.4602472, 45.837469], [22.4600402, 45.8376017], [22.4600526, 45.8386382], [22.4598359, 45.8394676], [22.4598233, 45.8402286], [22.4600254, 45.8418057], [22.459801, 45.8426563], [22.4621538, 45.8443231], [22.4623816, 45.8447566], [22.4619325, 45.845837], [22.4623249, 45.8465766], [22.462364, 45.8470279], [22.4621544, 45.847412], [22.4619387, 45.8475128], [22.4608423, 45.8477291], [22.4602221, 45.8479621], [22.4595008, 45.8477624], [22.4570762, 45.8479586], [22.4561715, 45.8478242], [22.4548612, 45.8478069], [22.4539799, 45.847616], [22.4499656, 45.8475313], [22.4481813, 45.8478392], [22.4460501, 45.8489526], [22.4443192, 45.8493283], [22.4417715, 45.8503878], [22.4414002, 45.850908], [22.4386834, 45.8531278], [22.4373667, 45.8546818], [22.4371536, 45.8553168], [22.4357543, 45.8557728], [22.434882, 45.8557858], [22.433679, 45.8555025], [22.4323663, 45.8556597], [22.4305189, 45.855697], [22.430243, 45.8555966], [22.4295331, 45.8547664], [22.4288179, 45.8544877], [22.4277044, 45.8543022], [22.4268692, 45.8544993], [22.4255982, 45.8543385], [22.4251227, 45.8545437], [22.4241939, 45.8556486], [22.4241005, 45.855981], [22.4232737, 45.8568061], [22.4216369, 45.8575216], [22.4210161, 45.8576186], [22.4193476, 45.8566555], [22.4185933, 45.8560276], [22.4182285, 45.8559869], [22.4171106, 45.8563257], [22.4160993, 45.8564671], [22.4147735, 45.8564771], [22.4141957, 45.8563159], [22.4131056, 45.8556466], [22.4116736, 45.8551953], [22.4106114, 45.8545711], [22.4044985, 45.8590813], [22.4042065, 45.8591233], [22.4038936, 45.859582], [22.4022541, 45.8606752], [22.4016139, 45.8611642], [22.4011302, 45.8614398], [22.400533, 45.8606544], [22.3991699, 45.8593338], [22.3980578, 45.8587085], [22.3973278, 45.8581107], [22.3970204, 45.8581037], [22.3961321, 45.8583915], [22.3952282, 45.8584664], [22.3937825, 45.858306], [22.3929857, 45.8579675], [22.3898329, 45.8558876], [22.3893513, 45.8554626], [22.3890915, 45.8549161], [22.3889365, 45.8538458], [22.3885651, 45.8532602], [22.3876263, 45.8527914], [22.3864014, 45.8525444], [22.3839031, 45.8527775], [22.3831065, 45.8526318], [22.3820313, 45.8526554], [22.381227, 45.8525533], [22.3804149, 45.8522521], [22.379338, 45.8515851], [22.3772317, 45.8506969], [22.3752146, 45.849285], [22.3743643, 45.8483459], [22.3738533, 45.846588], [22.3730616, 45.8453524], [22.3729698, 45.8447612], [22.3725248, 45.8441698], [22.3721871, 45.8420021], [22.3716071, 45.8403035], [22.3716329, 45.8397571], [22.3714259, 45.8393548], [22.3714265, 45.8387435], [22.3711916, 45.8381629], [22.3712753, 45.8374159], [22.3711262, 45.8367273], [22.371321, 45.8356021], [22.3712078, 45.835264], [22.3716563, 45.8344971], [22.3717041, 45.8340809], [22.3730207, 45.8331372], [22.3728607, 45.832424], [22.3722241, 45.8318906], [22.3723739, 45.8316234], [22.372186, 45.8308899], [22.3716475, 45.8304937], [22.3707948, 45.8303676], [22.3702378, 45.8301167], [22.369925, 45.8296319], [22.3701813, 45.829005], [22.3700582, 45.8287791], [22.3695501, 45.8283218], [22.3686381, 45.8278441], [22.3677707, 45.8271579], [22.3651143, 45.8259218], [22.3645136, 45.8258662], [22.3642299, 45.8256841], [22.3638634, 45.8256829], [22.3626978, 45.8260624], [22.3611286, 45.8252319], [22.3600428, 45.825024], [22.3593605, 45.8247738], [22.3589237, 45.8242043], [22.3588426, 45.8237923], [22.3590461, 45.8229699], [22.3587274, 45.8218293]]]]}}, {"id": "14", "type": "Feature", "properties": {"name": "Tome\u0219ti", "judet": "TIMI\u0218", "admin_level": "8", "wikidata": null, "place": "municipality", "osm_id": 10541654, "siruta": "158895", "siruta_score": null, "pop_total": 0, "gp_count": null, "nearest_school_m": 2964.952883910242, "nearest_gp_m": null, "nearest_er_m": 18598.182435754785, "school_score": 71.92924451556799, "gp_score": null, "hospital_score": 78.50454391061302, "composite_score": 74.12101098058298, "partial_data": true, "_color_composite": "#e8c8b8", "_color_school": "#e8c8b8", "_color_gp": "#9a9a9a", "_color_hospital": "#e8c8b8", "_display_color": "#e8c8b8"}, "geometry": {"type": "MultiPolygon", "coordinates": [[[[22.2760151, 45.6830673], [22.279544, 45.6829705], [22.2809518, 45.6827077], [22.2820562, 45.6826369], [22.2835833, 45.6821946], [22.2850064, 45.6820483], [22.2896531, 45.6802155], [22.2929493, 45.6792507], [22.2976533, 45.677152], [22.2981539, 45.6766577], [22.2988067, 45.6763027], [22.2990415, 45.6759468], [22.3001615, 45.6749739], [22.3005203, 45.6743696], [22.301189, 45.6740433], [22.3022676, 45.6739554], [22.3029835, 45.673897], [22.3040631, 45.673953], [22.3053084, 45.6733314], [22.3062691, 45.673182], [22.3067283, 45.6731847], [22.3073383, 45.673357], [22.3079966, 45.6727483], [22.3084971, 45.6724961], [22.3132691, 45.670973], [22.3165586, 45.6692171], [22.3183497, 45.6680844], [22.3191577, 45.6674588], [22.3200994, 45.6664217], [22.3216155, 45.6652252], [22.3213203, 45.6648472], [22.3213595, 45.6647211], [22.3221979, 45.6647462], [22.3235424, 45.6645613], [22.3242954, 45.6640811], [22.3247122, 45.6635427], [22.3255484, 45.6632288], [22.3264954, 45.6623694], [22.3286429, 45.6619969], [22.3295358, 45.6617254], [22.330041, 45.661518], [22.3313185, 45.661757], [22.3316056, 45.6620704], [22.3325076, 45.6621572], [22.3332283, 45.6621157], [22.3340669, 45.6617849], [22.335131, 45.6615324], [22.3401073, 45.6626074], [22.3408849, 45.663122], [22.3420124, 45.663068], [22.3429089, 45.6632715], [22.3443867, 45.6630796], [22.3451445, 45.6631338], [22.3462908, 45.6634907], [22.3470795, 45.6635528], [22.3486264, 45.6638809], [22.3495107, 45.6636825], [22.3523674, 45.6645082], [22.3541796, 45.664873], [22.3546691, 45.6650961], [22.3553581, 45.6657253], [22.3575478, 45.6672217], [22.3580522, 45.6673502], [22.3591853, 45.6671794], [22.3609084, 45.6665832], [22.3614613, 45.6665668], [22.361878, 45.6661238], [22.3637857, 45.666314], [22.3689799, 45.66656], [22.3704493, 45.6674336], [22.3718255, 45.6671879], [22.3726378, 45.667192], [22.373262, 45.6669874], [22.3755795, 45.6668219], [22.3776469, 45.6664972], [22.3785034, 45.6662248], [22.3794097, 45.6657785], [22.382454, 45.6650517], [22.3829847, 45.6649614], [22.3836467, 45.6650329], [22.3853435, 45.6639291], [22.3855934, 45.6633213], [22.3858562, 45.6631736], [22.3873496, 45.6626646], [22.388688, 45.6624689], [22.3893378, 45.6624889], [22.3897189, 45.6626436], [22.3920375, 45.6641932], [22.3946868, 45.6665593], [22.395058, 45.6672237], [22.3960424, 45.6682251], [22.3964528, 45.6683626], [22.3981447, 45.6683885], [22.3998904, 45.6687461], [22.4007703, 45.6687876], [22.401649, 45.6687615], [22.4035846, 45.6683341], [22.4047219, 45.6680089], [22.4075957, 45.6669008], [22.4097996, 45.6671031], [22.4118141, 45.666867], [22.4133097, 45.6659201], [22.4193599, 45.6637339], [22.4262157, 45.6686759], [22.4264795, 45.6688923], [22.4270391, 45.6705744], [22.42707, 45.671078], [22.427547, 45.6719502], [22.4281373, 45.6725992], [22.4282323, 45.6730562], [22.4300563, 45.6751365], [22.4305636, 45.6753628], [22.4306923, 45.6758575], [22.4312406, 45.6761787], [22.4314289, 45.6789258], [22.4313107, 45.679355], [22.4316807, 45.6799116], [22.4323463, 45.6799563], [22.4330181, 45.6796534], [22.4334983, 45.6796891], [22.4338251, 45.6802576], [22.4342123, 45.6804702], [22.4347559, 45.6813757], [22.4353256, 45.6814943], [22.4354565, 45.6818782], [22.4356496, 45.6819636], [22.4357792, 45.6821146], [22.4357694, 45.6823179], [22.4355408, 45.6827153], [22.4357278, 45.6833699], [22.4359929, 45.6835603], [22.4370469, 45.6838096], [22.4374371, 45.6844539], [22.4375142, 45.6865001], [22.4377114, 45.6870104], [22.4377647, 45.6884138], [22.4374965, 45.6889781], [22.4361409, 45.6899586], [22.4360569, 45.690161], [22.4360764, 45.6904356], [22.4371502, 45.691331], [22.4376023, 45.6919467], [22.4376097, 45.6924044], [22.4371904, 45.6934679], [22.4368088, 45.6940325], [22.435584, 45.693514], [22.434423, 45.692826], [22.4344038, 45.6937127], [22.4341464, 45.6946442], [22.4338386, 45.6950818], [22.4324465, 45.6957922], [22.4318201, 45.6963444], [22.4315877, 45.6966931], [22.4315348, 45.6972232], [22.4309093, 45.6980661], [22.429388, 45.6995086], [22.4267751, 45.7004036], [22.4250401, 45.7007854], [22.4243479, 45.7010554], [22.4238989, 45.7014385], [22.423665, 45.702165], [22.4228088, 45.7028874], [22.4221273, 45.7031747], [22.4207376, 45.7035141], [22.4201064, 45.7038557], [22.4187297, 45.7043322], [22.4179972, 45.7046965], [22.4167409, 45.7056573], [22.416085, 45.7069957], [22.4156377, 45.7087474], [22.4144157, 45.7100906], [22.4144978, 45.7123321], [22.4142916, 45.7126131], [22.4133982, 45.7132043], [22.4135966, 45.7140208], [22.414193, 45.715066], [22.4148283, 45.715722], [22.414816, 45.7162981], [22.4144273, 45.7175695], [22.4145419, 45.7188051], [22.4143061, 45.7200364], [22.4144501, 45.7217187], [22.4141579, 45.7224722], [22.4137705, 45.7229546], [22.4125174, 45.723846], [22.4120896, 45.7244277], [22.4117991, 45.7245164], [22.4094687, 45.7246948], [22.4072391, 45.724609], [22.4055664, 45.7250943], [22.4046374, 45.72583], [22.402622, 45.7259094], [22.4019069, 45.7261197], [22.4005484, 45.7277498], [22.3979497, 45.7298728], [22.3969882, 45.7308057], [22.3952562, 45.7312523], [22.3942509, 45.7317221], [22.3935474, 45.7322223], [22.3930102, 45.7323804], [22.3920762, 45.7324493], [22.3915886, 45.7326186], [22.3904552, 45.7324333], [22.3899516, 45.732505], [22.3854084, 45.7337177], [22.3848381, 45.7341135], [22.3843695, 45.7346374], [22.3839967, 45.7359551], [22.3845146, 45.7374108], [22.3851008, 45.7406386], [22.3844106, 45.7413428], [22.3843769, 45.7419667], [22.3830456, 45.7445794], [22.3827754, 45.7448498], [22.3817304, 45.7454181], [22.377993, 45.7460886], [22.3775427, 45.746272], [22.3774357, 45.7464685], [22.3774862, 45.7470975], [22.3781685, 45.7479914], [22.378477, 45.7488936], [22.377871, 45.7495965], [22.3777481, 45.7505106], [22.3779118, 45.7518467], [22.3783615, 45.7528689], [22.3783207, 45.7532658], [22.3710275, 45.7551187], [22.3703826, 45.7554031], [22.3701416, 45.7561839], [22.370337, 45.7576075], [22.3701061, 45.7585695], [22.3700374, 45.7600285], [22.3696908, 45.7618043], [22.3691902, 45.7630391], [22.3691056, 45.7638706], [22.3687383, 45.7646548], [22.3689863, 45.7671379], [22.3689374, 45.7678424], [22.3682249, 45.7693776], [22.3682582, 45.7703366], [22.3687042, 45.7730631], [22.3687855, 45.77331], [22.3690852, 45.7735494], [22.3718142, 45.7750129], [22.3722584, 45.7753707], [22.3748066, 45.7780184], [22.3764053, 45.7790189], [22.378219, 45.7807809], [22.3778727, 45.7810005], [22.377689, 45.7808787], [22.3777484, 45.7807551], [22.3772678, 45.7806365], [22.3770313, 45.7808786], [22.3775892, 45.7811765], [22.3762589, 45.7822213], [22.3745989, 45.7830687], [22.3738048, 45.7832329], [22.373286, 45.783471], [22.3726852, 45.7829867], [22.372682, 45.7829016], [22.3729767, 45.7827934], [22.3729976, 45.7826514], [22.3718432, 45.7816412], [22.3698701, 45.7822963], [22.3697386, 45.7826583], [22.3698185, 45.7833744], [22.370104, 45.7836885], [22.3704283, 45.7845452], [22.37049, 45.785968], [22.3694459, 45.7868653], [22.3690149, 45.7875815], [22.3684784, 45.7878141], [22.3678806, 45.7883441], [22.3669378, 45.7885178], [22.3635848, 45.7880591], [22.3608223, 45.7874696], [22.359523, 45.7880054], [22.3592414, 45.7882139], [22.3590709, 45.7886095], [22.3585497, 45.7892114], [22.358534, 45.7895926], [22.358776, 45.790285], [22.3582828, 45.7916149], [22.3569741, 45.7929575], [22.35626, 45.7938851], [22.3560544, 45.7944759], [22.3561192, 45.7949743], [22.3568228, 45.7961252], [22.3572684, 45.796605], [22.3573656, 45.7970203], [22.3562039, 45.7982504], [22.3555018, 45.7986693], [22.3544527, 45.7990588], [22.3543651, 45.8003591], [22.3539484, 45.8014109], [22.3540071, 45.8037682], [22.3543839, 45.8050931], [22.3546645, 45.8069767], [22.3550482, 45.8080897], [22.3551378, 45.8098024], [22.3555811, 45.8121922], [22.3561357, 45.812768], [22.3578889, 45.8161427], [22.3588314, 45.8172041], [22.3586805, 45.8179996], [22.3581563, 45.8188459], [22.358856, 45.8194372], [22.3590538, 45.8199983], [22.3588131, 45.8204755], [22.3588526, 45.8213748], [22.3587274, 45.8218293], [22.3585947, 45.821577], [22.3581074, 45.8213173], [22.3578903, 45.8207334], [22.3571913, 45.8198881], [22.3557191, 45.8191293], [22.3548205, 45.8189889], [22.354206, 45.8187262], [22.3532958, 45.818094], [22.3524389, 45.8171777], [22.3507428, 45.816604], [22.3493746, 45.8164924], [22.3481869, 45.816741], [22.3469613, 45.8165695], [22.3451256, 45.8155134], [22.3443441, 45.8153077], [22.3436164, 45.8152616], [22.3393132, 45.813444], [22.3389104, 45.8134534], [22.3376702, 45.8139713], [22.3364367, 45.8141768], [22.336036, 45.8143885], [22.3350128, 45.8144021], [22.333777, 45.8140562], [22.3334684, 45.8140607], [22.3329555, 45.8141642], [22.3323612, 45.8145323], [22.331992, 45.8146104], [22.3292151, 45.814827], [22.3283577, 45.814528], [22.3279775, 45.8146269], [22.3273106, 45.815023], [22.327296, 45.8164348], [22.3257167, 45.817136], [22.3256538, 45.8175037], [22.3259635, 45.8179705], [22.3259594, 45.81823], [22.3246943, 45.819057], [22.3240461, 45.8196631], [22.3238955, 45.8198737], [22.3237488, 45.8210099], [22.3233437, 45.8212761], [22.3228349, 45.8211351], [22.3223858, 45.8211818], [22.3218901, 45.8213747], [22.3216252, 45.8217119], [22.3209059, 45.8219112], [22.321114, 45.8223778], [22.3210948, 45.8227954], [22.3201332, 45.8237106], [22.3198419, 45.8238695], [22.3192813, 45.8239481], [22.3194574, 45.8245185], [22.3189336, 45.8250133], [22.3177727, 45.8254346], [22.3176834, 45.8261251], [22.316964, 45.8263901], [22.3159208, 45.8264549], [22.3156161, 45.826385], [22.314625, 45.8267116], [22.3145413, 45.8260789], [22.3146828, 45.8256032], [22.315037, 45.8252136], [22.3149071, 45.8249135], [22.3144509, 45.8246683], [22.3111546, 45.8245243], [22.3091342, 45.8227846], [22.308275, 45.8217819], [22.306066, 45.8206946], [22.3035387, 45.8196734], [22.2989968, 45.8184534], [22.2988374, 45.8182748], [22.2981118, 45.8181051], [22.2960552, 45.8172789], [22.2943638, 45.8162618], [22.2924536, 45.8155105], [22.2856949, 45.8137476], [22.2817133, 45.8115255], [22.2808502, 45.8108807], [22.2782864, 45.8089411], [22.2765996, 45.8069325], [22.2767173, 45.8069309], [22.27765, 45.8066571], [22.2784271, 45.8068201], [22.2791308, 45.8067935], [22.2802099, 45.8062807], [22.2793686, 45.8051054], [22.278061, 45.8041716], [22.2779825, 45.8036643], [22.2800469, 45.8037857], [22.2821569, 45.8037277], [22.2834688, 45.8035135], [22.2855433, 45.8033843], [22.2863026, 45.8031376], [22.2869815, 45.8023344], [22.2887713, 45.8013133], [22.2901734, 45.8007574], [22.2914561, 45.8005295], [22.2923926, 45.7998178], [22.2880792, 45.7992898], [22.2863359, 45.798349], [22.2860283, 45.797871], [22.284733, 45.7974474], [22.284221, 45.7970321], [22.2830413, 45.7966629], [22.2787426, 45.7937656], [22.2781875, 45.7936283], [22.2780214, 45.793397], [22.2783048, 45.7930419], [22.2782801, 45.7926382], [22.2778012, 45.7912875], [22.2771, 45.7859144], [22.2772669, 45.7778161], [22.278681, 45.7646627], [22.2800888, 45.7646546], [22.2820173, 45.7650259], [22.2823551, 45.7643647], [22.2827942, 45.763943], [22.2849134, 45.7633451], [22.2871964, 45.7623794], [22.2875425, 45.7619554], [22.2880423, 45.7605545], [22.2881054, 45.7588285], [22.2883249, 45.7582693], [22.2889261, 45.757868], [22.2893773, 45.7575668], [22.2902472, 45.7572993], [22.2908955, 45.7569429], [22.2920291, 45.7558197], [22.2963841, 45.7520032], [22.296421, 45.7512419], [22.2964637, 45.751165], [22.2966684, 45.750797], [22.2986115, 45.7486724], [22.2985837, 45.748286], [22.298308, 45.7478292], [22.2980857, 45.7474609], [22.2980234, 45.7471016], [22.2985129, 45.7467294], [22.2990013, 45.7469108], [22.2996351, 45.7471463], [22.2994731, 45.7467893], [22.3002499, 45.7458709], [22.3003297, 45.7453197], [22.2997033, 45.7449517], [22.2998841, 45.7440962], [22.3001325, 45.7436158], [22.3000153, 45.742328], [22.3003429, 45.7417316], [22.3003864, 45.7409704], [22.3001108, 45.7406221], [22.3001038, 45.7400782], [22.2997097, 45.7392861], [22.30043, 45.7377251], [22.3003789, 45.7362999], [22.3005506, 45.7363353], [22.3010225, 45.7352265], [22.3009841, 45.7350583], [22.3016495, 45.733807], [22.3014978, 45.7335107], [22.3001696, 45.7328286], [22.2997919, 45.7327703], [22.299057, 45.7321766], [22.2980025, 45.7321516], [22.2968209, 45.7318074], [22.2960911, 45.7315206], [22.2953758, 45.7307536], [22.294737, 45.7309197], [22.2930047, 45.729901], [22.2925798, 45.7293518], [22.2920168, 45.7290503], [22.291767, 45.7286938], [22.2913827, 45.7285406], [22.2895821, 45.7280191], [22.2887551, 45.7276265], [22.2882004, 45.7277016], [22.2874591, 45.7280651], [22.2866964, 45.7281864], [22.286171, 45.728067], [22.2861551, 45.7278481], [22.2857009, 45.7275713], [22.2861663, 45.7267366], [22.2861311, 45.7263686], [22.2864132, 45.7260267], [22.2863622, 45.7254239], [22.286539, 45.7250656], [22.2865692, 45.7238971], [22.2868925, 45.7228561], [22.2869375, 45.7222019], [22.2873571, 45.7210855], [22.2884416, 45.719696], [22.2878754, 45.7191787], [22.2868208, 45.7172132], [22.2864682, 45.716819], [22.2857536, 45.7163605], [22.2846686, 45.7150265], [22.2821869, 45.7093307], [22.2814452, 45.7098429], [22.2808437, 45.7100655], [22.2801477, 45.7105927], [22.2793956, 45.7106351], [22.2784253, 45.7108612], [22.2777385, 45.711198], [22.2760004, 45.7114539], [22.275485, 45.7116195], [22.2739545, 45.7126519], [22.2724973, 45.7129981], [22.269798, 45.714795], [22.2698959, 45.7139102], [22.2703988, 45.7122821], [22.2702855, 45.7114018], [22.2691364, 45.7099671], [22.2683609, 45.7092337], [22.2679562, 45.7081719], [22.2669825, 45.7075682], [22.2684164, 45.7063519], [22.2690936, 45.7061494], [22.2702179, 45.7052221], [22.2711091, 45.7041349], [22.2722415, 45.7031027], [22.2728832, 45.7018904], [22.2729862, 45.7004449], [22.273569, 45.6976465], [22.2736197, 45.6967347], [22.2732569, 45.6962998], [22.2735747, 45.6956586], [22.273646, 45.6945921], [22.2738298, 45.6942372], [22.2756759, 45.692773], [22.2763289, 45.6918963], [22.2764724, 45.6914926], [22.2761059, 45.6903814], [22.2769903, 45.6882069], [22.2766923, 45.6875031], [22.2765591, 45.6862183], [22.2759563, 45.6852836], [22.2757607, 45.6846763], [22.2759003, 45.6843217], [22.2756408, 45.6837339], [22.2759649, 45.6833585], [22.2760151, 45.6830673]]]]}}, {"id": "15", "type": "Feature", "properties": {"name": "Deta", "judet": "TIMI\u0218", "admin_level": "8", "wikidata": "Q16898590", "place": "town", "osm_id": 10643312, "siruta": "155458", "siruta_score": null, "pop_total": 0, "gp_count": null, "nearest_school_m": 1836.0532926869969, "nearest_gp_m": null, "nearest_er_m": 37557.24753057488, "school_score": 88.0563815330429, "gp_score": null, "hospital_score": 31.10688117356279, "composite_score": 69.07321474654952, "partial_data": true, "_color_composite": "#e8c8b8", "_color_school": "#f5ecd9", "_color_gp": "#9a9a9a", "_color_hospital": "#b54545", "_display_color": "#e8c8b8"}, "geometry": {"type": "MultiPolygon", "coordinates": [[[[21.1842463, 45.4294819], [21.1980651, 45.4103218], [21.1906236, 45.4071344], [21.1879489, 45.4058385], [21.1847472, 45.4046798], [21.1854379, 45.404524], [21.1919504, 45.4014689], [21.1949906, 45.3975715], [21.1943696, 45.3975948], [21.1938378, 45.3977467], [21.1935872, 45.3980522], [21.193541, 45.3986944], [21.193267, 45.3990448], [21.1929997, 45.3990722], [21.1927462, 45.3986472], [21.1919677, 45.398344], [21.200772, 45.3917824], [21.2089228, 45.3881779], [21.2146743, 45.3861184], [21.2146122, 45.3860195], [21.2155898, 45.3857014], [21.2128584, 45.3814972], [21.2115625, 45.3794395], [21.2131362, 45.3780978], [21.2146189, 45.3766071], [21.2148984, 45.376235], [21.2149402, 45.375935], [21.2159196, 45.3754005], [21.2169899, 45.3753556], [21.2178428, 45.3750847], [21.2182253, 45.375605], [21.2184806, 45.3757547], [21.2191781, 45.3758973], [21.2194782, 45.3762659], [21.2202436, 45.3760739], [21.2208377, 45.3762578], [21.2209426, 45.3764043], [21.220826, 45.377562], [21.2209588, 45.3776008], [21.221538, 45.3773607], [21.2217922, 45.3773613], [21.2219668, 45.3777885], [21.2218178, 45.378162], [21.2220322, 45.3784361], [21.2224718, 45.3779613], [21.223117, 45.3780493], [21.2238594, 45.3790291], [21.224066, 45.3797911], [21.22462, 45.380088], [21.2260071, 45.3800576], [21.2260218, 45.3803755], [21.2262092, 45.3805687], [21.2269754, 45.3802851], [21.2270249, 45.3800312], [21.2276841, 45.3794452], [21.2285514, 45.3791879], [21.2289313, 45.3791738], [21.2296376, 45.3793003], [21.2301634, 45.3797464], [21.2313846, 45.380281], [21.2323666, 45.3802168], [21.2319964, 45.3846342], [21.2327475, 45.3845562], [21.2339401, 45.3840453], [21.235158, 45.384257], [21.2379894, 45.3838622], [21.2394908, 45.3844098], [21.2408088, 45.3850302], [21.2432372, 45.3854997], [21.2448035, 45.3862638], [21.2467814, 45.3875408], [21.2498092, 45.3901105], [21.2491002, 45.3918699], [21.2461133, 45.3935856], [21.2428986, 45.3945252], [21.2421501, 45.3955274], [21.2423484, 45.3957402], [21.2421346, 45.3960827], [21.2416006, 45.3964681], [21.2415117, 45.396766], [21.2417056, 45.3969638], [21.2420812, 45.396961], [21.2428627, 45.3960481], [21.2431325, 45.3958857], [21.2435757, 45.3958301], [21.2439112, 45.3959276], [21.2440212, 45.3961957], [21.2439422, 45.3965547], [21.2442976, 45.3968551], [21.2453804, 45.3965919], [21.2458637, 45.3966016], [21.2462544, 45.3967557], [21.2463348, 45.3969798], [21.245917, 45.3975214], [21.2461101, 45.397862], [21.2466587, 45.3981779], [21.2478155, 45.3983865], [21.2479678, 45.4001817], [21.2484725, 45.4003139], [21.2488851, 45.4001746], [21.2492224, 45.4002267], [21.2492574, 45.4004437], [21.2484488, 45.4007992], [21.2484323, 45.4009172], [21.2493669, 45.4008366], [21.2495422, 45.4009722], [21.2496092, 45.4015988], [21.2502862, 45.4019949], [21.2504649, 45.4026176], [21.2512201, 45.402813], [21.2515202, 45.4030281], [21.2512645, 45.4034688], [21.2648321, 45.3968883], [21.2798275, 45.3989732], [21.2928949, 45.4009857], [21.2941672, 45.4011715], [21.2964601, 45.4026403], [21.3023084, 45.4067188], [21.3027567, 45.4069027], [21.3062761, 45.4092552], [21.3089084, 45.4105814], [21.3148557, 45.4131714], [21.3153119, 45.4131432], [21.3155172, 45.4160279], [21.3139696, 45.4189852], [21.3174462, 45.4189758], [21.3163756, 45.4211759], [21.3164609, 45.4218664], [21.3097592, 45.4275545], [21.2976116, 45.4223674], [21.295112, 45.4256033], [21.2844157, 45.4212418], [21.2844421, 45.4218152], [21.2853132, 45.4252753], [21.2830441, 45.4248615], [21.2824798, 45.4263486], [21.2822238, 45.427039], [21.2821153, 45.4270143], [21.2671971, 45.4245764], [21.254939, 45.4221641], [21.2547507, 45.4192409], [21.2440884, 45.4199083], [21.244714, 45.4249676], [21.2367593, 45.4257622], [21.2301625, 45.4269312], [21.2282735, 45.4266502], [21.2182703, 45.4252013], [21.2105649, 45.4239539], [21.207815, 45.4236164], [21.2072534, 45.4233606], [21.2068746, 45.4238988], [21.2060923, 45.4246466], [21.2058542, 45.4248742], [21.2013043, 45.4290312], [21.1931822, 45.4293281], [21.1842463, 45.4294819]]]]}}, {"id": "16", "type": "Feature", "properties": {"name": "G\u0103taia", "judet": "TIMI\u0218", "admin_level": "8", "wikidata": "Q16898595", "place": "town", "osm_id": 10643313, "siruta": "157086", "siruta_score": null, "pop_total": 0, "gp_count": null, "nearest_school_m": 4031.628702252104, "nearest_gp_m": null, "nearest_er_m": 41899.02224475796, "school_score": 56.69101853925566, "gp_score": null, "hospital_score": 20.252444388105104, "composite_score": 44.544827155538805, "partial_data": true, "_color_composite": "#d99080", "_color_school": "#d99080", "_color_gp": "#9a9a9a", "_color_hospital": "#b54545", "_display_color": "#d99080"}, "geometry": {"type": "MultiPolygon", "coordinates": [[[[21.3105285, 45.3261289], [21.3136259, 45.3202642], [21.3169433, 45.3174847], [21.3232206, 45.3118417], [21.3250206, 45.3103671], [21.3405138, 45.2964046], [21.3431604, 45.2939521], [21.3444956, 45.2944685], [21.3449077, 45.294501], [21.344955, 45.2944848], [21.3466426, 45.293906], [21.3506085, 45.2930303], [21.3529785, 45.2935852], [21.3535491, 45.2934], [21.3594729, 45.2941], [21.3583841, 45.2988054], [21.3734488, 45.3006561], [21.3756965, 45.30559], [21.3858349, 45.3051809], [21.3864628, 45.3110473], [21.3822282, 45.3150654], [21.3882142, 45.316506], [21.3881474, 45.3170594], [21.3903664, 45.3193525], [21.4042397, 45.3219617], [21.4123563, 45.3118404], [21.4132701, 45.312177], [21.4236056, 45.3174725], [21.4367398, 45.333517], [21.4434802, 45.3420181], [21.4439451, 45.3424151], [21.4599541, 45.345838], [21.4715056, 45.3361041], [21.4775455, 45.3397156], [21.4840249, 45.3432024], [21.4898448, 45.3430449], [21.493932, 45.3428822], [21.497557, 45.3504182], [21.4924214, 45.3553316], [21.4886008, 45.3531505], [21.4784159, 45.3622336], [21.4756896, 45.3648013], [21.4677546, 45.3712999], [21.4635231, 45.3749941], [21.4450841, 45.3903866], [21.4423613, 45.3997931], [21.4405334, 45.407108], [21.4493388, 45.4089399], [21.4518701, 45.4096173], [21.4538847, 45.4100193], [21.4585781, 45.4108395], [21.4614836, 45.4112396], [21.4610444, 45.4149379], [21.4632195, 45.4151849], [21.4642082, 45.4151359], [21.4642106, 45.4153183], [21.4662533, 45.4156186], [21.4887416, 45.4186255], [21.4876605, 45.4238955], [21.4850042, 45.434686], [21.4842256, 45.4346189], [21.4839287, 45.4344057], [21.4836093, 45.4345524], [21.4833118, 45.4345197], [21.4830384, 45.4343788], [21.4829756, 45.4342032], [21.4827001, 45.4341374], [21.4822021, 45.4337891], [21.4811554, 45.4334346], [21.4807681, 45.4329905], [21.4800141, 45.4330774], [21.4795964, 45.4329783], [21.4791402, 45.4331433], [21.4786533, 45.4330817], [21.4784933, 45.4328315], [21.4778088, 45.432528], [21.4776895, 45.4321924], [21.4768034, 45.4317341], [21.476227, 45.4312643], [21.4755905, 45.4312175], [21.4754437, 45.431333], [21.475391, 45.4317998], [21.4750075, 45.4320841], [21.4750193, 45.4327996], [21.474201, 45.4329089], [21.4738912, 45.4332957], [21.4736797, 45.433367], [21.4733392, 45.4331547], [21.4731641, 45.4325881], [21.4727621, 45.4325353], [21.4722358, 45.432623], [21.4718966, 45.4331698], [21.4725117, 45.4336669], [21.4723505, 45.434103], [21.4719425, 45.4341795], [21.4715352, 45.4340413], [21.4712954, 45.4334279], [21.4708413, 45.4335519], [21.4700617, 45.4344368], [21.4705907, 45.4350524], [21.470435, 45.4354995], [21.4692538, 45.4357471], [21.4699013, 45.4361437], [21.4704071, 45.4367368], [21.4704289, 45.437439], [21.471004, 45.4378872], [21.4711473, 45.4384866], [21.471782, 45.4389238], [21.4717814, 45.4390422], [21.4712296, 45.439318], [21.4710274, 45.4392781], [21.4701625, 45.4396016], [21.4699512, 45.4402444], [21.4700128, 45.4406224], [21.4694627, 45.4408973], [21.4696514, 45.4412838], [21.4699897, 45.4414392], [21.4699562, 45.441575], [21.4693575, 45.441582], [21.4681637, 45.441034], [21.4679514, 45.4415487], [21.4675615, 45.4415716], [21.4670013, 45.4420642], [21.4663079, 45.4422047], [21.4656499, 45.4420145], [21.4656787, 45.4424804], [21.4653214, 45.4424913], [21.464989, 45.4423505], [21.4648232, 45.4428333], [21.4645847, 45.4429187], [21.4642044, 45.4428892], [21.4645822, 45.4433593], [21.4642468, 45.4441317], [21.4642995, 45.4445837], [21.4645662, 45.4448506], [21.4649358, 45.4447671], [21.4651561, 45.4448812], [21.4646827, 45.4484978], [21.4636116, 45.4549173], [21.461314, 45.466076], [21.4608405, 45.4660197], [21.4595398, 45.4721393], [21.4594467, 45.4726947], [21.4593956, 45.4726868], [21.4587176, 45.4726521], [21.4582512, 45.4727936], [21.4579306, 45.4727616], [21.4579391, 45.4722573], [21.4575764, 45.4719275], [21.4576032, 45.4717282], [21.4572874, 45.4717524], [21.4568465, 45.4714927], [21.4568396, 45.4710598], [21.4559133, 45.4700953], [21.455602, 45.4699378], [21.4545668, 45.4697917], [21.4538885, 45.469535], [21.4539023, 45.4691916], [21.4534454, 45.4691107], [21.4535215, 45.4688942], [21.452296, 45.4679709], [21.4519493, 45.4680385], [21.4517824, 45.4684042], [21.4515557, 45.4684971], [21.451178, 45.4682123], [21.4507888, 45.4684098], [21.4505378, 45.4680963], [21.4499171, 45.4679799], [21.4496656, 45.4681057], [21.4492459, 45.4680485], [21.4491494, 45.4681462], [21.4494443, 45.4682741], [21.449433, 45.4683943], [21.4488754, 45.4685754], [21.4482222, 45.4685235], [21.4480224, 45.4688413], [21.4477135, 45.468794], [21.4468419, 45.469103], [21.4466342, 45.4690442], [21.446737, 45.468805], [21.4465946, 45.4685871], [21.4461206, 45.4686675], [21.4459937, 45.4688594], [21.4458187, 45.4688923], [21.4455373, 45.46874], [21.4453645, 45.4684268], [21.4452058, 45.4684354], [21.4450426, 45.468676], [21.4448801, 45.4687115], [21.4445617, 45.4686043], [21.4447358, 45.4683891], [21.4445039, 45.4683444], [21.4443337, 45.4684187], [21.4442442, 45.4686648], [21.4436874, 45.4685809], [21.4431004, 45.4688697], [21.4427876, 45.4692456], [21.4422203, 45.4689309], [21.4419236, 45.4691267], [21.4415134, 45.469081], [21.4411272, 45.4691777], [21.4414037, 45.4693885], [21.4411344, 45.4695985], [21.440457, 45.4696021], [21.4401057, 45.4699236], [21.4399314, 45.4697109], [21.4396656, 45.4696849], [21.4389504, 45.4703262], [21.4384775, 45.4702817], [21.4386009, 45.4712111], [21.4389335, 45.4719141], [21.4395002, 45.4725186], [21.4350595, 45.4749452], [21.4350912, 45.475055], [21.4300915, 45.4785787], [21.4251823, 45.4818381], [21.4239703, 45.4824304], [21.4228916, 45.4833563], [21.4216289, 45.4822927], [21.4207488, 45.4808586], [21.4103514, 45.4863823], [21.4094646, 45.4851661], [21.4011925, 45.4908988], [21.3881278, 45.4894484], [21.3880784, 45.489959], [21.3837321, 45.4898913], [21.3767121, 45.4907735], [21.3765457, 45.4902427], [21.3668287, 45.4889917], [21.3666716, 45.4883842], [21.3594333, 45.4891872], [21.3588878, 45.4870043], [21.3589943, 45.4868216], [21.3590925, 45.4863353], [21.3588175, 45.4851344], [21.3582742, 45.4844759], [21.3584249, 45.4835186], [21.3590853, 45.4818301], [21.3586284, 45.4818206], [21.3585846, 45.4812327], [21.3571293, 45.4757536], [21.3568939, 45.4738947], [21.3559717, 45.4706073], [21.3559657, 45.4691472], [21.3590696, 45.4709165], [21.3649401, 45.465902], [21.3699215, 45.4678104], [21.3723511, 45.4657908], [21.377699, 45.4597206], [21.3782795, 45.4597682], [21.3780709, 45.4595751], [21.3775824, 45.4594152], [21.3760122, 45.4582931], [21.3763378, 45.4552533], [21.3746284, 45.4555984], [21.3745804, 45.4552727], [21.3743221, 45.4552645], [21.3752003, 45.4529886], [21.3738647, 45.4529948], [21.3729596, 45.4521608], [21.3771659, 45.4443558], [21.3756381, 45.433483], [21.3759893, 45.4329889], [21.3764988, 45.4329164], [21.3766354, 45.4323146], [21.3774428, 45.4324669], [21.3776648, 45.4324007], [21.3779235, 45.431966], [21.3782792, 45.4316842], [21.3784984, 45.431131], [21.3811499, 45.4282829], [21.3831618, 45.425549], [21.3836748, 45.4252897], [21.3834564, 45.4248587], [21.3835368, 45.4247369], [21.3844197, 45.4245963], [21.3841301, 45.4240952], [21.3844085, 45.4238864], [21.3839251, 45.423548], [21.3837601, 45.4232186], [21.3832163, 45.4230903], [21.3816349, 45.4231304], [21.3811495, 45.4235418], [21.3807331, 45.4233442], [21.3808843, 45.4216277], [21.3812289, 45.420684], [21.3808781, 45.4205007], [21.3808431, 45.4202598], [21.3798467, 45.4197584], [21.379778, 45.4195519], [21.3799489, 45.4193953], [21.3809527, 45.4192874], [21.3812042, 45.4190556], [21.3804829, 45.4186938], [21.3800021, 45.4187629], [21.3797853, 45.4187004], [21.3798013, 45.4183035], [21.3796735, 45.4181329], [21.3792766, 45.4180679], [21.3792834, 45.4184622], [21.3790564, 45.4188898], [21.3785807, 45.4190397], [21.3782835, 45.418726], [21.3784819, 45.417761], [21.3779519, 45.4178264], [21.3778423, 45.418389], [21.3781051, 45.4185556], [21.3781071, 45.4187264], [21.3773205, 45.418833], [21.3772152, 45.4189509], [21.3772861, 45.419242], [21.3768673, 45.419337], [21.3765091, 45.4191368], [21.3762601, 45.4187394], [21.3764501, 45.4182988], [21.3769861, 45.4178284], [21.3769413, 45.4173517], [21.3767518, 45.4173412], [21.3761968, 45.4176123], [21.3760518, 45.4181803], [21.3758749, 45.4182908], [21.3748619, 45.4184344], [21.3741815, 45.418299], [21.3736953, 45.418455], [21.3735429, 45.4182592], [21.3736149, 45.4178112], [21.3735085, 45.4176087], [21.3730444, 45.4172191], [21.3724766, 45.4169993], [21.3724092, 45.4165759], [21.3721409, 45.4163726], [21.3719369, 45.4163915], [21.3713484, 45.4168785], [21.3710025, 45.4168807], [21.3713329, 45.4172862], [21.3712856, 45.4175082], [21.3711412, 45.4175777], [21.370283, 45.417712], [21.3699465, 45.4172266], [21.3694078, 45.4176234], [21.3688217, 45.4173143], [21.368311, 45.4174584], [21.3677505, 45.417146], [21.3677205, 45.4165117], [21.3678803, 45.4163014], [21.3666048, 45.4154475], [21.3665161, 45.415919], [21.3660298, 45.4161142], [21.3658778, 45.4165696], [21.3663663, 45.4170396], [21.3663656, 45.4173934], [21.3662184, 45.4175557], [21.3651896, 45.4178252], [21.3648661, 45.4176499], [21.364828, 45.4171616], [21.3644903, 45.4169555], [21.364382, 45.4167341], [21.3640284, 45.416684], [21.3636928, 45.4164864], [21.363536, 45.4160432], [21.3635796, 45.4155407], [21.3633595, 45.4150284], [21.3626639, 45.4148606], [21.3637096, 45.4128976], [21.3656869, 45.4133408], [21.3705031, 45.403347], [21.3745193, 45.3957105], [21.3770687, 45.3905028], [21.3757459, 45.3901818], [21.3732885, 45.3892692], [21.3731341, 45.3891107], [21.3735515, 45.3880946], [21.3733014, 45.3881391], [21.3722853, 45.3875785], [21.3715693, 45.3873481], [21.370084, 45.3871201], [21.3692259, 45.3871049], [21.368867, 45.386797], [21.3683793, 45.3860511], [21.367049, 45.3856034], [21.3659201, 45.3856443], [21.3656823, 45.3854157], [21.3655811, 45.3845592], [21.3659388, 45.3830443], [21.3669246, 45.3804021], [21.3671514, 45.3800886], [21.3668674, 45.3797954], [21.3670038, 45.3794603], [21.3684571, 45.3768164], [21.3707746, 45.3731028], [21.3641874, 45.3671575], [21.3450381, 45.3561269], [21.345204, 45.3559836], [21.331617, 45.3466716], [21.3274311, 45.3434362], [21.3181273, 45.3354501], [21.3122218, 45.3329542], [21.3128639, 45.3310805], [21.3129242, 45.3288269], [21.3105285, 45.3261289]]]]}}, {"id": "17", "type": "Feature", "properties": {"name": "Lugoj", "judet": "TIMI\u0218", "admin_level": "8", "wikidata": "Q16898584", "place": "city", "osm_id": 10643314, "siruta": "155350", "siruta_score": null, "pop_total": 0, "gp_count": null, "nearest_school_m": 762.9012692851036, "nearest_gp_m": null, "nearest_er_m": 2855.8258809901063, "school_score": 100.0, "gp_score": null, "hospital_score": 100.0, "composite_score": 100.0, "partial_data": true, "_color_composite": "#f5ecd9", "_color_school": "#f5ecd9", "_color_gp": "#9a9a9a", "_color_hospital": "#f5ecd9", "_display_color": "#f5ecd9"}, "geometry": {"type": "MultiPolygon", "coordinates": [[[[21.8252237, 45.6792703], [21.8254427, 45.6790495], [21.8259877, 45.6790899], [21.8266372, 45.6789362], [21.8271234, 45.6785744], [21.8281886, 45.678614], [21.8290374, 45.6784022], [21.8301508, 45.6785264], [21.8303257, 45.6787152], [21.8306734, 45.6788206], [21.8307672, 45.6791422], [21.8311819, 45.6791592], [21.8316996, 45.6789209], [21.8319086, 45.6789414], [21.8325678, 45.6791094], [21.8331699, 45.6794843], [21.8337272, 45.6792888], [21.8336154, 45.6790355], [21.833776, 45.6788584], [21.8345214, 45.6789895], [21.8350749, 45.6786575], [21.8355837, 45.678576], [21.8360466, 45.6781914], [21.837233, 45.6779545], [21.8376124, 45.6780558], [21.8385115, 45.6785621], [21.8387468, 45.678549], [21.8390191, 45.6783161], [21.8393306, 45.6783174], [21.8396538, 45.6781743], [21.8406048, 45.6783846], [21.8411852, 45.6782143], [21.8427621, 45.6782487], [21.8433158, 45.6786124], [21.8444604, 45.6786196], [21.8446392, 45.6787399], [21.845368, 45.678792], [21.8459544, 45.6789935], [21.8460774, 45.6789233], [21.8460203, 45.6781342], [21.846587, 45.678145], [21.8469025, 45.6778274], [21.8473065, 45.6777405], [21.8475394, 45.6777715], [21.8480614, 45.6782005], [21.849461, 45.6785491], [21.8497017, 45.6783791], [21.8498181, 45.6785492], [21.8501079, 45.6784294], [21.851246, 45.6784879], [21.8519489, 45.6782546], [21.8532316, 45.6789181], [21.853962, 45.6790015], [21.8548666, 45.6789799], [21.8552168, 45.6787295], [21.8559185, 45.6787047], [21.8563779, 45.6784426], [21.8571998, 45.6784579], [21.8574559, 45.6786367], [21.8580641, 45.6787692], [21.8584916, 45.6793869], [21.8586613, 45.6794211], [21.8593121, 45.6787423], [21.8597394, 45.678678], [21.8600368, 45.6788064], [21.860305, 45.6787696], [21.8608796, 45.678388], [21.8613182, 45.6783093], [21.8625092, 45.6777346], [21.8632297, 45.6775607], [21.8641291, 45.6775683], [21.8646193, 45.6773806], [21.8654673, 45.6772445], [21.8666017, 45.6767785], [21.867506, 45.6767004], [21.8676505, 45.6765571], [21.867349, 45.6763771], [21.8673744, 45.6762355], [21.8678613, 45.6755623], [21.8683461, 45.6754702], [21.8681217, 45.6751009], [21.8686842, 45.6743705], [21.8689682, 45.6742385], [21.8694176, 45.6742165], [21.8697171, 45.6737861], [21.8702324, 45.6736506], [21.8706751, 45.6733095], [21.8713856, 45.6731254], [21.8721803, 45.6727498], [21.8725844, 45.6719935], [21.8734461, 45.6717351], [21.873789, 45.6714255], [21.874314, 45.671484], [21.874999, 45.6718193], [21.8755018, 45.6715288], [21.8760234, 45.671656], [21.8764775, 45.6715482], [21.876798, 45.6717018], [21.8772331, 45.6716843], [21.8772905, 45.6712835], [21.8770426, 45.669711], [21.8763196, 45.66635], [21.8759703, 45.6624942], [21.8756207, 45.6618589], [21.8753707, 45.6603729], [21.8756585, 45.6599195], [21.8766245, 45.6595711], [21.8772202, 45.6591826], [21.9268378, 45.6535783], [21.9278476, 45.6534804], [21.9307698, 45.6502503], [21.9332484, 45.6535588], [21.9360285, 45.6577178], [21.9374913, 45.6603047], [21.938216, 45.6611479], [21.939284, 45.6630786], [21.9365331, 45.6638726], [21.9395954, 45.6687734], [21.9397672, 45.6692171], [21.9397539, 45.6697146], [21.940411, 45.6705854], [21.9408207, 45.671477], [21.9416277, 45.6724916], [21.9415619, 45.6725438], [21.942483, 45.6734295], [21.9433542, 45.6725197], [21.9438164, 45.671682], [21.9439764, 45.6690851], [21.9441857, 45.668116], [21.9449493, 45.6672292], [21.9459397, 45.6668307], [21.9477791, 45.6666326], [21.9484296, 45.6666564], [21.9506197, 45.6672874], [21.9552951, 45.6695379], [21.9591476, 45.6718525], [21.9598247, 45.6720546], [21.9610128, 45.6721815], [21.9616297, 45.6721599], [21.9627199, 45.6719225], [21.9649776, 45.6699111], [21.9659983, 45.6687836], [21.9664638, 45.6684632], [21.9669823, 45.6675824], [21.9677591, 45.6671146], [21.9685912, 45.6667942], [21.9709555, 45.6660958], [21.9734923, 45.6658616], [21.9747699, 45.6658385], [21.9754554, 45.6660534], [21.9764785, 45.6665661], [21.9770767, 45.6667085], [21.9776154, 45.6667589], [21.9787528, 45.6664639], [21.9794242, 45.6659667], [21.9802909, 45.6639966], [21.9811522, 45.6625953], [21.9812246, 45.6614437], [21.9807135, 45.6603052], [21.9807057, 45.6595025], [21.9807898, 45.6590819], [21.9815056, 45.6583199], [21.9823258, 45.658222], [21.9851019, 45.6583027], [21.9866737, 45.658158], [21.9873786, 45.6579761], [21.9892126, 45.6571361], [21.9915333, 45.6558003], [21.9924363, 45.6547853], [21.9929093, 45.6532668], [21.9931036, 45.652885], [21.9934954, 45.6526303], [21.9938702, 45.6525041], [21.9948947, 45.6524595], [21.996253, 45.6528607], [21.9981411, 45.6530522], [22.0002651, 45.6529004], [22.0011805, 45.6526021], [22.0020784, 45.6520598], [22.0024836, 45.6515545], [22.0026757, 45.6510222], [22.002755, 45.6506888], [22.0030184, 45.6507303], [22.0044417, 45.6516348], [22.0053314, 45.6528951], [22.0068381, 45.653773], [22.007826, 45.6536485], [22.0087552, 45.6530926], [22.0089124, 45.6532113], [22.0092258, 45.6538501], [22.0090079, 45.6546755], [22.0092347, 45.6559783], [22.0098343, 45.6570798], [22.0105256, 45.6579078], [22.0131812, 45.6618972], [22.0140242, 45.662757], [22.0141298, 45.6632502], [22.0153112, 45.664808], [22.0157799, 45.6657647], [22.0162294, 45.6662584], [22.0165384, 45.6670706], [22.0190856, 45.6704091], [22.0192998, 45.6714936], [22.0181024, 45.6724761], [22.0177899, 45.6730872], [22.0180594, 45.6745616], [22.0169705, 45.6743594], [22.0146501, 45.6748578], [22.0142484, 45.6771388], [22.0146394, 45.6786668], [22.0145828, 45.6793625], [22.015289, 45.6807429], [22.0207328, 45.6842727], [22.0218319, 45.6855087], [22.023071, 45.6874324], [22.0255137, 45.6896726], [22.0273895, 45.6907184], [22.0288892, 45.6910265], [22.0306301, 45.6910859], [22.0292326, 45.6936453], [22.028427, 45.6945014], [22.0283439, 45.6952362], [22.0285306, 45.6969864], [22.0282509, 45.697872], [22.0279243, 45.6981465], [22.0270864, 45.6982535], [22.0251547, 45.698091], [22.0246012, 45.6982825], [22.0212735, 45.7000974], [22.0185799, 45.7010918], [22.0158201, 45.7010033], [22.0145888, 45.7012849], [22.013913, 45.7015782], [22.0127184, 45.7026367], [22.0109735, 45.7045608], [22.0103016, 45.7064008], [22.0080173, 45.7077834], [22.0071925, 45.7084651], [22.0063727, 45.7094271], [22.0063036, 45.7103444], [22.0064705, 45.7115621], [22.0064805, 45.7134704], [22.0050256, 45.7163181], [22.0045472, 45.7169557], [22.0016929, 45.7171279], [22.0006609, 45.7173417], [21.9987689, 45.7181703], [21.9979809, 45.7183849], [21.9972351, 45.7183372], [21.9952326, 45.7178416], [21.9957322, 45.7183004], [21.9962173, 45.7197723], [21.9964339, 45.7200611], [22.0214395, 45.7466046], [22.0210504, 45.747489], [22.0207964, 45.7480641], [22.017268, 45.7560442], [22.0157309, 45.7598988], [22.0126775, 45.7580258], [22.0107718, 45.7558858], [22.0077326, 45.7540383], [22.0066236, 45.7535832], [22.0055728, 45.7533252], [21.9996248, 45.7529135], [21.9990046, 45.7527542], [21.9982978, 45.7524189], [21.9974893, 45.7517809], [21.9968075, 45.7509591], [21.9966377, 45.7504671], [21.9966216, 45.7502452], [21.996547, 45.7478449], [21.9962537, 45.7473163], [21.994272, 45.7454482], [21.9942014, 45.7440679], [21.9871617, 45.7474742], [21.9858588, 45.745451], [21.9849727, 45.7446903], [21.9844567, 45.7438668], [21.9837085, 45.7432259], [21.9827128, 45.7418647], [21.9811451, 45.7409602], [21.9814267, 45.7406218], [21.9811276, 45.7401493], [21.979357, 45.7383866], [21.9785586, 45.7387027], [21.9785526, 45.7389332], [21.977989, 45.7392575], [21.9772903, 45.7393927], [21.9773511, 45.7391049], [21.9769432, 45.7388227], [21.9766321, 45.7388393], [21.9760711, 45.7379832], [21.9756134, 45.738082], [21.9752549, 45.738572], [21.9748534, 45.7386473], [21.9748462, 45.739079], [21.9741992, 45.7389149], [21.9740316, 45.7386684], [21.9730813, 45.7387359], [21.9728526, 45.7391414], [21.9723667, 45.7393025], [21.9706812, 45.7388665], [21.9703599, 45.7385956], [21.9697569, 45.7385751], [21.9695859, 45.7383308], [21.9689266, 45.7380563], [21.9687402, 45.7378004], [21.9683194, 45.7377552], [21.9674405, 45.7374017], [21.965613, 45.7373691], [21.9632315, 45.7370981], [21.9631643, 45.7367522], [21.9615761, 45.7366496], [21.9609899, 45.7364303], [21.9599589, 45.7367785], [21.959701, 45.7367745], [21.9566329, 45.7330159], [21.9561643, 45.732261], [21.9555942, 45.7317467], [21.9550601, 45.7309467], [21.9515774, 45.7269912], [21.9489939, 45.7236822], [21.9475719, 45.7220957], [21.9472242, 45.7214871], [21.9451877, 45.7193137], [21.9421221, 45.7156248], [21.9413033, 45.7150207], [21.9403378, 45.7137024], [21.9381028, 45.7111439], [21.9374814, 45.711157], [21.9308536, 45.714146], [21.9289281, 45.7148504], [21.92621, 45.7161881], [21.9239615, 45.7170485], [21.9230167, 45.7171785], [21.9211703, 45.7180887], [21.9177519, 45.7194255], [21.9128137, 45.7216477], [21.9105719, 45.7223634], [21.9034996, 45.7312947], [21.9006794, 45.728547], [21.897761, 45.7269698], [21.892814, 45.7227711], [21.8882606, 45.7250912], [21.8866154, 45.7258058], [21.8763582, 45.7213573], [21.8731118, 45.7201091], [21.8393733, 45.7054171], [21.8445852, 45.7037256], [21.8430875, 45.7015624], [21.8402561, 45.6979468], [21.8352884, 45.6912149], [21.8299816, 45.6928124], [21.8261644, 45.687744], [21.8219286, 45.6824374], [21.8250477, 45.6795316], [21.8252237, 45.6792703]]]]}}, {"id": "18", "type": "Feature", "properties": {"name": "Ni\u021bchidorf", "judet": "TIMI\u0218", "admin_level": "8", "wikidata": null, "place": "municipality", "osm_id": 10718300, "siruta": "157923", "siruta_score": null, "pop_total": 0, "gp_count": null, "nearest_school_m": 551.9523985496944, "nearest_gp_m": null, "nearest_er_m": 30223.62387268151, "school_score": 100.0, "gp_score": null, "hospital_score": 49.44094031829623, "composite_score": 83.14698010609872, "partial_data": true, "_color_composite": "#f5ecd9", "_color_school": "#f5ecd9", "_color_gp": "#9a9a9a", "_color_hospital": "#d99080", "_display_color": "#f5ecd9"}, "geometry": {"type": "MultiPolygon", "coordinates": [[[[21.4551781, 45.5733316], [21.4557441, 45.5735819], [21.4560331, 45.5742295], [21.4563954, 45.5743085], [21.4568632, 45.574157], [21.4571051, 45.5742828], [21.4571931, 45.5754567], [21.4579727, 45.5755248], [21.4584234, 45.5753727], [21.4592212, 45.5744173], [21.460236, 45.5738032], [21.4608653, 45.5730839], [21.4617739, 45.5728158], [21.4622451, 45.5725596], [21.4620811, 45.5721889], [21.4615463, 45.5721723], [21.4612449, 45.5720287], [21.4612191, 45.5717091], [21.4617439, 45.5711034], [21.4627825, 45.571285], [21.463443, 45.5711102], [21.4634032, 45.5707793], [21.4627431, 45.5701384], [21.4629153, 45.5697198], [21.4634501, 45.5695849], [21.4643633, 45.5701703], [21.465674, 45.5703719], [21.4658902, 45.5703055], [21.4661016, 45.5700143], [21.4659299, 45.5697092], [21.4657191, 45.5694793], [21.4648883, 45.5691731], [21.4647377, 45.5690093], [21.4647966, 45.5688556], [21.4650815, 45.5687807], [21.466059, 45.5692218], [21.4663286, 45.5692408], [21.4666286, 45.5691358], [21.4666534, 45.5689927], [21.4659368, 45.5684069], [21.465939, 45.5681083], [21.4671642, 45.5678327], [21.4678743, 45.567981], [21.468586, 45.567947], [21.4691209, 45.5677917], [21.4696135, 45.5675031], [21.4703666, 45.5677705], [21.4707032, 45.5677464], [21.4711589, 45.5674841], [21.4697391, 45.5670014], [21.4695475, 45.5667059], [21.4696025, 45.5665827], [21.4698086, 45.5665864], [21.4705634, 45.5669873], [21.4708764, 45.5657267], [21.4713331, 45.5661716], [21.4737588, 45.565494], [21.4801777, 45.5693934], [21.4807141, 45.5687007], [21.480848, 45.5682862], [21.4817829, 45.5676735], [21.4822778, 45.5676609], [21.4836042, 45.5681502], [21.4841569, 45.5677416], [21.4848384, 45.5680004], [21.4853809, 45.567245], [21.4858309, 45.5675379], [21.4863884, 45.567435], [21.4866508, 45.5671513], [21.4869423, 45.5664491], [21.4873569, 45.5662376], [21.487688, 45.5666629], [21.4883168, 45.5668351], [21.4882604, 45.5669293], [21.4896185, 45.5678552], [21.4899297, 45.5676165], [21.4907593, 45.5674221], [21.4914939, 45.567058], [21.4914514, 45.5667988], [21.4918822, 45.5669837], [21.4923474, 45.5670257], [21.4925647, 45.5672404], [21.4928833, 45.567307], [21.4932023, 45.5669871], [21.493356, 45.5665625], [21.4936631, 45.5663237], [21.4938728, 45.566333], [21.4938776, 45.5666275], [21.4940819, 45.5667018], [21.4947244, 45.5664885], [21.4954644, 45.5665094], [21.4961519, 45.5663386], [21.4964289, 45.5660576], [21.4965657, 45.5651857], [21.4980107, 45.5648576], [21.4987707, 45.5640756], [21.4996007, 45.5641203], [21.4999597, 45.5637244], [21.5008055, 45.5639968], [21.5010923, 45.5639529], [21.5011985, 45.5634749], [21.5018022, 45.5631629], [21.50194, 45.5629236], [21.5018531, 45.5623891], [21.5011766, 45.5619562], [21.5014277, 45.5616524], [21.501269, 45.5609575], [21.5018283, 45.5607446], [21.50199, 45.5607793], [21.5026493, 45.5614131], [21.5030764, 45.5613275], [21.5035506, 45.5609702], [21.5036961, 45.5609794], [21.5036414, 45.5613976], [21.5037626, 45.5615547], [21.503998, 45.561586], [21.5044361, 45.5613905], [21.5052191, 45.5612478], [21.5054539, 45.5610244], [21.5061071, 45.5607952], [21.5065596, 45.5603562], [21.5071003, 45.5606613], [21.507508, 45.5606669], [21.5080058, 45.560478], [21.5083509, 45.5606804], [21.508721, 45.5607435], [21.5090061, 45.5601541], [21.5096388, 45.5599206], [21.5099601, 45.5601548], [21.5103665, 45.5607671], [21.5106047, 45.5608916], [21.5110002, 45.5607446], [21.5108, 45.5599019], [21.5108981, 45.5597515], [21.5113704, 45.5600382], [21.5119166, 45.5607753], [21.5122509, 45.5607779], [21.5126011, 45.5603937], [21.5133159, 45.5608384], [21.5139167, 45.5608367], [21.5139604, 45.5606827], [21.5143452, 45.5604554], [21.5143562, 45.5601681], [21.5136662, 45.5597802], [21.5135796, 45.5595926], [21.514312, 45.5597789], [21.5149554, 45.5596285], [21.5154386, 45.5591339], [21.5155374, 45.5587736], [21.5153612, 45.5584664], [21.5150207, 45.5582768], [21.514764, 45.5583005], [21.5143348, 45.5585335], [21.5140188, 45.5584999], [21.5141425, 45.5580905], [21.514536, 45.5577192], [21.5144762, 45.5573848], [21.5140015, 45.5572077], [21.5136345, 45.5571821], [21.5130174, 45.5573367], [21.5127464, 45.5571941], [21.5128489, 45.5570612], [21.5136843, 45.5568634], [21.5137757, 45.556757], [21.5136222, 45.5564811], [21.5131948, 45.5561967], [21.5127708, 45.5563559], [21.5126504, 45.5563158], [21.5127363, 45.5558116], [21.5120926, 45.5554461], [21.512868, 45.5549692], [21.5125205, 45.5542791], [21.5125395, 45.5537295], [21.5123688, 45.5532685], [21.5129162, 45.5530926], [21.5130883, 45.5528068], [21.5126337, 45.5523912], [21.5132262, 45.5519724], [21.5133686, 45.5525821], [21.5136294, 45.5527569], [21.5150689, 45.5525631], [21.5152628, 45.5523042], [21.5152835, 45.5519914], [21.5146806, 45.5516742], [21.5146703, 45.5515761], [21.5151969, 45.55169], [21.5159838, 45.5512305], [21.5169288, 45.5517917], [21.5172336, 45.5518509], [21.5174989, 45.5517545], [21.5183082, 45.5508919], [21.5182583, 45.5505713], [21.5176419, 45.5502764], [21.5179876, 45.5498279], [21.5181327, 45.5492076], [21.5185489, 45.5490766], [21.5185701, 45.5487811], [21.5181328, 45.5482606], [21.5181247, 45.5479972], [21.5185165, 45.5480619], [21.5188936, 45.548408], [21.5192411, 45.5484829], [21.5195217, 45.5479561], [21.5206524, 45.5477382], [21.5207516, 45.5474163], [21.520319, 45.5468357], [21.5202445, 45.5463495], [21.5204453, 45.5462799], [21.5210741, 45.5466004], [21.5217661, 45.5467107], [21.5219855, 45.5460005], [21.5232889, 45.5450851], [21.5234267, 45.5446955], [21.523255, 45.5437203], [21.5250206, 45.5429514], [21.5255476, 45.5423638], [21.5256276, 45.5417777], [21.5253306, 45.5411498], [21.5255753, 45.5407953], [21.5260618, 45.5406079], [21.5268305, 45.540756], [21.5270116, 45.5409975], [21.5270494, 45.5414287], [21.5276354, 45.5420433], [21.5279843, 45.5420511], [21.5283391, 45.5417859], [21.5288006, 45.5407327], [21.5286089, 45.5399256], [21.5286981, 45.5396814], [21.5290605, 45.5395602], [21.5294061, 45.5396417], [21.5295511, 45.5404635], [21.5299669, 45.5406517], [21.5304036, 45.5406295], [21.5307624, 45.5401058], [21.5303261, 45.539348], [21.5305454, 45.5389358], [21.5312412, 45.5384579], [21.5321657, 45.538035], [21.5345485, 45.5378512], [21.5349248, 45.5381656], [21.5353617, 45.5382728], [21.5364429, 45.5375666], [21.5366476, 45.5376543], [21.536905, 45.5382593], [21.5373808, 45.5384534], [21.5376981, 45.538442], [21.5381208, 45.5381826], [21.5383912, 45.5373954], [21.5390665, 45.5369639], [21.53973, 45.5374011], [21.540184, 45.5375568], [21.5404768, 45.5374986], [21.5406874, 45.5370938], [21.5408652, 45.5369976], [21.5419296, 45.5372146], [21.5421731, 45.5368942], [21.5421399, 45.5362013], [21.5423571, 45.536043], [21.5425591, 45.5361527], [21.5428262, 45.5371461], [21.5437248, 45.5375608], [21.5440914, 45.537457], [21.5441839, 45.5372633], [21.5436065, 45.5365345], [21.5436799, 45.5362079], [21.5443966, 45.5365786], [21.5451564, 45.5366197], [21.5454344, 45.5365592], [21.5454914, 45.5364535], [21.5454407, 45.5358245], [21.5457891, 45.5358389], [21.5466751, 45.5364835], [21.5471067, 45.5363325], [21.5470075, 45.5358588], [21.5472506, 45.535445], [21.5474243, 45.5354599], [21.5478916, 45.5360051], [21.5481236, 45.5360495], [21.5486658, 45.5358568], [21.5486799, 45.5353396], [21.5492155, 45.5353951], [21.5494196, 45.5355144], [21.5497276, 45.5354538], [21.5496637, 45.5350869], [21.5498126, 45.5349505], [21.5501529, 45.5349647], [21.5508963, 45.5352074], [21.5515691, 45.5346057], [21.5512374, 45.5338979], [21.5509139, 45.5336765], [21.5510034, 45.5335077], [21.5513411, 45.5334086], [21.5519888, 45.5339699], [21.5526275, 45.5340084], [21.5530494, 45.5338036], [21.5534126, 45.5331288], [21.5538569, 45.5331816], [21.5542039, 45.5333752], [21.5551481, 45.5330764], [21.5552719, 45.5326254], [21.5558987, 45.5322469], [21.5558022, 45.5321961], [21.5559147, 45.5319867], [21.5558136, 45.5316108], [21.5559076, 45.5311469], [21.5554522, 45.5303599], [21.555481, 45.5299793], [21.555676, 45.5299372], [21.5557886, 45.5300145], [21.5560606, 45.5304742], [21.5565715, 45.5305529], [21.5571611, 45.5304067], [21.557237, 45.5300811], [21.5568677, 45.5297096], [21.556106, 45.5294929], [21.5560155, 45.5290353], [21.5562639, 45.5290332], [21.5567265, 45.5292553], [21.5572019, 45.528845], [21.5575065, 45.5292116], [21.5578921, 45.5291974], [21.5580817, 45.5290872], [21.5583282, 45.5284393], [21.55863, 45.5282126], [21.5590761, 45.5284581], [21.5590825, 45.5290341], [21.5592441, 45.5291809], [21.5596566, 45.5291723], [21.5601347, 45.5290084], [21.560492, 45.5291218], [21.5609426, 45.5289513], [21.5619099, 45.5279867], [21.5623988, 45.5268294], [21.5633641, 45.5260909], [21.563869, 45.5255402], [21.56392, 45.5248402], [21.5642309, 45.5240033], [21.5661545, 45.5229954], [21.5667467, 45.5230521], [21.5671783, 45.5228878], [21.5677728, 45.5221007], [21.5691091, 45.521363], [21.5697556, 45.5211794], [21.5706117, 45.5203785], [21.5707913, 45.5203208], [21.5710645, 45.5208563], [21.5710875, 45.5214362], [21.5713539, 45.5215114], [21.5725945, 45.5209554], [21.5732175, 45.5222799], [21.5780294, 45.5253917], [21.5852402, 45.5304003], [21.5848241, 45.5304816], [21.5847267, 45.5308711], [21.5843457, 45.5309783], [21.5839716, 45.5308134], [21.5836627, 45.5302464], [21.583278, 45.5302211], [21.5831473, 45.530391], [21.5835382, 45.5316018], [21.5832544, 45.5318343], [21.5828265, 45.5318095], [21.5825221, 45.5316145], [21.5824346, 45.5313745], [21.5826587, 45.5296445], [21.5823281, 45.5296134], [21.582078, 45.5298294], [21.581829, 45.5303396], [21.5811494, 45.5307871], [21.581179, 45.5310327], [21.5818017, 45.5315192], [21.5817564, 45.5317257], [21.5815353, 45.5318083], [21.5810873, 45.5317911], [21.5806838, 45.5315074], [21.5805897, 45.5312461], [21.5807199, 45.5306486], [21.5805826, 45.5304302], [21.5800877, 45.5302274], [21.5796411, 45.5301936], [21.5794623, 45.5303602], [21.5797915, 45.5310323], [21.5802971, 45.5316055], [21.5802389, 45.5319139], [21.5786705, 45.5322526], [21.578092, 45.5317704], [21.5778127, 45.5317957], [21.5773472, 45.5322776], [21.5768142, 45.5320656], [21.5772314, 45.5326464], [21.5780956, 45.5332106], [21.5782033, 45.5334468], [21.5780589, 45.5336506], [21.5778052, 45.5337675], [21.5773965, 45.533735], [21.5768029, 45.5335025], [21.5760923, 45.532971], [21.575803, 45.5329236], [21.575599, 45.5330891], [21.5756078, 45.5336625], [21.575362, 45.533709], [21.5748643, 45.5329887], [21.5744084, 45.5327374], [21.5740065, 45.5326917], [21.5737909, 45.5331416], [21.5741449, 45.533978], [21.5738014, 45.534286], [21.5735453, 45.5343422], [21.5728158, 45.5340167], [21.572558, 45.5340047], [21.5724432, 45.5342166], [21.5724952, 45.5346684], [21.5731827, 45.5348693], [21.5733829, 45.5354017], [21.574183, 45.535384], [21.5746426, 45.5356372], [21.574422, 45.5391996], [21.5756428, 45.5411407], [21.5759152, 45.5413422], [21.5777666, 45.5443523], [21.5795261, 45.5443679], [21.5828235, 45.5470703], [21.5977594, 45.5566174], [21.5979695, 45.5573914], [21.5979476, 45.5585426], [21.5992437, 45.5669474], [21.5998893, 45.5710738], [21.6012868, 45.581817], [21.6015482, 45.5847217], [21.6012083, 45.5853474], [21.5972399, 45.5865786], [21.5909704, 45.5836326], [21.588321, 45.5822603], [21.5815714, 45.5872998], [21.559967, 45.6038345], [21.5581885, 45.6055693], [21.5577636, 45.6056836], [21.5564898, 45.6064614], [21.5541862, 45.6061761], [21.5413592, 45.6052843], [21.5371868, 45.6048572], [21.5273124, 45.6036839], [21.5243467, 45.6035098], [21.5108286, 45.6032728], [21.507638, 45.6027209], [21.5027855, 45.6017044], [21.4997748, 45.6018724], [21.4903355, 45.6027047], [21.4890254, 45.6027285], [21.4832594, 45.6014931], [21.48301, 45.6015402], [21.4830694, 45.6022848], [21.4813631, 45.602285], [21.4814585, 45.6036459], [21.4768618, 45.6035899], [21.4764769, 45.6074983], [21.4750447, 45.6076423], [21.4688261, 45.6081778], [21.4664049, 45.6082089], [21.4662125, 45.6111827], [21.4654572, 45.611165], [21.4638287, 45.6113854], [21.4621988, 45.6114346], [21.4439262, 45.612802], [21.435226, 45.6133331], [21.4356015, 45.6108304], [21.4358089, 45.6102905], [21.4357973, 45.6095622], [21.4354815, 45.6086315], [21.4318124, 45.6085402], [21.431622, 45.6082459], [21.4316247, 45.6079778], [21.4321426, 45.6074325], [21.43202, 45.6069784], [21.4321094, 45.6067079], [21.4330003, 45.6059669], [21.4334251, 45.6052972], [21.4342843, 45.6049607], [21.4344475, 45.6044346], [21.4351269, 45.6038437], [21.4349561, 45.603808], [21.4355772, 45.6034531], [21.4359534, 45.6033963], [21.4372215, 45.6035271], [21.4374955, 45.6031866], [21.437235, 45.6025207], [21.4372572, 45.6022836], [21.4374141, 45.6021974], [21.4380454, 45.6021362], [21.4388672, 45.6024807], [21.4390991, 45.6024627], [21.4390438, 45.6021978], [21.4394714, 45.6017104], [21.4395593, 45.6011212], [21.4397752, 45.6009002], [21.4402911, 45.6009518], [21.441267, 45.6015945], [21.4414607, 45.6016107], [21.441544, 45.6013198], [21.4410859, 45.6006984], [21.4410863, 45.6004657], [21.4419988, 45.6001755], [21.4424484, 45.6001018], [21.4427757, 45.600284], [21.4429037, 45.6011076], [21.443276, 45.6013773], [21.4431088, 45.6018527], [21.4433695, 45.6020632], [21.4449584, 45.6016829], [21.4451548, 45.6015423], [21.4451567, 45.6012843], [21.4448864, 45.6009976], [21.4450606, 45.6004111], [21.4448387, 45.6000449], [21.4449876, 45.5998573], [21.4457021, 45.5997329], [21.4461603, 45.599899], [21.4463834, 45.6001337], [21.4462332, 45.6007968], [21.4465663, 45.6011158], [21.4469701, 45.6012296], [21.4474282, 45.6016234], [21.4475065, 45.6014133], [21.4470558, 45.6007871], [21.4473522, 45.6003208], [21.4469592, 45.600263], [21.4468033, 45.6001063], [21.4469086, 45.5998111], [21.4473842, 45.5995882], [21.4488126, 45.6000324], [21.4490488, 45.6002877], [21.4489904, 45.6010954], [21.4485789, 45.6013304], [21.4490113, 45.6015615], [21.4490488, 45.6018814], [21.4495593, 45.6020187], [21.4502987, 45.6020406], [21.4506402, 45.6022283], [21.4510239, 45.6022049], [21.4514262, 45.6024552], [21.4512502, 45.6028444], [21.4506964, 45.6030497], [21.4504377, 45.6033755], [21.4504552, 45.6036695], [21.4506679, 45.6039544], [21.4526081, 45.6050875], [21.4531893, 45.6052473], [21.4545045, 45.6053186], [21.4560808, 45.6050237], [21.4575546, 45.6041425], [21.4591306, 45.6027412], [21.4606005, 45.6018165], [21.4610215, 45.6008972], [21.4614908, 45.6009915], [21.4620542, 45.600887], [21.4627201, 45.6012362], [21.4634996, 45.6014172], [21.4639745, 45.6016985], [21.4645981, 45.601484], [21.4657888, 45.6017225], [21.4661464, 45.6015072], [21.466337, 45.6009582], [21.4677043, 45.6007593], [21.467994, 45.6005974], [21.4681535, 45.5999231], [21.468673, 45.5995013], [21.4689175, 45.5988872], [21.4680876, 45.5981], [21.4678637, 45.5967897], [21.4673863, 45.595638], [21.4671678, 45.5944344], [21.4666721, 45.5931206], [21.4665221, 45.5929119], [21.4644961, 45.5916199], [21.4644105, 45.591458], [21.4627516, 45.5913977], [21.4625778, 45.5912853], [21.4614598, 45.5910789], [21.4609933, 45.5905628], [21.4606392, 45.5823916], [21.4607384, 45.5816282], [21.460647, 45.5815436], [21.4586005, 45.5817289], [21.4580063, 45.5819206], [21.4557258, 45.5821126], [21.4550412, 45.5818026], [21.4546449, 45.5813449], [21.4545958, 45.5811281], [21.4549992, 45.5808128], [21.4548223, 45.5805234], [21.4546405, 45.5805324], [21.4541761, 45.580929], [21.4539014, 45.5809743], [21.4528293, 45.5808381], [21.4525409, 45.5806579], [21.4524974, 45.5803531], [21.4518732, 45.5801917], [21.4516968, 45.5800051], [21.4516963, 45.5792419], [21.452414, 45.5786966], [21.4527154, 45.5786718], [21.4534386, 45.579032], [21.4535802, 45.5789973], [21.4536575, 45.5786571], [21.4549652, 45.5782623], [21.4548823, 45.5775893], [21.4541418, 45.5777229], [21.4539493, 45.57757], [21.4541045, 45.5773204], [21.4545244, 45.5770741], [21.4544244, 45.5767823], [21.4539008, 45.5766828], [21.4530507, 45.5768961], [21.4526838, 45.5768553], [21.4522798, 45.5759523], [21.4523368, 45.575822], [21.4525847, 45.5757612], [21.4534533, 45.5761357], [21.4538911, 45.5761592], [21.4541015, 45.5760287], [21.4540881, 45.5755781], [21.4533817, 45.5751744], [21.4533602, 45.5749633], [21.45357, 45.5748426], [21.4538274, 45.5748506], [21.454945, 45.5750371], [21.4552177, 45.5749135], [21.4552173, 45.5746982], [21.4541389, 45.5746646], [21.4539162, 45.5744374], [21.4540662, 45.5742708], [21.4544218, 45.5741595], [21.4549342, 45.5734415], [21.4551781, 45.5733316]]]]}}, {"id": "19", "type": "Feature", "properties": {"name": "Buzia\u0219", "judet": "TIMI\u0218", "admin_level": "8", "wikidata": "Q16898586", "place": "town", "osm_id": 10718301, "siruta": "155403", "siruta_score": null, "pop_total": 0, "gp_count": null, "nearest_school_m": 1924.5006234518924, "nearest_gp_m": null, "nearest_er_m": 24700.749703967736, "school_score": 86.79284823640153, "gp_score": null, "hospital_score": 63.24812574008066, "composite_score": 78.94460740429456, "partial_data": true, "_color_composite": "#e8c8b8", "_color_school": "#f5ecd9", "_color_gp": "#9a9a9a", "_color_hospital": "#e8c8b8", "_display_color": "#e8c8b8"}, "geometry": {"type": "MultiPolygon", "coordinates": [[[[21.5185086, 45.693959], [21.5105454, 45.6902689], [21.503949, 45.6871731], [21.4985472, 45.6814356], [21.5092474, 45.6681533], [21.5120042, 45.6649216], [21.516772, 45.6587611], [21.5172102, 45.6584603], [21.5193307, 45.6556786], [21.5195281, 45.6556126], [21.5236539, 45.6504747], [21.5255499, 45.6483786], [21.5266883, 45.6468751], [21.5281733, 45.6460306], [21.5286946, 45.6449932], [21.5290113, 45.6439304], [21.5302941, 45.6386342], [21.5331816, 45.6388116], [21.5357027, 45.6353796], [21.5433904, 45.635808], [21.5434959, 45.6282551], [21.548156, 45.6284565], [21.5493667, 45.6288219], [21.5494088, 45.6287396], [21.5371868, 45.6048572], [21.5413592, 45.6052843], [21.5541862, 45.6061761], [21.5564898, 45.6064614], [21.5577636, 45.6056836], [21.5581885, 45.6055693], [21.559967, 45.6038345], [21.5815714, 45.5872998], [21.588321, 45.5822603], [21.5909704, 45.5836326], [21.5972399, 45.5865786], [21.6012083, 45.5853474], [21.6015482, 45.5847217], [21.6012868, 45.581817], [21.5998893, 45.5710738], [21.6032237, 45.5707547], [21.606611, 45.5702932], [21.6092066, 45.5701321], [21.6113765, 45.5697702], [21.6166793, 45.569277], [21.6171606, 45.5691164], [21.6198465, 45.5677127], [21.6198642, 45.567586], [21.623323, 45.5678615], [21.6243327, 45.5677219], [21.6253969, 45.5680149], [21.6274842, 45.5680797], [21.6283501, 45.5682397], [21.6316317, 45.569698], [21.6332796, 45.5705475], [21.6341358, 45.5708695], [21.6354514, 45.5711663], [21.6365022, 45.5716001], [21.6373684, 45.5722256], [21.6374483, 45.5725282], [21.6378239, 45.5724334], [21.6381813, 45.572557], [21.6390724, 45.5730297], [21.6394826, 45.5735734], [21.6400983, 45.5737117], [21.6408321, 45.5742611], [21.6415149, 45.5745409], [21.6421541, 45.5745792], [21.6441834, 45.5769925], [21.6446841, 45.5773035], [21.6479071, 45.5801764], [21.6522271, 45.5807226], [21.6525223, 45.5805265], [21.6532501, 45.5803889], [21.6545303, 45.5804336], [21.6554702, 45.580327], [21.6557926, 45.5806155], [21.6588606, 45.5819611], [21.6602366, 45.5830052], [21.6605871, 45.5834635], [21.6624408, 45.5845689], [21.6625678, 45.5847616], [21.6645939, 45.5848743], [21.665475, 45.5847835], [21.6662438, 45.5849315], [21.6672609, 45.5851134], [21.6675523, 45.5867502], [21.6674635, 45.5877821], [21.6678006, 45.588258], [21.6678026, 45.5885636], [21.6681039, 45.5887031], [21.6684885, 45.5893991], [21.6688113, 45.5903669], [21.6687603, 45.5904626], [21.6685731, 45.5903087], [21.6685245, 45.5903656], [21.6691452, 45.5919103], [21.669, 45.5927869], [21.66881, 45.593147], [21.6689457, 45.5948039], [21.668643, 45.5951906], [21.6689994, 45.5959711], [21.6687767, 45.596545], [21.6690596, 45.5968659], [21.6695085, 45.5981292], [21.6702962, 45.5985281], [21.6706675, 45.5989734], [21.670753, 45.5996628], [21.6705192, 45.6004631], [21.6706844, 45.6012358], [21.6711904, 45.6015925], [21.6717164, 45.6017634], [21.6721926, 45.6022224], [21.6730251, 45.6026384], [21.6734326, 45.6033232], [21.6745037, 45.6038678], [21.6747868, 45.6042293], [21.6744377, 45.6043474], [21.674471, 45.6045074], [21.6757565, 45.6064468], [21.6755906, 45.6071674], [21.6766837, 45.6090402], [21.676531, 45.6091523], [21.6774691, 45.6118666], [21.6776788, 45.6130028], [21.6779972, 45.6135366], [21.678242, 45.6136957], [21.6785371, 45.6139029], [21.6775053, 45.6144488], [21.671808, 45.6174536], [21.6696885, 45.6184348], [21.6694635, 45.6184494], [21.6682066, 45.6202959], [21.6675859, 45.6217889], [21.6658337, 45.6248874], [21.6643694, 45.6270538], [21.6643359, 45.6272749], [21.6635347, 45.6280409], [21.66326, 45.6285359], [21.6626884, 45.6289571], [21.6627515, 45.6296687], [21.6626306, 45.6299636], [21.661994, 45.6311723], [21.66084, 45.632726], [21.6606765, 45.6335207], [21.6586384, 45.6369677], [21.6585362, 45.6372063], [21.6590339, 45.637477], [21.6580869, 45.6393682], [21.6584774, 45.6398742], [21.6585581, 45.6402951], [21.6573524, 45.6452615], [21.6572369, 45.6455063], [21.6559049, 45.6507422], [21.6550168, 45.6546766], [21.6546002, 45.6574671], [21.6542524, 45.6586027], [21.6531217, 45.6661351], [21.6520931, 45.6700432], [21.6517543, 45.6740559], [21.6239628, 45.6703477], [21.619157, 45.6695602], [21.6175379, 45.6735388], [21.617459, 45.6740521], [21.5918528, 45.6681394], [21.5844815, 45.6665483], [21.5806066, 45.6773109], [21.5670014, 45.6746432], [21.5615692, 45.6736308], [21.5609131, 45.6736011], [21.5317835, 45.6874501], [21.5210829, 45.6922957], [21.5185086, 45.693959]]]]}}, {"id": "20", "type": "Feature", "properties": {"name": "Ciacova", "judet": "TIMI\u0218", "admin_level": "8", "wikidata": "Q16898588", "place": "town", "osm_id": 10718302, "siruta": "156357", "siruta_score": null, "pop_total": 0, "gp_count": null, "nearest_school_m": 1606.9580294371588, "nearest_gp_m": null, "nearest_er_m": 25649.187959236035, "school_score": 91.3291710080406, "gp_score": null, "hospital_score": 60.87703010190992, "composite_score": 81.17845737266369, "partial_data": true, "_color_composite": "#f5ecd9", "_color_school": "#f5ecd9", "_color_gp": "#9a9a9a", "_color_hospital": "#e8c8b8", "_display_color": "#f5ecd9"}, "geometry": {"type": "MultiPolygon", "coordinates": [[[[21.000696, 45.5648768], [21.000494, 45.564272], [20.9999788, 45.5636771], [21.0039312, 45.5624501], [21.0067153, 45.5618218], [21.0111374, 45.5569385], [21.009471, 45.5517407], [21.0135861, 45.5513366], [21.0146144, 45.551179], [21.0145772, 45.551034], [21.014957, 45.550989], [21.0194329, 45.5512608], [21.0200645, 45.5510518], [21.0209615, 45.5504439], [21.021069, 45.5502665], [21.0210064, 45.549979], [21.0205668, 45.5495308], [21.0199392, 45.5474229], [21.0192125, 45.5467856], [21.0186993, 45.5458915], [21.0188652, 45.545433], [21.0193108, 45.5449197], [21.0206531, 45.54438], [21.0210013, 45.544361], [21.0232913, 45.5446271], [21.0244412, 45.5450109], [21.0255509, 45.5451481], [21.0286797, 45.5447899], [21.0298059, 45.5438318], [21.0327409, 45.5424212], [21.0329811, 45.541959], [21.0332589, 45.5422643], [21.033585, 45.5423069], [21.0341357, 45.5421908], [21.0352517, 45.5416696], [21.0358075, 45.5411019], [21.0358285, 45.5408894], [21.0355809, 45.5405111], [21.0357415, 45.5404165], [21.0373175, 45.5400978], [21.0376986, 45.5398749], [21.0397573, 45.5397338], [21.0417908, 45.5376933], [21.0437374, 45.5366339], [21.0434222, 45.535864], [21.0432384, 45.5336252], [21.042635, 45.5327351], [21.0397117, 45.5300632], [21.0396072, 45.5290844], [21.0393667, 45.5287653], [21.0386183, 45.5284247], [21.0368932, 45.5282033], [21.034377, 45.5274015], [21.0336981, 45.5270279], [21.0332601, 45.5264935], [21.0329854, 45.5258841], [21.0326629, 45.5256959], [21.0317273, 45.5254705], [21.0297707, 45.5254376], [21.0289647, 45.5252011], [21.0282367, 45.5247313], [21.0270264, 45.5226764], [21.0245874, 45.5203351], [21.0236335, 45.5191063], [21.0229975, 45.5187765], [21.0215147, 45.5185358], [21.0208452, 45.5187444], [21.0198303, 45.5195622], [21.0195855, 45.5196205], [21.018904, 45.5191287], [21.0181075, 45.5178867], [21.0182952, 45.5172916], [21.0188287, 45.5167125], [21.0272463, 45.5102898], [21.0275901, 45.5094642], [21.028648, 45.5076577], [21.0306221, 45.5055736], [21.0309012, 45.505018], [21.0307625, 45.5045255], [21.0295013, 45.5033746], [21.0293549, 45.5029133], [21.029562, 45.5025155], [21.0303297, 45.5021019], [21.0320656, 45.5016041], [21.0331199, 45.5010482], [21.0340426, 45.499944], [21.0353624, 45.4989204], [21.035524, 45.4985412], [21.0354335, 45.4979207], [21.0349749, 45.4975232], [21.0342936, 45.4971888], [21.0338265, 45.4966731], [21.033786, 45.496534], [21.0342369, 45.4956027], [21.0341641, 45.4951283], [21.0328282, 45.4938055], [21.0319805, 45.4934534], [21.0313133, 45.4933947], [21.0306025, 45.4934014], [21.0296065, 45.4936508], [21.028054, 45.4938521], [21.0244794, 45.493617], [21.0220931, 45.4938338], [21.0195725, 45.4942764], [21.0188738, 45.4941891], [21.0180465, 45.4937078], [21.017789, 45.4932083], [21.0176755, 45.4923628], [21.0171707, 45.4919086], [21.0165404, 45.4917253], [21.0152975, 45.4917629], [21.0148835, 45.4916855], [21.0133021, 45.4911109], [21.0110759, 45.4905906], [21.010506, 45.4903683], [21.0105732, 45.4901568], [21.0112698, 45.4898519], [21.0116741, 45.489935], [21.0128339, 45.4897022], [21.0132024, 45.4892771], [21.0135093, 45.4886355], [21.0130492, 45.4884799], [21.0122657, 45.4879486], [21.0130839, 45.4870842], [21.0138453, 45.4867221], [21.0147646, 45.4868393], [21.0156798, 45.4874425], [21.0159635, 45.4878423], [21.0161529, 45.4891731], [21.0172191, 45.4894961], [21.01864, 45.4883612], [21.0194829, 45.4873059], [21.0212146, 45.4862103], [21.0235043, 45.4856556], [21.0251583, 45.4856265], [21.0265464, 45.4853558], [21.0267999, 45.4853911], [21.0270717, 45.4857486], [21.0269163, 45.4871902], [21.0273252, 45.4879246], [21.0287549, 45.4885329], [21.0295241, 45.4890014], [21.0300318, 45.4891608], [21.0306145, 45.4890803], [21.0314809, 45.4882533], [21.0325317, 45.4876827], [21.0328032, 45.4874162], [21.0330491, 45.4865058], [21.0326304, 45.4852292], [21.0325518, 45.484552], [21.0331559, 45.4837413], [21.033632, 45.4835251], [21.0339424, 45.4835288], [21.0344604, 45.483638], [21.0352324, 45.4843082], [21.0353999, 45.4847893], [21.0349919, 45.4855635], [21.0349286, 45.4860762], [21.0351292, 45.4864264], [21.03539, 45.4866011], [21.0361302, 45.4866101], [21.036386, 45.4865158], [21.0375309, 45.4852885], [21.0379792, 45.4850628], [21.0386913, 45.4851308], [21.0396851, 45.4858518], [21.0404964, 45.4860625], [21.0413976, 45.4860106], [21.0434807, 45.4854687], [21.0440145, 45.4854993], [21.0443618, 45.4856578], [21.0447381, 45.4861637], [21.0451065, 45.4881604], [21.0453275, 45.4885347], [21.0459784, 45.488843], [21.0468627, 45.4889386], [21.0488735, 45.4886485], [21.0492328, 45.488685], [21.0495454, 45.4890276], [21.049303, 45.4900968], [21.0495285, 45.4904445], [21.0500347, 45.4905292], [21.0512753, 45.4902675], [21.0523341, 45.4904075], [21.0532753, 45.4907928], [21.0545986, 45.4916655], [21.0553489, 45.4915307], [21.0558527, 45.4912122], [21.0568554, 45.490281], [21.0575796, 45.4899341], [21.0580747, 45.4898841], [21.0583904, 45.4900079], [21.0585681, 45.4902972], [21.0585458, 45.4906157], [21.0581559, 45.4914038], [21.0582448, 45.4917514], [21.0586776, 45.49186], [21.0600362, 45.4919119], [21.0614073, 45.4926315], [21.062171, 45.492817], [21.0637813, 45.4923951], [21.0647457, 45.4918134], [21.0651334, 45.4911524], [21.0649787, 45.4901539], [21.0653447, 45.4892789], [21.0666451, 45.4883087], [21.0669626, 45.4879267], [21.0671527, 45.4870645], [21.0674279, 45.4865153], [21.0678379, 45.4862175], [21.0685794, 45.4860127], [21.0690537, 45.4862115], [21.0692869, 45.4864884], [21.0693159, 45.4868062], [21.0689865, 45.4880106], [21.0695879, 45.4886451], [21.0701775, 45.4887087], [21.0709134, 45.4885349], [21.0725718, 45.4876596], [21.0730693, 45.487624], [21.0741104, 45.4878712], [21.0774499, 45.4896084], [21.0801852, 45.490376], [21.0829257, 45.490526], [21.0832741, 45.490622], [21.0832989, 45.4907033], [21.0814463, 45.4911266], [21.0795541, 45.4912487], [21.0784474, 45.4915009], [21.077798, 45.4917842], [21.0773267, 45.4925695], [21.0780847, 45.4927157], [21.0790974, 45.4921962], [21.0800144, 45.4920694], [21.081414, 45.4924491], [21.0823334, 45.4921904], [21.0832159, 45.4923624], [21.084534, 45.4928792], [21.0846939, 45.4930335], [21.0846402, 45.4931684], [21.0843163, 45.4933085], [21.0815783, 45.493369], [21.0811326, 45.4943256], [21.0814564, 45.4946776], [21.0824897, 45.4951105], [21.0844847, 45.4953905], [21.0850572, 45.4953574], [21.0857764, 45.4948635], [21.0853371, 45.4934805], [21.0853468, 45.4927032], [21.085714, 45.4921961], [21.086339, 45.4921936], [21.0870018, 45.4924324], [21.0879029, 45.4939675], [21.0881809, 45.4941426], [21.0887629, 45.4941195], [21.0895459, 45.4936616], [21.0901225, 45.4922617], [21.0907323, 45.4920355], [21.0928937, 45.4918205], [21.094748, 45.4915066], [21.0975064, 45.4913968], [21.0980344, 45.4912181], [21.0995048, 45.4903974], [21.1014576, 45.4902444], [21.103383, 45.4895569], [21.1037961, 45.4895566], [21.1041662, 45.4896845], [21.105349, 45.4902366], [21.1056282, 45.4904934], [21.1056381, 45.4907937], [21.1060864, 45.4909828], [21.1120301, 45.4882933], [21.1180464, 45.4902739], [21.1227233, 45.4909259], [21.1274038, 45.4884941], [21.1282039, 45.4881985], [21.1303838, 45.4871047], [21.1312521, 45.4863609], [21.1330565, 45.4857059], [21.1334153, 45.4852045], [21.1336139, 45.4836251], [21.1339708, 45.4835965], [21.1339843, 45.4835137], [21.1356662, 45.4828821], [21.1375174, 45.4822706], [21.1397213, 45.4823686], [21.1423529, 45.4829093], [21.1446648, 45.482629], [21.1420904, 45.4774412], [21.1440802, 45.4772928], [21.1460973, 45.4805274], [21.1591707, 45.4773222], [21.1592593, 45.4774236], [21.1594481, 45.477358], [21.1648307, 45.4869856], [21.1745648, 45.4846546], [21.1748571, 45.4854253], [21.1783114, 45.4919795], [21.1845405, 45.4870493], [21.1898952, 45.4825511], [21.1906429, 45.4824094], [21.1963853, 45.4803938], [21.1979446, 45.4799052], [21.1995676, 45.4823258], [21.2006385, 45.4842809], [21.2055152, 45.4827422], [21.20597, 45.4834259], [21.2152788, 45.4802883], [21.2154219, 45.4802269], [21.21537, 45.4794581], [21.2157437, 45.4787122], [21.2157095, 45.478551], [21.2158031, 45.4785775], [21.2203275, 45.4806082], [21.2222509, 45.4821357], [21.2229752, 45.4825302], [21.2234942, 45.4833262], [21.2243418, 45.4837908], [21.2257097, 45.4844867], [21.2266632, 45.4844524], [21.2268802, 45.4854036], [21.2276857, 45.4858389], [21.2287409, 45.4869076], [21.229004, 45.4870221], [21.2298332, 45.4867704], [21.2308177, 45.4868031], [21.2309672, 45.4869447], [21.2308768, 45.4874481], [21.2312363, 45.4881876], [21.2312975, 45.4887566], [21.2327903, 45.4901842], [21.2345083, 45.4907657], [21.2347724, 45.4909563], [21.2350474, 45.4909824], [21.2358914, 45.4949469], [21.2362407, 45.4966476], [21.2364294, 45.4975364], [21.2385684, 45.5054498], [21.2361336, 45.5124626], [21.230219, 45.5114575], [21.2298279, 45.5108199], [21.2289468, 45.5107723], [21.2281942, 45.5105951], [21.2281691, 45.5095469], [21.2280223, 45.5089282], [21.2277972, 45.5086165], [21.2271526, 45.5080923], [21.2257667, 45.5074831], [21.2285762, 45.5065272], [21.2289479, 45.5053413], [21.2282266, 45.5046998], [21.2244263, 45.5033933], [21.2223118, 45.5034752], [21.2217034, 45.504002], [21.2215596, 45.5044967], [21.2225973, 45.5061045], [21.2224858, 45.5062404], [21.2221803, 45.5061288], [21.2202762, 45.5037311], [21.2192119, 45.5033426], [21.218447, 45.5034398], [21.2173106, 45.5098448], [21.2168925, 45.5112269], [21.2082181, 45.5317387], [21.2041601, 45.531135], [21.1998749, 45.5313311], [21.1916101, 45.5377016], [21.1904048, 45.5353348], [21.1825097, 45.5413573], [21.1798383, 45.5432143], [21.1788959, 45.5437323], [21.1872752, 45.5513738], [21.1785394, 45.557151], [21.1818627, 45.5597517], [21.179242, 45.5615487], [21.1797706, 45.5618871], [21.1812077, 45.5631995], [21.1784511, 45.5691517], [21.1728408, 45.5689762], [21.172878, 45.5698228], [21.1703509, 45.5698456], [21.1697304, 45.5696631], [21.1658203, 45.569767], [21.164986, 45.5696773], [21.1625087, 45.5683211], [21.1608697, 45.5680301], [21.1603707, 45.5674745], [21.1600342, 45.5665989], [21.1596559, 45.5668017], [21.1576908, 45.5684726], [21.1570333, 45.5687696], [21.1565212, 45.568685], [21.1557, 45.5683542], [21.1551173, 45.5678678], [21.1520117, 45.5699174], [21.1486606, 45.5719308], [21.1405018, 45.5732033], [21.1382489, 45.5732341], [21.1376682, 45.5734552], [21.137014, 45.5738791], [21.1368273, 45.5740598], [21.1366908, 45.5747027], [21.1362675, 45.574897], [21.1353834, 45.5744928], [21.1340303, 45.5742022], [21.1333233, 45.5742576], [21.1315333, 45.574038], [21.1311599, 45.5741686], [21.1317302, 45.5755077], [21.1317186, 45.5757426], [21.1307433, 45.5761438], [21.1303725, 45.5768013], [21.1299136, 45.5771307], [21.1303608, 45.5783666], [21.1302515, 45.5788851], [21.1297851, 45.5797242], [21.1298375, 45.5799551], [21.1302265, 45.5802376], [21.1305272, 45.5811376], [21.1184561, 45.5969624], [21.1098058, 45.5950586], [21.0913683, 45.5863857], [21.0872037, 45.5888963], [21.0848741, 45.59037], [21.0845592, 45.5897612], [21.0757274, 45.5834394], [21.0716247, 45.5806779], [21.0697794, 45.5799735], [21.068332, 45.5789968], [21.0647465, 45.5757217], [21.0644022, 45.5753017], [21.0641578, 45.5746334], [21.0638816, 45.5686961], [21.0615828, 45.5664847], [21.060343, 45.5641251], [21.0599441, 45.5636823], [21.059145, 45.5632777], [21.0549792, 45.5622637], [21.0545597, 45.5624477], [21.0502401, 45.5654907], [21.0483132, 45.5632869], [21.0470617, 45.5621757], [21.0468802, 45.5617161], [21.0468961, 45.5606326], [21.0465707, 45.5595339], [21.0423912, 45.5630772], [21.0389944, 45.5608503], [21.0330947, 45.5651245], [21.0279418, 45.5618442], [21.0274328, 45.5621702], [21.0182068, 45.5650199], [21.0060491, 45.5685824], [21.000696, 45.5648768]]]]}}, {"id": "21", "type": "Feature", "properties": {"name": "Reca\u0219", "judet": "TIMI\u0218", "admin_level": "8", "wikidata": "Q16898600", "place": "town", "osm_id": 10718317, "siruta": "158314", "siruta_score": null, "pop_total": 0, "gp_count": null, "nearest_school_m": 2692.5057634072887, "nearest_gp_m": null, "nearest_er_m": 24585.427918925485, "school_score": 75.82134623703874, "gp_score": null, "hospital_score": 63.53643020268629, "composite_score": 71.72637422558792, "partial_data": true, "_color_composite": "#e8c8b8", "_color_school": "#e8c8b8", "_color_gp": "#9a9a9a", "_color_hospital": "#e8c8b8", "_display_color": "#e8c8b8"}, "geometry": {"type": "MultiPolygon", "coordinates": [[[[21.4340561, 45.7812274], [21.4354372, 45.7816038], [21.4412728, 45.7821814], [21.4423168, 45.7821338], [21.440382, 45.7756324], [21.4407109, 45.7755814], [21.4397968, 45.773379], [21.4395256, 45.7701766], [21.4400572, 45.7701377], [21.4398583, 45.7682046], [21.4428266, 45.7680837], [21.4373594, 45.7463637], [21.4416713, 45.746486], [21.4423083, 45.7461728], [21.4425375, 45.7458961], [21.4409545, 45.7388423], [21.4415474, 45.7384921], [21.4408244, 45.7358812], [21.4351417, 45.7367274], [21.4336705, 45.7317053], [21.4345102, 45.7312312], [21.4344602, 45.7309666], [21.4346969, 45.7309495], [21.4346584, 45.7307052], [21.435116, 45.7304721], [21.4350506, 45.7300696], [21.4348034, 45.729801], [21.4344726, 45.7296948], [21.433097, 45.7298903], [21.4317567, 45.7289689], [21.4315628, 45.7287131], [21.4318727, 45.7283995], [21.4317544, 45.7279509], [21.4306768, 45.72777], [21.4289212, 45.7234265], [21.4308797, 45.7238023], [21.4333565, 45.7233135], [21.4422536, 45.7212463], [21.4416881, 45.7196971], [21.4427278, 45.719017], [21.4445605, 45.718169], [21.4454331, 45.7179137], [21.4462089, 45.717886], [21.4466983, 45.717959], [21.4490447, 45.7192486], [21.4495091, 45.7193265], [21.4517864, 45.719386], [21.4532339, 45.7196732], [21.4538936, 45.7199186], [21.457412, 45.7224525], [21.4582189, 45.722714], [21.4591223, 45.7227536], [21.4621082, 45.7220276], [21.4642823, 45.7217664], [21.4671704, 45.7216064], [21.4703106, 45.7216167], [21.4712474, 45.7217783], [21.4717792, 45.7217025], [21.4722478, 45.7215844], [21.4750551, 45.7199919], [21.4757983, 45.7196978], [21.4767483, 45.7195196], [21.4777188, 45.7195381], [21.4800173, 45.7199947], [21.4820608, 45.7198445], [21.4840032, 45.7194662], [21.4856459, 45.7195342], [21.487929, 45.719466], [21.4892969, 45.7195831], [21.4905407, 45.7197079], [21.4916175, 45.7200006], [21.4919844, 45.7201906], [21.4929616, 45.7208895], [21.4945808, 45.7226035], [21.495548, 45.7234635], [21.4962625, 45.7238891], [21.4974219, 45.7243666], [21.5004398, 45.7252262], [21.5032436, 45.7256928], [21.5069238, 45.7256661], [21.5092786, 45.7258074], [21.5093882, 45.7257917], [21.5102668, 45.7256657], [21.51287, 45.7255352], [21.5182156, 45.726061], [21.5207496, 45.7260644], [21.5223518, 45.725863], [21.5237254, 45.7259928], [21.5269249, 45.7277029], [21.528096, 45.7285042], [21.5295989, 45.7286684], [21.5320182, 45.7281426], [21.535168, 45.7272181], [21.5369251, 45.7268706], [21.5388686, 45.7261724], [21.5398206, 45.7276669], [21.5394707, 45.7297655], [21.5403873, 45.7302909], [21.5406297, 45.7314804], [21.5427391, 45.7325039], [21.5429521, 45.7324657], [21.5437354, 45.7318793], [21.5441331, 45.731954], [21.5442212, 45.7324393], [21.5444426, 45.732592], [21.5449033, 45.7326283], [21.5457163, 45.7324385], [21.5464274, 45.7333998], [21.5460083, 45.7345349], [21.5448781, 45.7350526], [21.5440998, 45.7348573], [21.5436783, 45.7348579], [21.5430161, 45.7349831], [21.5423132, 45.7353949], [21.5416977, 45.7367858], [21.5422187, 45.7373446], [21.5422389, 45.737895], [21.5424561, 45.7381519], [21.5436734, 45.7378134], [21.5445817, 45.7379951], [21.5455967, 45.7376907], [21.5457905, 45.7382279], [21.5456289, 45.7389314], [21.5461462, 45.739394], [21.5460564, 45.7395053], [21.5449316, 45.7398282], [21.5450789, 45.7405042], [21.5456008, 45.7414631], [21.5460097, 45.7415627], [21.5463344, 45.7414228], [21.5464745, 45.7411936], [21.5463482, 45.7408099], [21.546462, 45.7406212], [21.546926, 45.7406039], [21.5474255, 45.7407889], [21.549048, 45.7404448], [21.5495657, 45.7405924], [21.5495143, 45.7409596], [21.5496446, 45.7411244], [21.5506642, 45.7413441], [21.5507599, 45.7415526], [21.5512347, 45.7418776], [21.5516378, 45.7419166], [21.5526987, 45.7417476], [21.5531598, 45.7425696], [21.5526362, 45.7428286], [21.5524768, 45.7432372], [21.553231, 45.7435093], [21.5534308, 45.7437902], [21.5541102, 45.7437669], [21.5550004, 45.7441916], [21.5553391, 45.7444476], [21.5560542, 45.745557], [21.5576218, 45.7459512], [21.5588106, 45.745625], [21.5593378, 45.7456723], [21.5596055, 45.7458882], [21.5594834, 45.7465831], [21.5597109, 45.747504], [21.5599795, 45.7476015], [21.5609367, 45.7474914], [21.5618939, 45.7485044], [21.5620925, 45.7496683], [21.5625293, 45.7509011], [21.5631388, 45.7510133], [21.5633843, 45.7511749], [21.5636875, 45.7511774], [21.5644536, 45.7508205], [21.5647635, 45.7508701], [21.5645556, 45.7513935], [21.5646479, 45.752022], [21.5653557, 45.7521864], [21.5656201, 45.7519374], [21.5656024, 45.751291], [21.5663402, 45.750978], [21.5665408, 45.7506757], [21.5668252, 45.7507245], [21.5669992, 45.7511212], [21.5671237, 45.7513725], [21.5671662, 45.7515732], [21.5675314, 45.7521242], [21.5698227, 45.7603028], [21.5938665, 45.7568748], [21.5947353, 45.7603878], [21.5946242, 45.76079], [21.5929447, 45.7623455], [21.592984, 45.7627489], [21.5901853, 45.7628179], [21.5853782, 45.762725], [21.5799918, 45.7629884], [21.5786303, 45.7633701], [21.5769941, 45.7641456], [21.5749258, 45.7648463], [21.5629832, 45.7686531], [21.5620652, 45.768846], [21.559627, 45.7690274], [21.5547996, 45.7696976], [21.556408, 45.7819775], [21.5613355, 45.7809543], [21.5640779, 45.8001886], [21.5644183, 45.8033569], [21.5646638, 45.8033152], [21.5668515, 45.8006651], [21.5695694, 45.8002119], [21.5738879, 45.8004366], [21.5744475, 45.800744], [21.5764535, 45.8032899], [21.5775196, 45.8042349], [21.5827433, 45.806282], [21.5856965, 45.8066863], [21.5887085, 45.8084198], [21.5934257, 45.8103511], [21.5986882, 45.811506], [21.6060646, 45.8118762], [21.6061256, 45.813578], [21.6058883, 45.8158471], [21.6059036, 45.8160152], [21.6063902, 45.8160587], [21.6060406, 45.8169683], [21.6061524, 45.8186561], [21.6071062, 45.825745], [21.6070273, 45.8264686], [21.6071894, 45.8275392], [21.6072857, 45.8326334], [21.6077035, 45.8347679], [21.6085083, 45.8373571], [21.6057666, 45.8379268], [21.6063733, 45.8383627], [21.6062901, 45.8384599], [21.606464, 45.8386505], [21.6067897, 45.8398596], [21.6043789, 45.8401074], [21.6037677, 45.8420481], [21.6035063, 45.8424937], [21.603441, 45.8430415], [21.6031227, 45.8434879], [21.6029081, 45.8442384], [21.607613, 45.8450253], [21.60671, 45.8458811], [21.6063907, 45.8468073], [21.6070139, 45.8481907], [21.6077747, 45.8485686], [21.6093425, 45.8487677], [21.6108635, 45.8487973], [21.6143222, 45.8483093], [21.617341, 45.8481151], [21.6180632, 45.8482326], [21.619703, 45.8487215], [21.6224711, 45.8488639], [21.6246043, 45.8491851], [21.6269797, 45.8504521], [21.6278439, 45.8505027], [21.6277037, 45.85066], [21.6264504, 45.8549126], [21.6257606, 45.8564691], [21.6246105, 45.8597588], [21.625247, 45.8601329], [21.6271556, 45.8608166], [21.6326432, 45.8632745], [21.6346741, 45.8640265], [21.636473, 45.8649176], [21.6391071, 45.8660049], [21.6395938, 45.8663187], [21.6389391, 45.8667567], [21.6374532, 45.8671978], [21.6370717, 45.8674212], [21.6350214, 45.8690666], [21.6342019, 45.8701307], [21.6329758, 45.8721652], [21.63163, 45.8738193], [21.6312206, 45.8748195], [21.6297026, 45.8751226], [21.6286257, 45.8755176], [21.6256691, 45.8793198], [21.6255192, 45.8815827], [21.6246477, 45.8832718], [21.623724, 45.884558], [21.6230529, 45.8865352], [21.6230339, 45.8870598], [21.6220518, 45.8902561], [21.6215311, 45.8941375], [21.6204608, 45.8958718], [21.6193349, 45.8973578], [21.6174929, 45.8983736], [21.6161063, 45.8997781], [21.6158978, 45.9001402], [21.6152858, 45.9024569], [21.615312, 45.9041936], [21.6156372, 45.90528], [21.6168794, 45.907406], [21.6169269, 45.9083608], [21.6158635, 45.910867], [21.6146815, 45.911766], [21.6136567, 45.912265], [21.6125102, 45.9133661], [21.6122741, 45.9150796], [21.6127725, 45.9172638], [21.6118587, 45.9196867], [21.6123657, 45.920843], [21.6135646, 45.9221948], [21.6135743, 45.923149], [21.6132868, 45.9250788], [21.6130528, 45.9256059], [21.6119054, 45.9278563], [21.6111474, 45.928564], [21.6109443, 45.9286457], [21.610256, 45.9288001], [21.6079732, 45.9285669], [21.6069524, 45.9283462], [21.6034952, 45.9283632], [21.6021235, 45.9286352], [21.599346, 45.9304806], [21.5980241, 45.9310474], [21.5968475, 45.9311643], [21.5900164, 45.931035], [21.5851809, 45.9324861], [21.5840197, 45.933133], [21.5788261, 45.9344574], [21.5776448, 45.9350141], [21.5757721, 45.9356353], [21.5752687, 45.9360045], [21.575164, 45.9354599], [21.5742853, 45.9343296], [21.574135, 45.9341876], [21.5736231, 45.9340717], [21.5686642, 45.9343213], [21.5669121, 45.9344766], [21.5658092, 45.9347473], [21.5642463, 45.9345439], [21.5623519, 45.9344534], [21.5607397, 45.9342169], [21.5586854, 45.9341214], [21.557258, 45.933848], [21.5543511, 45.9336166], [21.5528329, 45.9331793], [21.5511367, 45.9325059], [21.5485818, 45.9317151], [21.5469845, 45.9313315], [21.5463272, 45.9310423], [21.543731, 45.9302866], [21.5434549, 45.9301419], [21.5432301, 45.9297965], [21.5427622, 45.9295924], [21.5420064, 45.929022], [21.5400628, 45.928513], [21.5385095, 45.927851], [21.5383228, 45.9277714], [21.538586, 45.9270255], [21.5389892, 45.9261039], [21.5391196, 45.9260739], [21.5391999, 45.9254987], [21.5397917, 45.9239675], [21.5396232, 45.9234592], [21.5393344, 45.9231134], [21.5370521, 45.9214397], [21.5358502, 45.9202405], [21.5354581, 45.9194004], [21.5353184, 45.9176584], [21.5336789, 45.9154802], [21.5309668, 45.914835], [21.5285405, 45.9146761], [21.5284492, 45.9143641], [21.5272409, 45.9143367], [21.5273043, 45.9140325], [21.5267731, 45.9135957], [21.5276786, 45.9135027], [21.5277339, 45.913257], [21.5272377, 45.9129391], [21.5281407, 45.9111824], [21.5242387, 45.910549], [21.5236731, 45.910238], [21.5234232, 45.9099119], [21.5231524, 45.9097769], [21.5217716, 45.9103842], [21.5213394, 45.9106338], [21.5226057, 45.9120372], [21.5232633, 45.9131569], [21.5233313, 45.9135579], [21.5227967, 45.9139559], [21.5219392, 45.914273], [21.52146, 45.9137853], [21.5214658, 45.9135505], [21.5210655, 45.9132909], [21.5211032, 45.9130416], [21.5202414, 45.9128607], [21.5205767, 45.912673], [21.5206023, 45.912547], [21.5203325, 45.9124677], [21.5197987, 45.9127112], [21.5187261, 45.9120955], [21.5181169, 45.911208], [21.5183346, 45.9107756], [21.5180028, 45.9108366], [21.5179143, 45.9107628], [21.517355, 45.9098957], [21.5165136, 45.9091774], [21.516131, 45.9090606], [21.5157698, 45.908459], [21.5151783, 45.9083512], [21.5150623, 45.9081224], [21.5152293, 45.9078616], [21.5148286, 45.9078215], [21.5143087, 45.9074191], [21.514145, 45.9075563], [21.5135501, 45.9072197], [21.5136388, 45.9068516], [21.5140744, 45.9063182], [21.5139783, 45.9060123], [21.5142966, 45.90561], [21.5135948, 45.9054247], [21.5131205, 45.9054968], [21.5089449, 45.9041311], [21.5089782, 45.9001286], [21.5092881, 45.895671], [21.5100089, 45.8930125], [21.507979, 45.8928589], [21.5084597, 45.8905085], [21.5080223, 45.8892892], [21.5075802, 45.8887563], [21.5073506, 45.8874752], [21.5048688, 45.8877023], [21.5051331, 45.886239], [21.5056769, 45.8846305], [21.5051257, 45.8846259], [21.5050484, 45.8850457], [21.5045373, 45.885214], [21.5043513, 45.8853892], [21.503836, 45.8854121], [21.5037116, 45.885572], [21.5037734, 45.8857162], [21.5033543, 45.8857945], [21.5031702, 45.8862218], [21.5022479, 45.8865182], [21.5023254, 45.8867552], [21.5017368, 45.8866753], [21.5013488, 45.8867159], [21.5011059, 45.8868557], [21.5004636, 45.8868901], [21.4995474, 45.8864909], [21.4992187, 45.88662], [21.49916, 45.8869892], [21.4983478, 45.8870138], [21.4980521, 45.8872428], [21.4978988, 45.8871794], [21.4978114, 45.8868087], [21.4969808, 45.8866353], [21.4966804, 45.8867282], [21.4962867, 45.8865429], [21.4962128, 45.8863103], [21.496424, 45.8859457], [21.4960783, 45.8857031], [21.4962404, 45.8853799], [21.4961413, 45.8851171], [21.4962993, 45.8849442], [21.4965238, 45.8842809], [21.4972392, 45.8833911], [21.4994355, 45.8821807], [21.4999435, 45.8817051], [21.4995796, 45.8811285], [21.4997511, 45.8807941], [21.4997082, 45.8798457], [21.4995888, 45.879708], [21.4996498, 45.8784348], [21.4994228, 45.877496], [21.4992735, 45.8749936], [21.4994429, 45.8745347], [21.4994341, 45.8732544], [21.499557, 45.8730817], [21.4994914, 45.8720839], [21.4996583, 45.8703955], [21.4995349, 45.8690028], [21.4998437, 45.8685747], [21.5002735, 45.8683555], [21.4996287, 45.8669942], [21.4988751, 45.8646274], [21.4987317, 45.8632358], [21.4984691, 45.8625774], [21.4984121, 45.8607461], [21.4974609, 45.8588561], [21.4974347, 45.8584083], [21.4969067, 45.8570449], [21.496079, 45.8558832], [21.4943, 45.8519752], [21.4934248, 45.8508355], [21.4932502, 45.8506875], [21.491136, 45.8500191], [21.4899704, 45.8492377], [21.4894832, 45.8491512], [21.4882379, 45.8484536], [21.4875608, 45.8477427], [21.4870353, 45.8476036], [21.4862992, 45.8472033], [21.4860172, 45.8472103], [21.4849816, 45.846607], [21.4790345, 45.8422911], [21.4776436, 45.8413396], [21.4768754, 45.840994], [21.4736443, 45.8402563], [21.4669435, 45.8397623], [21.4633553, 45.8393443], [21.4610477, 45.8389372], [21.4608734, 45.8393553], [21.4607614, 45.8393563], [21.4453311, 45.8328399], [21.4285823, 45.827029], [21.4298467, 45.8257054], [21.4293094, 45.8148557], [21.4258664, 45.8149733], [21.4250594, 45.8147446], [21.4221876, 45.8146627], [21.4162717, 45.8136021], [21.4153878, 45.8136257], [21.4146642, 45.8134146], [21.4134972, 45.8132661], [21.4136296, 45.813096], [21.4139807, 45.8045948], [21.4144831, 45.7998129], [21.4146445, 45.7996392], [21.4171331, 45.7983392], [21.4199948, 45.796985], [21.4212186, 45.7973899], [21.4224892, 45.7976462], [21.4259738, 45.7932287], [21.4265015, 45.7927359], [21.429177, 45.7894573], [21.4290781, 45.7872024], [21.429757, 45.7871557], [21.4296159, 45.7858197], [21.4324525, 45.7846226], [21.4326661, 45.7825066], [21.4337466, 45.7817562], [21.4340561, 45.7812274]]]]}}, {"id": "22", "type": "Feature", "properties": {"name": "Cenad", "judet": "TIMI\u0218", "admin_level": "8", "wikidata": null, "place": "municipality", "osm_id": 10718400, "siruta": "156259", "siruta_score": null, "pop_total": 0, "gp_count": null, "nearest_school_m": 3103.868130522253, "nearest_gp_m": null, "nearest_er_m": 67647.16236466833, "school_score": 69.94474099253924, "gp_score": null, "hospital_score": 0.0, "composite_score": 46.62982732835949, "partial_data": true, "_color_composite": "#d99080", "_color_school": "#e8c8b8", "_color_gp": "#9a9a9a", "_color_hospital": "#3b0a0a", "_display_color": "#d99080"}, "geometry": {"type": "MultiPolygon", "coordinates": [[[[20.472883, 46.1524252], [20.4943807, 46.1355827], [20.4949565, 46.135373], [20.4978745, 46.1345357], [20.4917022, 46.1205292], [20.4864105, 46.1074222], [20.4855365, 46.1072417], [20.4825968, 46.10034], [20.5028702, 46.0852787], [20.5173833, 46.0715936], [20.5178751, 46.0711352], [20.5181883, 46.0717328], [20.5190218, 46.0720993], [20.5192173, 46.0723277], [20.5197604, 46.0749317], [20.5198751, 46.0775242], [20.5203068, 46.0783153], [20.5202243, 46.0786972], [20.5212643, 46.079159], [20.5218162, 46.0800895], [20.5236542, 46.0823531], [20.5237117, 46.0829182], [20.5235183, 46.0837129], [20.523335, 46.0840649], [20.5231175, 46.0842001], [20.5230549, 46.0847604], [20.5243215, 46.0855435], [20.5257707, 46.0860314], [20.526829, 46.0872044], [20.5272218, 46.0871359], [20.5278568, 46.0865202], [20.5284485, 46.086226], [20.5290515, 46.0861119], [20.5300505, 46.0861031], [20.530956, 46.0857512], [20.5316331, 46.085616], [20.5353878, 46.0863914], [20.5358626, 46.0867991], [20.5360112, 46.0880502], [20.5389082, 46.0907922], [20.5394646, 46.092103], [20.5397299, 46.0922393], [20.5404089, 46.0922658], [20.541585, 46.0917282], [20.5422053, 46.0915967], [20.5427943, 46.091676], [20.5445394, 46.092514], [20.5454606, 46.0926096], [20.5458163, 46.0924511], [20.5472952, 46.0911549], [20.5480133, 46.0907554], [20.5488009, 46.0905574], [20.5495253, 46.0905525], [20.5505064, 46.0907135], [20.5528238, 46.0914996], [20.5551307, 46.0919232], [20.5560025, 46.0913559], [20.5566787, 46.0913163], [20.5574972, 46.0915692], [20.558149, 46.0912084], [20.559616, 46.0909707], [20.5608934, 46.0911059], [20.561111, 46.0922186], [20.5624925, 46.0923724], [20.5647081, 46.0940454], [20.5653646, 46.0941534], [20.5661885, 46.0940233], [20.5673036, 46.0932054], [20.5675425, 46.0932383], [20.5688722, 46.0939212], [20.569877, 46.0936478], [20.5701625, 46.0937325], [20.5730306, 46.0978464], [20.5732329, 46.0978602], [20.574582, 46.0971518], [20.5765381, 46.0972875], [20.5782022, 46.0981321], [20.5800981, 46.0983576], [20.5816728, 46.0988814], [20.5841805, 46.0976245], [20.5844701, 46.0959269], [20.5845975, 46.0957931], [20.5848709, 46.0957191], [20.5859758, 46.0958294], [20.5863214, 46.0957041], [20.5865372, 46.0955601], [20.5869571, 46.0948084], [20.588502, 46.0942673], [20.5891896, 46.0935732], [20.5897704, 46.0934874], [20.59038, 46.0938167], [20.5907326, 46.0943952], [20.5916601, 46.0946577], [20.5926072, 46.0951611], [20.595843, 46.0957207], [20.5971102, 46.0957203], [20.5978783, 46.096004], [20.5996769, 46.0976885], [20.6005231, 46.0977309], [20.6015576, 46.0973281], [20.6134818, 46.102048], [20.6200181, 46.114163], [20.6135129, 46.116303], [20.6031843, 46.123013], [20.6000126, 46.1243084], [20.6017755, 46.1288703], [20.606999, 46.1344739], [20.6076905, 46.1349927], [20.6089157, 46.1354189], [20.6090424, 46.1357619], [20.6089065, 46.1360006], [20.6118427, 46.1387138], [20.6132089, 46.1387987], [20.6143437, 46.1385454], [20.614832, 46.1390769], [20.6162082, 46.140011], [20.6153834, 46.140861], [20.6146538, 46.1412698], [20.6131303, 46.1424666], [20.6126775, 46.1430074], [20.6117234, 46.1442866], [20.6100574, 46.1458422], [20.6097231, 46.1461338], [20.6089808, 46.1464824], [20.607267, 46.1471719], [20.6059313, 46.1475139], [20.6049408, 46.1475133], [20.6036031, 46.1476328], [20.6020957, 46.1486808], [20.6009746, 46.1490153], [20.5985713, 46.1489038], [20.5972731, 46.1492309], [20.5965006, 46.1497437], [20.5958462, 46.1504201], [20.5954385, 46.15126], [20.5945212, 46.1519177], [20.5937111, 46.15236], [20.592649, 46.1525012], [20.5914688, 46.1526127], [20.5906641, 46.1527985], [20.5899346, 46.1531552], [20.5893874, 46.153512], [20.5889583, 46.1541809], [20.5882931, 46.1546268], [20.5871665, 46.1550355], [20.5860186, 46.1557267], [20.584538, 46.1562023], [20.5839693, 46.1566111], [20.5824029, 46.1572279], [20.5823661, 46.157301], [20.5796885, 46.1580751], [20.5786157, 46.158573], [20.5773621, 46.1594736], [20.5768127, 46.159832], [20.5763706, 46.1601207], [20.5761127, 46.1602573], [20.5758422, 46.1604706], [20.5756036, 46.1605993], [20.5754352, 46.1607182], [20.5750952, 46.1609374], [20.5740917, 46.1615817], [20.5731128, 46.1621905], [20.572172, 46.1628236], [20.5709707, 46.1639596], [20.5703733, 46.1645295], [20.5693001, 46.1652637], [20.5665087, 46.1658737], [20.5653469, 46.1663251], [20.5641293, 46.1675909], [20.5635615, 46.1681693], [20.5627408, 46.1690253], [20.562105, 46.1696834], [20.5608843, 46.170229], [20.5600024, 46.1705425], [20.5589284, 46.1709243], [20.5580118, 46.1712389], [20.5573783, 46.1714485], [20.5558013, 46.1717157], [20.5546564, 46.1719013], [20.5539078, 46.1720191], [20.553224, 46.1728741], [20.5524086, 46.1734143], [20.5515976, 46.1741866], [20.5511414, 46.1746129], [20.5507368, 46.1751827], [20.5504677, 46.1755495], [20.5502479, 46.1762965], [20.5501222, 46.1766864], [20.5494703, 46.1771929], [20.5467823, 46.1775086], [20.5453626, 46.178339], [20.5446865, 46.1787095], [20.5443271, 46.1789175], [20.542184, 46.179406], [20.5417679, 46.1795215], [20.5412152, 46.1796204], [20.5403706, 46.1797524], [20.5382294, 46.1795263], [20.5374916, 46.1796086], [20.5364226, 46.1803828], [20.5358326, 46.1806279], [20.5350494, 46.1806132], [20.5348508, 46.1806132], [20.5325206, 46.1803432], [20.5294552, 46.1808295], [20.5282526, 46.1808805], [20.5256272, 46.1809896], [20.5235322, 46.1813568], [20.5222578, 46.1817406], [20.5210393, 46.1820804], [20.5162797, 46.183887], [20.5138449, 46.1853733], [20.509974, 46.1867076], [20.5085304, 46.1871923], [20.5072283, 46.1877237], [20.5048217, 46.1888002], [20.5029317, 46.1896613], [20.5015001, 46.1899329], [20.5007849, 46.1893223], [20.5000816, 46.188361], [20.4999204, 46.188438], [20.4994344, 46.1886702], [20.4978054, 46.1885838], [20.4966301, 46.188716], [20.4967855, 46.1885364], [20.4964546, 46.1884235], [20.4955843, 46.1873401], [20.4954305, 46.1859214], [20.4968263, 46.1851009], [20.4973544, 46.1853948], [20.4976607, 46.1854266], [20.4979488, 46.1852363], [20.4980002, 46.1843414], [20.4977471, 46.1840928], [20.4946197, 46.1826355], [20.4918491, 46.1807961], [20.4936895, 46.1802664], [20.4936933, 46.1797159], [20.4963088, 46.178015], [20.4964382, 46.1774922], [20.4944294, 46.1754924], [20.4931871, 46.1737562], [20.4945981, 46.1721047], [20.4953685, 46.1716438], [20.4951662, 46.17091], [20.4939846, 46.170057], [20.4934248, 46.1694207], [20.4767709, 46.1564523], [20.4729335, 46.152483], [20.472883, 46.1524252]]]]}}, {"id": "23", "type": "Feature", "properties": {"name": "Teremia Mare", "judet": "TIMI\u0218", "admin_level": "8", "wikidata": null, "place": "municipality", "osm_id": 10718401, "siruta": "158859", "siruta_score": null, "pop_total": 0, "gp_count": null, "nearest_school_m": 1978.431246769848, "nearest_gp_m": null, "nearest_er_m": 57473.641241822654, "school_score": 86.02241076043074, "gp_score": null, "hospital_score": 0.0, "composite_score": 57.34827384028716, "partial_data": true, "_color_composite": "#d99080", "_color_school": "#f5ecd9", "_color_gp": "#9a9a9a", "_color_hospital": "#3b0a0a", "_display_color": "#d99080"}, "geometry": {"type": "MultiPolygon", "coordinates": [[[[20.4473061, 45.9702475], [20.4498165, 45.969065], [20.4522826, 45.9679006], [20.4548431, 45.966688], [20.4572788, 45.9655379], [20.4597698, 45.9643666], [20.4622074, 45.9632165], [20.4647505, 45.962016], [20.4671793, 45.960869], [20.4694635, 45.9597876], [20.471723, 45.958721], [20.4740556, 45.9576201], [20.4763683, 45.9565282], [20.4786864, 45.9554322], [20.4802017, 45.9547137], [20.4829321, 45.9534269], [20.4836258, 45.9518561], [20.4842162, 45.9506702], [20.484923, 45.9492589], [20.4854076, 45.948004], [20.485872, 45.946785], [20.4868622, 45.9445442], [20.4878571, 45.9422932], [20.4879134, 45.9421683], [20.4881169, 45.9417172], [20.4891489, 45.939369], [20.4903514, 45.9366551], [20.4915102, 45.9340256], [20.4925876, 45.931581], [20.4935805, 45.9293238], [20.4948297, 45.9265056], [20.495769, 45.9243729], [20.4970753, 45.9214431], [20.4977005, 45.9200115], [20.498291, 45.9186627], [20.498909, 45.9172369], [20.4994938, 45.9158956], [20.5002091, 45.9142512], [20.501029, 45.912372], [20.5017725, 45.9106636], [20.5019207, 45.9104652], [20.5019213, 45.9104644], [20.5037779, 45.9079784], [20.505212, 45.906058], [20.5060073, 45.9050125], [20.5070248, 45.9036726], [20.5086686, 45.9015085], [20.5089281, 45.901168], [20.5098505, 45.9002341], [20.5099796, 45.9000247], [20.5158163, 45.892108], [20.5186223, 45.8927573], [20.521303, 45.8933693], [20.5240317, 45.8940118], [20.5268364, 45.8946608], [20.5293101, 45.8952343], [20.5318862, 45.8958303], [20.5345529, 45.896447], [20.5378592, 45.8972125], [20.5403084, 45.8977786], [20.5424728, 45.898279], [20.5447475, 45.8988033], [20.547093, 45.8993463], [20.5495934, 45.8999251], [20.54983, 45.9000556], [20.5485541, 45.9023175], [20.5473297, 45.9044628], [20.5465173, 45.9059194], [20.5490056, 45.9063802], [20.5520928, 45.9069546], [20.5542832, 45.9073597], [20.5592926, 45.9170131], [20.5611387, 45.9201691], [20.566192, 45.9179944], [20.5662286, 45.9178981], [20.5672092, 45.9176156], [20.5705922, 45.9161201], [20.592611, 45.9202114], [20.5889266, 45.9312239], [20.5762719, 45.9405731], [20.5921642, 45.9425049], [20.6166683, 45.9452745], [20.6176187, 45.9453778], [20.617062, 45.947727], [20.6162936, 45.9509144], [20.6280294, 45.952234], [20.6278555, 45.9528605], [20.6268563, 45.95407], [20.6260511, 45.9554254], [20.6254617, 45.9553468], [20.6238367, 45.9551282], [20.6124894, 45.9868756], [20.5920914, 45.9850029], [20.5780015, 45.9840781], [20.5776164, 45.9838768], [20.5772535, 45.9839559], [20.5751332, 45.9837185], [20.5460046, 45.981713], [20.5380625, 45.9779288], [20.5374113, 45.9763495], [20.5369885, 45.9761131], [20.5253502, 45.9871676], [20.5245443, 45.9871392], [20.5130993, 45.98693], [20.5043884, 45.9895823], [20.5030573, 45.9900778], [20.4919532, 45.993272], [20.478131, 45.9899318], [20.4675862, 45.9874555], [20.4741963, 45.9736862], [20.4697934, 45.9732184], [20.4650713, 45.972576], [20.4635785, 45.9727471], [20.4624221, 45.9721421], [20.4584157, 45.9717766], [20.4473061, 45.9702475]]]]}}, {"id": "24", "type": "Feature", "properties": {"name": "V\u0103lcani", "judet": "TIMI\u0218", "admin_level": "8", "wikidata": null, "place": "municipality", "osm_id": 10718402, "siruta": "159482", "siruta_score": null, "pop_total": 0, "gp_count": null, "nearest_school_m": 649.4529705109161, "nearest_gp_m": null, "nearest_er_m": 69170.48223360386, "school_score": 100.0, "gp_score": null, "hospital_score": 0.0, "composite_score": 66.66666666666666, "partial_data": true, "_color_composite": "#e8c8b8", "_color_school": "#f5ecd9", "_color_gp": "#9a9a9a", "_color_hospital": "#3b0a0a", "_display_color": "#e8c8b8"}, "geometry": {"type": "MultiPolygon", "coordinates": [[[[20.3398588, 46.0391809], [20.3399902, 46.0387446], [20.340625, 46.0362726], [20.3417502, 46.0343391], [20.342801, 46.032533], [20.343871, 46.0307003], [20.3451497, 46.0284889], [20.3462933, 46.0265604], [20.3475435, 46.0244191], [20.348957, 46.0220446], [20.3502644, 46.0198127], [20.3503791, 46.0195458], [20.3511673, 46.018081], [20.3519788, 46.0165698], [20.3527567, 46.01512], [20.3535393, 46.0136649], [20.3543196, 46.0121947], [20.3550837, 46.0107409], [20.3553363, 46.010205], [20.35584, 46.0093283], [20.3567968, 46.0075842], [20.357628, 46.0058815], [20.3577086, 46.0058533], [20.3576856, 46.0054516], [20.3575187, 46.0052399], [20.3572977, 46.0051328], [20.3567077, 46.0050282], [20.35362, 46.0045798], [20.3528889, 46.0043021], [20.3523914, 46.0039004], [20.3521138, 46.003463], [20.3520387, 46.0029047], [20.35217, 46.0024124], [20.3532275, 46.0001124], [20.3532739, 45.9998666], [20.3531189, 45.9996346], [20.3528308, 45.9994993], [20.352516, 45.9994852], [20.3505837, 46.0000056], [20.3499239, 46.0000856], [20.3492918, 46.0000058], [20.3489185, 45.9998871], [20.3483234, 45.9996359], [20.3483767, 45.9995822], [20.3489458, 45.9992705], [20.3513847, 45.9977939], [20.3538372, 45.9963098], [20.3563296, 45.9947959], [20.3587689, 45.9933296], [20.3603986, 45.992349], [20.3605926, 45.9922315], [20.3623761, 45.991151], [20.3645818, 45.9898333], [20.3673249, 45.9881866], [20.3692299, 45.9870427], [20.3711967, 45.9858608], [20.3733305, 45.984577], [20.3753155, 45.9833838], [20.3772863, 45.9821988], [20.3788487, 45.9812609], [20.3807227, 45.9801341], [20.3827131, 45.9789382], [20.3846861, 45.9777537], [20.3871493, 45.9762719], [20.3891895, 45.9750485], [20.3912113, 45.9738298], [20.393106, 45.972694], [20.3949935, 45.9715571], [20.3969479, 45.9703806], [20.3998239, 45.9686472], [20.4016183, 45.9675671], [20.4035281, 45.966417], [20.405431, 45.9652429], [20.4080099, 45.9655646], [20.410709, 45.9658974], [20.4136104, 45.9662307], [20.416222, 45.9665318], [20.4187615, 45.9668245], [20.4210884, 45.9670994], [20.4237603, 45.9674177], [20.4265047, 45.9677409], [20.4294537, 45.9680863], [20.4321008, 45.9683888], [20.4347919, 45.9687011], [20.4378903, 45.9690632], [20.4412198, 45.9694686], [20.4441576, 45.9698361], [20.4448797, 45.9699304], [20.4473061, 45.9702475], [20.4584157, 45.9717766], [20.4624221, 45.9721421], [20.4635785, 45.9727471], [20.4650713, 45.972576], [20.4697934, 45.9732184], [20.4741963, 45.9736862], [20.4675862, 45.9874555], [20.478131, 45.9899318], [20.4919532, 45.993272], [20.4893827, 45.9945594], [20.4787556, 45.9998552], [20.4703003, 46.0042247], [20.469017, 46.0041067], [20.4652184, 46.0102298], [20.4532826, 46.0143754], [20.4512663, 46.015175], [20.4361378, 46.0257164], [20.4127312, 46.0462025], [20.4108562, 46.0476929], [20.3994895, 46.0447328], [20.3927545, 46.0442688], [20.3930758, 46.0420677], [20.3803612, 46.0420354], [20.3686592, 46.0414651], [20.3690296, 46.0386885], [20.3571745, 46.0383033], [20.3558302, 46.0395001], [20.35562, 46.0403579], [20.3477436, 46.0403261], [20.3398588, 46.0391809]]]]}}, {"id": "25", "type": "Feature", "properties": {"name": "Dude\u0219tii Vechi", "judet": "TIMI\u0218", "admin_level": "8", "wikidata": null, "place": "municipality", "osm_id": 10718403, "siruta": "156712", "siruta_score": null, "pop_total": 0, "gp_count": null, "nearest_school_m": 2722.931218865981, "nearest_gp_m": null, "nearest_er_m": 68913.58254065856, "school_score": 75.38669687334313, "gp_score": null, "hospital_score": 0.0, "composite_score": 50.25779791556208, "partial_data": true, "_color_composite": "#d99080", "_color_school": "#e8c8b8", "_color_gp": "#9a9a9a", "_color_hospital": "#3b0a0a", "_display_color": "#d99080"}, "geometry": {"type": "MultiPolygon", "coordinates": [[[[20.3292999, 46.0585942], [20.3388633, 46.0522239], [20.3422598, 46.0501173], [20.3460678, 46.0473807], [20.3434185, 46.0471928], [20.3413808, 46.0443019], [20.3393083, 46.0414222], [20.3398588, 46.0391809], [20.3477436, 46.0403261], [20.35562, 46.0403579], [20.3558302, 46.0395001], [20.3571745, 46.0383033], [20.3690296, 46.0386885], [20.3686592, 46.0414651], [20.3803612, 46.0420354], [20.3930758, 46.0420677], [20.3927545, 46.0442688], [20.3994895, 46.0447328], [20.4108562, 46.0476929], [20.4127312, 46.0462025], [20.4361378, 46.0257164], [20.4512663, 46.015175], [20.4532826, 46.0143754], [20.4652184, 46.0102298], [20.469017, 46.0041067], [20.4703003, 46.0042247], [20.4787556, 45.9998552], [20.4893827, 45.9945594], [20.4919532, 45.993272], [20.5030573, 45.9900778], [20.5043884, 45.9895823], [20.5130993, 45.98693], [20.5245443, 45.9871392], [20.5253502, 45.9871676], [20.53381, 45.9871979], [20.5386152, 45.9954723], [20.5410524, 46.0205021], [20.542588, 46.0363047], [20.5401539, 46.0412569], [20.5301214, 46.0598213], [20.5178751, 46.0711352], [20.5173833, 46.0715936], [20.5028702, 46.0852787], [20.4825968, 46.10034], [20.4855365, 46.1072417], [20.4864105, 46.1074222], [20.4917022, 46.1205292], [20.4978745, 46.1345357], [20.4949565, 46.135373], [20.4943807, 46.1355827], [20.472883, 46.1524252], [20.45911, 46.1428791], [20.4589936, 46.1428969], [20.4454262, 46.1418237], [20.4292479, 46.1446902], [20.4263052, 46.1452405], [20.4172647, 46.1483812], [20.417069, 46.1484387], [20.4135816, 46.1390214], [20.4135894, 46.1388165], [20.4137712, 46.1386827], [20.4182862, 46.1377269], [20.4137542, 46.1277479], [20.4265269, 46.1250238], [20.4250688, 46.1220405], [20.4061087, 46.1287216], [20.4054809, 46.1277705], [20.4012107, 46.1170681], [20.3976969, 46.107555], [20.3958551, 46.097589], [20.3966216, 46.0930812], [20.3981256, 46.0884206], [20.3982592, 46.0883844], [20.3992412, 46.083635], [20.4023668, 46.0732302], [20.403229, 46.0688439], [20.3996747, 46.0690478], [20.3986909, 46.0696412], [20.3733979, 46.0667368], [20.343821, 46.0656673], [20.342204, 46.067415], [20.3292999, 46.0585942]]]]}}, {"id": "26", "type": "Feature", "properties": {"name": "Beba Veche", "judet": "TIMI\u0218", "admin_level": "8", "wikidata": null, "place": "municipality", "osm_id": 10718404, "siruta": "155724", "siruta_score": null, "pop_total": 0, "gp_count": null, "nearest_school_m": 3440.66105724103, "nearest_gp_m": null, "nearest_er_m": 79251.26868490146, "school_score": 65.13341346798528, "gp_score": null, "hospital_score": 0.0, "composite_score": 43.42227564532352, "partial_data": true, "_color_composite": "#d99080", "_color_school": "#e8c8b8", "_color_gp": "#9a9a9a", "_color_hospital": "#3b0a0a", "_display_color": "#d99080"}, "geometry": {"type": "MultiPolygon", "coordinates": [[[[20.2642717, 46.1263651], [20.2645119, 46.126041], [20.2647665, 46.1257051], [20.2650105, 46.1253805], [20.2653125, 46.1250857], [20.2645838, 46.1246946], [20.2643876, 46.1246324], [20.2641107, 46.1244885], [20.263295, 46.124], [20.26291, 46.1236698], [20.2625768, 46.1231227], [20.2624814, 46.1229906], [20.2621505, 46.1223389], [20.2620503, 46.1218703], [20.2620096, 46.12164], [20.2620523, 46.1211331], [20.2619955, 46.1207867], [20.2621046, 46.1204115], [20.262168, 46.1201764], [20.2625437, 46.1195999], [20.2626818, 46.1194035], [20.2632589, 46.1186919], [20.263327, 46.1186059], [20.2636726, 46.1183454], [20.2644581, 46.1179885], [20.2647066, 46.117936], [20.2649851, 46.1178721], [20.2657635, 46.117586], [20.2659294, 46.1175059], [20.2672864, 46.1168933], [20.2676447, 46.1167529], [20.2681137, 46.11655], [20.2690765, 46.1163492], [20.2699746, 46.1161453], [20.2707728, 46.1161083], [20.2715153, 46.1162136], [20.2720018, 46.1162927], [20.2727358, 46.1165083], [20.2735471, 46.1167226], [20.2743721, 46.1169397], [20.2750579, 46.117124], [20.2754231, 46.1172691], [20.2756547, 46.1173611], [20.2764574, 46.1175749], [20.2771148, 46.1177348], [20.2771893, 46.1178002], [20.2778111, 46.1179611], [20.2787703, 46.1181624], [20.2794124, 46.1182076], [20.2799716, 46.1181847], [20.2805946, 46.1180523], [20.2810503, 46.1178085], [20.2813879, 46.1177454], [20.2817224, 46.117672], [20.2822423, 46.1175277], [20.2823297, 46.1175391], [20.282354, 46.1175423], [20.2823965, 46.1175478], [20.2824342, 46.1175528], [20.2828875, 46.117612], [20.2830159, 46.1173214], [20.282841, 46.1171128], [20.2821419, 46.1166198], [20.2818092, 46.116423], [20.2813713, 46.1162585], [20.280259, 46.1159321], [20.2793806, 46.1156028], [20.2787432, 46.1154051], [20.2785434, 46.1153928], [20.2778966, 46.1150444], [20.2777511, 46.1149302], [20.2774336, 46.1146191], [20.2773545, 46.114534], [20.2769139, 46.1140239], [20.2767687, 46.1139088], [20.2765747, 46.1136175], [20.2764311, 46.1135143], [20.275883, 46.1129579], [20.2753876, 46.1126117], [20.2752032, 46.112525], [20.2745419, 46.1124247], [20.2740396, 46.1124207], [20.2733434, 46.1123226], [20.2726574, 46.1121936], [20.2719628, 46.1120043], [20.2715921, 46.1118949], [20.2711438, 46.1118005], [20.2699008, 46.1115211], [20.2689733, 46.1115031], [20.2687157, 46.1114894], [20.2680707, 46.1117017], [20.2678662, 46.1117905], [20.267563, 46.1120775], [20.2674214, 46.1123194], [20.2671051, 46.1122393], [20.2667427, 46.1119642], [20.2659671, 46.1112102], [20.2656632, 46.1109245], [20.2651173, 46.1101228], [20.2649819, 46.1098441], [20.2646368, 46.1094172], [20.2646371, 46.1090816], [20.264715, 46.1087653], [20.2648334, 46.1084786], [20.2650311, 46.1081886], [20.2653528, 46.1079814], [20.2661301, 46.1072447], [20.2670224, 46.1065791], [20.2674287, 46.1059053], [20.2678803, 46.1051493], [20.2684777, 46.1037227], [20.2691524, 46.1033972], [20.2699714, 46.1023822], [20.2717475, 46.1005172], [20.2721721, 46.0999816], [20.2725419, 46.0994457], [20.2731823, 46.0982792], [20.2752651, 46.0974436], [20.277694, 46.0964708], [20.2800892, 46.095507], [20.2824436, 46.0945658], [20.2847937, 46.0936234], [20.2871119, 46.0926936], [20.2895258, 46.0917258], [20.2920012, 46.0907346], [20.2944728, 46.0897459], [20.296948, 46.0887537], [20.2994881, 46.0877359], [20.3021368, 46.0866741], [20.3022673, 46.0866212], [20.3025869, 46.0852484], [20.3029982, 46.0835242], [20.3031334, 46.0831163], [20.3037303, 46.0822182], [20.3045872, 46.0809908], [20.3047834, 46.0809535], [20.3059342, 46.0792322], [20.307065, 46.0775651], [20.3082403, 46.0758606], [20.3099323, 46.0760495], [20.3106682, 46.0747592], [20.3112779, 46.0736402], [20.3092798, 46.0721018], [20.3219927, 46.0636056], [20.3287572, 46.0590471], [20.3292999, 46.0585942], [20.342204, 46.067415], [20.343821, 46.0656673], [20.3733979, 46.0667368], [20.3986909, 46.0696412], [20.3996747, 46.0690478], [20.403229, 46.0688439], [20.4023668, 46.0732302], [20.3992412, 46.083635], [20.3982592, 46.0883844], [20.3981256, 46.0884206], [20.3966216, 46.0930812], [20.3958551, 46.097589], [20.3976969, 46.107555], [20.4012107, 46.1170681], [20.4054809, 46.1277705], [20.4061087, 46.1287216], [20.4250688, 46.1220405], [20.4265269, 46.1250238], [20.4137542, 46.1277479], [20.4182862, 46.1377269], [20.4137712, 46.1386827], [20.4135894, 46.1388165], [20.4135816, 46.1390214], [20.417069, 46.1484387], [20.4131386, 46.1498711], [20.4099041, 46.1509668], [20.4042025, 46.1537136], [20.4026637, 46.1555302], [20.397457, 46.1574227], [20.3942908, 46.1525596], [20.3866254, 46.1552977], [20.3865967, 46.1553637], [20.3811406, 46.1579184], [20.3775748, 46.1577745], [20.3756101, 46.1566259], [20.3738808, 46.155667], [20.3734585, 46.1552785], [20.3732175, 46.1551381], [20.372443, 46.1548544], [20.3701356, 46.1536113], [20.3695148, 46.1528806], [20.3691608, 46.1531311], [20.3684481, 46.152932], [20.3662758, 46.1549252], [20.3556082, 46.1696739], [20.3126284, 46.1501723], [20.3091947, 46.1564748], [20.299132, 46.1519204], [20.2968418, 46.1522369], [20.283133, 46.141836], [20.2815687, 46.1402955], [20.2780445, 46.1361788], [20.2757361, 46.1338495], [20.2756325, 46.1337405], [20.2754808, 46.1335825], [20.2751688, 46.1335137], [20.2749142, 46.1334672], [20.2742602, 46.1333331], [20.2741099, 46.1334657], [20.2738674, 46.1336985], [20.2737396, 46.1335074], [20.273623, 46.1333303], [20.2735913, 46.1332828], [20.2735549, 46.1332289], [20.2735252, 46.1331802], [20.2733177, 46.1328697], [20.2729121, 46.1322582], [20.2728249, 46.1322954], [20.2727324, 46.1323391], [20.272188, 46.132591], [20.2717105, 46.1328075], [20.2716381, 46.1326346], [20.2715777, 46.1325092], [20.271406, 46.1321459], [20.2709203, 46.1299447], [20.2706668, 46.1284701], [20.2704109, 46.1276922], [20.2702189, 46.1272053], [20.2690672, 46.1272236], [20.2683025, 46.1271691], [20.267199, 46.1270126], [20.2650007, 46.1265251], [20.2642717, 46.1263651]]]]}}, {"id": "27", "type": "Feature", "properties": {"name": "S\u00e2nnicolau Mare", "judet": "TIMI\u0218", "admin_level": "8", "wikidata": "Q16898603", "place": "town", "osm_id": 10718405, "siruta": "155528", "siruta_score": null, "pop_total": 0, "gp_count": null, "nearest_school_m": 1692.1036587766043, "nearest_gp_m": null, "nearest_er_m": 58169.77536102135, "school_score": 90.11280487461993, "gp_score": null, "hospital_score": 0.0, "composite_score": 60.075203249746615, "partial_data": true, "_color_composite": "#e8c8b8", "_color_school": "#f5ecd9", "_color_gp": "#9a9a9a", "_color_hospital": "#3b0a0a", "_display_color": "#e8c8b8"}, "geometry": {"type": "MultiPolygon", "coordinates": [[[[20.5178751, 46.0711352], [20.5301214, 46.0598213], [20.5401539, 46.0412569], [20.542588, 46.0363047], [20.5410524, 46.0205021], [20.5386152, 45.9954723], [20.53381, 45.9871979], [20.5253502, 45.9871676], [20.5369885, 45.9761131], [20.5374113, 45.9763495], [20.5380625, 45.9779288], [20.5460046, 45.981713], [20.5751332, 45.9837185], [20.5772535, 45.9839559], [20.5776164, 45.9838768], [20.5780015, 45.9840781], [20.5920914, 45.9850029], [20.6124894, 45.9868756], [20.6087353, 45.9971339], [20.6245446, 45.999706], [20.6295438, 46.0003484], [20.6292527, 46.0051458], [20.6328798, 46.0033661], [20.656796, 46.0109538], [20.6605457, 46.0053772], [20.6837539, 46.0091215], [20.6873109, 46.0097902], [20.6910199, 46.0103448], [20.6928433, 46.0106183], [20.6894318, 46.0244546], [20.6853083, 46.0390146], [20.6869277, 46.0440591], [20.6859225, 46.0486746], [20.6841359, 46.0537457], [20.6834514, 46.0575192], [20.6828229, 46.0641506], [20.6829041, 46.0684652], [20.6805883, 46.0816274], [20.6806439, 46.0823788], [20.6804498, 46.0830447], [20.6806356, 46.0882054], [20.6799105, 46.0883135], [20.6772174, 46.0894793], [20.6648157, 46.0934364], [20.6553958, 46.0903232], [20.65133, 46.0892056], [20.649367, 46.0917878], [20.6487521, 46.0921297], [20.6475196, 46.0918283], [20.6465136, 46.0917029], [20.6446452, 46.0919268], [20.6442608, 46.0921251], [20.6438833, 46.0925897], [20.6435851, 46.093725], [20.6429687, 46.095003], [20.6431267, 46.0953816], [20.6442645, 46.0961314], [20.6445643, 46.0964766], [20.645234, 46.0978295], [20.6451833, 46.0980838], [20.6446426, 46.0981947], [20.6440205, 46.0978782], [20.6434749, 46.0977958], [20.64173, 46.0980562], [20.6407225, 46.0984728], [20.6392757, 46.099446], [20.6385409, 46.1004457], [20.6383975, 46.1016581], [20.6421094, 46.1047702], [20.6347428, 46.1239283], [20.6337545, 46.1252918], [20.6345741, 46.1270512], [20.6339177, 46.127417], [20.6318698, 46.1281748], [20.6307838, 46.1289217], [20.6299614, 46.1296605], [20.629157, 46.1301683], [20.6275813, 46.1311122], [20.6269836, 46.1314261], [20.6261452, 46.1324774], [20.6251999, 46.1336673], [20.6210804, 46.1367127], [20.6197661, 46.137497], [20.6177488, 46.1387072], [20.6165636, 46.1398685], [20.6162082, 46.140011], [20.614832, 46.1390769], [20.6143437, 46.1385454], [20.6132089, 46.1387987], [20.6118427, 46.1387138], [20.6089065, 46.1360006], [20.6090424, 46.1357619], [20.6089157, 46.1354189], [20.6076905, 46.1349927], [20.606999, 46.1344739], [20.6017755, 46.1288703], [20.6000126, 46.1243084], [20.6031843, 46.123013], [20.6135129, 46.116303], [20.6200181, 46.114163], [20.6134818, 46.102048], [20.6015576, 46.0973281], [20.6005231, 46.0977309], [20.5996769, 46.0976885], [20.5978783, 46.096004], [20.5971102, 46.0957203], [20.595843, 46.0957207], [20.5926072, 46.0951611], [20.5916601, 46.0946577], [20.5907326, 46.0943952], [20.59038, 46.0938167], [20.5897704, 46.0934874], [20.5891896, 46.0935732], [20.588502, 46.0942673], [20.5869571, 46.0948084], [20.5865372, 46.0955601], [20.5863214, 46.0957041], [20.5859758, 46.0958294], [20.5848709, 46.0957191], [20.5845975, 46.0957931], [20.5844701, 46.0959269], [20.5841805, 46.0976245], [20.5816728, 46.0988814], [20.5800981, 46.0983576], [20.5782022, 46.0981321], [20.5765381, 46.0972875], [20.574582, 46.0971518], [20.5732329, 46.0978602], [20.5730306, 46.0978464], [20.5701625, 46.0937325], [20.569877, 46.0936478], [20.5688722, 46.0939212], [20.5675425, 46.0932383], [20.5673036, 46.0932054], [20.5661885, 46.0940233], [20.5653646, 46.0941534], [20.5647081, 46.0940454], [20.5624925, 46.0923724], [20.561111, 46.0922186], [20.5608934, 46.0911059], [20.559616, 46.0909707], [20.558149, 46.0912084], [20.5574972, 46.0915692], [20.5566787, 46.0913163], [20.5560025, 46.0913559], [20.5551307, 46.0919232], [20.5528238, 46.0914996], [20.5505064, 46.0907135], [20.5495253, 46.0905525], [20.5488009, 46.0905574], [20.5480133, 46.0907554], [20.5472952, 46.0911549], [20.5458163, 46.0924511], [20.5454606, 46.0926096], [20.5445394, 46.092514], [20.5427943, 46.091676], [20.5422053, 46.0915967], [20.541585, 46.0917282], [20.5404089, 46.0922658], [20.5397299, 46.0922393], [20.5394646, 46.092103], [20.5389082, 46.0907922], [20.5360112, 46.0880502], [20.5358626, 46.0867991], [20.5353878, 46.0863914], [20.5316331, 46.085616], [20.530956, 46.0857512], [20.5300505, 46.0861031], [20.5290515, 46.0861119], [20.5284485, 46.086226], [20.5278568, 46.0865202], [20.5272218, 46.0871359], [20.526829, 46.0872044], [20.5257707, 46.0860314], [20.5243215, 46.0855435], [20.5230549, 46.0847604], [20.5231175, 46.0842001], [20.523335, 46.0840649], [20.5235183, 46.0837129], [20.5237117, 46.0829182], [20.5236542, 46.0823531], [20.5218162, 46.0800895], [20.5212643, 46.079159], [20.5202243, 46.0786972], [20.5203068, 46.0783153], [20.5198751, 46.0775242], [20.5197604, 46.0749317], [20.5192173, 46.0723277], [20.5190218, 46.0720993], [20.5181883, 46.0717328], [20.5178751, 46.0711352]]]]}}, {"id": "28", "type": "Feature", "properties": {"name": "Jimbolia", "judet": "TIMI\u0218", "admin_level": "8", "wikidata": "Q16898597", "place": "town", "osm_id": 10718532, "siruta": "155494", "siruta_score": null, "pop_total": 0, "gp_count": null, "nearest_school_m": 3100.6766945992, "nearest_gp_m": null, "nearest_er_m": 36742.5588380891, "school_score": 69.99033293429714, "gp_score": null, "hospital_score": 33.14360290477726, "composite_score": 57.70808959112384, "partial_data": true, "_color_composite": "#d99080", "_color_school": "#e8c8b8", "_color_gp": "#9a9a9a", "_color_hospital": "#b54545", "_display_color": "#d99080"}, "geometry": {"type": "MultiPolygon", "coordinates": [[[[20.6579348, 45.8245795], [20.6556452, 45.82041], [20.6509169, 45.8117981], [20.6550402, 45.807447], [20.6571769, 45.8081089], [20.6581246, 45.8054646], [20.6581624, 45.8053591], [20.6628372, 45.7941192], [20.6628376, 45.7941183], [20.6657828, 45.7946138], [20.6686297, 45.7950953], [20.6714531, 45.7955729], [20.6739908, 45.7960067], [20.6768594, 45.7965128], [20.6795276, 45.7969799], [20.6814301, 45.7973094], [20.6823756, 45.7953152], [20.6833377, 45.7933156], [20.6846419, 45.7906919], [20.6852186, 45.7895088], [20.6853945, 45.789166], [20.6863765, 45.7871685], [20.6873416, 45.785218], [20.6882948, 45.7832399], [20.6892433, 45.7812166], [20.6902024, 45.7793323], [20.6906374, 45.7783291], [20.6913523, 45.7762473], [20.6920756, 45.774209], [20.6927931, 45.7721469], [20.6934721, 45.7702058], [20.6940461, 45.768579], [20.6946024, 45.7669569], [20.6926348, 45.7666234], [20.6907059, 45.7662976], [20.6913965, 45.7643148], [20.6921183, 45.7621785], [20.6929267, 45.7598496], [20.6948319, 45.7601819], [20.696845, 45.7605119], [20.6975585, 45.7585383], [20.6982611, 45.75658], [20.6988944, 45.75482], [20.6992642, 45.7537921], [20.6996941, 45.7524862], [20.7002381, 45.7508274], [20.700651, 45.7505625], [20.7032744, 45.7511125], [20.7049109, 45.7511841], [20.7060125, 45.7508889], [20.7074959, 45.7513136], [20.7084205, 45.7509422], [20.7091565, 45.7504568], [20.7116853, 45.7507137], [20.7121929, 45.7509061], [20.7131565, 45.7496616], [20.7140072, 45.7489323], [20.7148254, 45.7494102], [20.716636, 45.7497568], [20.7181474, 45.7494002], [20.7179705, 45.7501456], [20.7179513, 45.7519785], [20.7194416, 45.751832], [20.7205953, 45.7523186], [20.7210019, 45.752894], [20.7235912, 45.7533153], [20.7252611, 45.7538504], [20.7256568, 45.7538652], [20.7266947, 45.753916], [20.7293954, 45.7549492], [20.7303799, 45.7545022], [20.7327287, 45.755344], [20.7327153, 45.7558782], [20.7348153, 45.7558899], [20.736871, 45.755802], [20.7388864, 45.7557327], [20.7409957, 45.7556609], [20.7430609, 45.7555909], [20.7447215, 45.7555419], [20.7509881, 45.7552416], [20.7567108, 45.7550692], [20.7675379, 45.7548152], [20.7740278, 45.7545197], [20.7747457, 45.7574057], [20.7759447, 45.7611957], [20.777151, 45.7652984], [20.7783942, 45.7693058], [20.779508, 45.7731898], [20.7808669, 45.7771702], [20.7821377, 45.7812678], [20.7835603, 45.7858804], [20.7911865, 45.7837982], [20.7968601, 45.7822489], [20.8015657, 45.7809523], [20.8076865, 45.7792788], [20.8136193, 45.7776588], [20.8189455, 45.7762066], [20.8230651, 45.7750927], [20.8233296, 45.7751965], [20.8235205, 45.7759915], [20.8287422, 45.7753403], [20.8289156, 45.7752096], [20.8311627, 45.7749466], [20.8332936, 45.7744771], [20.8334809, 45.7749059], [20.8330644, 45.7754162], [20.8291566, 45.7888284], [20.8286903, 45.7899531], [20.8285757, 45.7909386], [20.828667, 45.7909003], [20.8293534, 45.7908574], [20.8338152, 45.7904249], [20.8366643, 45.7927753], [20.8376717, 45.7936831], [20.8471859, 45.8019289], [20.8697739, 45.821334], [20.868456, 45.8221532], [20.8369605, 45.8415591], [20.836627, 45.8411667], [20.8364229, 45.8415302], [20.7738956, 45.8454804], [20.7531083, 45.8253232], [20.7319821, 45.8290711], [20.7192875, 45.8317763], [20.7041125, 45.8350095], [20.6928132, 45.8372797], [20.6911053, 45.8368088], [20.6791903, 45.8327689], [20.6712242, 45.8292927], [20.6579348, 45.8245795]]]]}}, {"id": "29", "type": "Feature", "properties": {"name": "S\u00e2npetru Mare", "judet": "TIMI\u0218", "admin_level": "8", "wikidata": null, "place": "municipality", "osm_id": 11321862, "siruta": "158733", "siruta_score": null, "pop_total": 0, "gp_count": null, "nearest_school_m": 3683.393802842128, "nearest_gp_m": null, "nearest_er_m": 48472.2188516741, "school_score": 61.66580281654103, "gp_score": null, "hospital_score": 3.81945287081475, "composite_score": 42.3836861679656, "partial_data": true, "_color_composite": "#d99080", "_color_school": "#e8c8b8", "_color_gp": "#9a9a9a", "_color_hospital": "#7a1a1a", "_display_color": "#d99080"}, "geometry": {"type": "MultiPolygon", "coordinates": [[[[20.6912251, 46.1495198], [20.6940681, 46.1468392], [20.6949772, 46.1476229], [20.6951567, 46.1478825], [20.6951289, 46.1481565], [20.6958974, 46.1486315], [20.6959609, 46.1488911], [20.6965147, 46.1491189], [20.6965192, 46.1493919], [20.6975037, 46.1500694], [20.6978255, 46.1501128], [20.6978976, 46.1496838], [20.7010713, 46.1510953], [20.7038125, 46.1514262], [20.705014, 46.1512567], [20.7068681, 46.1506441], [20.7089973, 46.1495824], [20.7096741, 46.1494005], [20.710334, 46.1486155], [20.7138599, 46.1468467], [20.7384744, 46.1063674], [20.7433395, 46.1072382], [20.7435304, 46.1071827], [20.7441696, 46.1072953], [20.7472267, 46.1021392], [20.7432055, 46.101378], [20.7417009, 46.1013219], [20.753719, 46.0916798], [20.7646459, 46.0831302], [20.7683119, 46.0800486], [20.7686946, 46.0784835], [20.7702146, 46.0779806], [20.7702554, 46.0776105], [20.7737479, 46.0732561], [20.7732682, 46.0722762], [20.7751255, 46.0699431], [20.7755025, 46.0697399], [20.7700483, 46.0536847], [20.7674157, 46.0466382], [20.7674989, 46.046168], [20.7660259, 46.0423889], [20.7563021, 46.0137235], [20.7484194, 46.0067917], [20.748195, 46.006495], [20.748583, 46.0048968], [20.7498476, 45.9984662], [20.7535566, 45.9964504], [20.754236, 45.9961977], [20.7611174, 45.9926749], [20.7616843, 45.9924875], [20.7696603, 45.9884118], [20.7708826, 45.9876933], [20.7743135, 45.9861185], [20.7903236, 45.9780743], [20.7952186, 45.9815437], [20.7960844, 45.9821687], [20.8005977, 45.9855062], [20.8343858, 46.0091615], [20.8350541, 46.0098467], [20.8426426, 46.0152173], [20.843316, 46.0161535], [20.8434614, 46.0161253], [20.8441105, 46.0205002], [20.8441184, 46.0211856], [20.8463834, 46.0360935], [20.8469876, 46.0371618], [20.8477861, 46.0378228], [20.8485976, 46.0381113], [20.846689, 46.0379694], [20.8477426, 46.0447795], [20.8417506, 46.0450108], [20.8424086, 46.0513171], [20.8430153, 46.0516084], [20.844225, 46.0518544], [20.8439908, 46.0598991], [20.8429304, 46.0643694], [20.8429806, 46.0745347], [20.8479209, 46.0745145], [20.8469829, 46.0807032], [20.8533069, 46.0833394], [20.8574384, 46.0829504], [20.8577393, 46.0829895], [20.8602325, 46.0826993], [20.8605877, 46.0835014], [20.8601929, 46.083769], [20.8618123, 46.0872418], [20.8613026, 46.0882967], [20.8597712, 46.089313], [20.8570845, 46.0897511], [20.853279, 46.0902674], [20.85012, 46.090152], [20.8469834, 46.0897397], [20.8430019, 46.0891773], [20.8394027, 46.0892246], [20.8375741, 46.0896344], [20.8326225, 46.0905854], [20.8294775, 46.0925554], [20.8264086, 46.0946474], [20.8246067, 46.0958325], [20.821169, 46.0982684], [20.8168097, 46.1004323], [20.8122117, 46.1023493], [20.8086788, 46.103769], [20.8055501, 46.1055013], [20.8029561, 46.1080871], [20.8017779, 46.1100694], [20.8016337, 46.1119703], [20.8014714, 46.1141088], [20.8011157, 46.116538], [20.7995731, 46.1188048], [20.7984263, 46.1203712], [20.7971984, 46.1218751], [20.7955301, 46.1224099], [20.793003, 46.1229728], [20.7898823, 46.1234545], [20.7856648, 46.1237157], [20.7825036, 46.12473], [20.7803267, 46.126317], [20.7784732, 46.1281543], [20.7778382, 46.1297391], [20.7774137, 46.1319274], [20.7772237, 46.1332904], [20.7768391, 46.1360758], [20.7769795, 46.1386349], [20.7768841, 46.1391828], [20.7762249, 46.140987], [20.7754854, 46.1421365], [20.7741141, 46.1436382], [20.7727412, 46.144547], [20.7680593, 46.1461119], [20.7644915, 46.1470842], [20.7626804, 46.1465644], [20.7614219, 46.1463186], [20.7599678, 46.1463587], [20.7576071, 46.1468867], [20.7549129, 46.147004], [20.7515484, 46.1470239], [20.7462329, 46.1480031], [20.7447581, 46.1478577], [20.7413115, 46.1470048], [20.7378638, 46.1467496], [20.7350356, 46.1459018], [20.731285, 46.1451825], [20.7295174, 46.1451165], [20.7277591, 46.145268], [20.7248313, 46.1460458], [20.7200862, 46.147884], [20.7186195, 46.1486438], [20.7175234, 46.1503409], [20.7170025, 46.1516793], [20.7175372, 46.1538845], [20.7176063, 46.1566935], [20.7174971, 46.1581016], [20.7172191, 46.1589964], [20.7162004, 46.1600265], [20.7144912, 46.1607541], [20.7128173, 46.1608181], [20.7117205, 46.1611753], [20.7108134, 46.161775], [20.7095674, 46.162036], [20.7079785, 46.1620126], [20.7053121, 46.161356], [20.7050369, 46.1612869], [20.7043054, 46.1613805], [20.7020266, 46.1608985], [20.7005842, 46.1605559], [20.6986713, 46.1600417], [20.698104, 46.1599794], [20.6972605, 46.1598522], [20.6960665, 46.1592414], [20.6957194, 46.1590445], [20.694897, 46.1586539], [20.6936089, 46.1570049], [20.6935759, 46.1562665], [20.6934792, 46.1549547], [20.6932589, 46.1542837], [20.6928879, 46.1531703], [20.6927278, 46.1515854], [20.692203, 46.1509005], [20.6912251, 46.1495198]]]]}}, {"id": "30", "type": "Feature", "properties": {"name": "Pesac", "judet": "TIMI\u0218", "admin_level": "8", "wikidata": null, "place": "municipality", "osm_id": 11321863, "siruta": "159507", "siruta_score": null, "pop_total": 0, "gp_count": null, "nearest_school_m": 2807.98868358586, "nearest_gp_m": null, "nearest_er_m": 38146.4456915953, "school_score": 74.17159023448771, "gp_score": null, "hospital_score": 29.633885771011755, "composite_score": 59.3256887466624, "partial_data": true, "_color_composite": "#d99080", "_color_school": "#e8c8b8", "_color_gp": "#9a9a9a", "_color_hospital": "#b54545", "_display_color": "#d99080"}, "geometry": {"type": "MultiPolygon", "coordinates": [[[[20.7960844, 45.9821687], [20.8011408, 45.9788204], [20.8164263, 45.9683381], [20.8193424, 45.9686886], [20.8200051, 45.9686753], [20.8206095, 45.9684956], [20.822253, 45.9673862], [20.8222171, 45.9671487], [20.8246072, 45.9654632], [20.8212465, 45.9629269], [20.8222584, 45.9621318], [20.8216413, 45.9624691], [20.8202132, 45.9628629], [20.8203588, 45.951744], [20.8203588, 45.9517439], [20.841084, 45.9391232], [20.8414268, 45.9389097], [20.8481616, 45.9441908], [20.8507238, 45.9425125], [20.8542273, 45.9452153], [20.860924, 45.9405636], [20.8630584, 45.9397662], [20.8650349, 45.9409668], [20.8660322, 45.9413375], [20.8781142, 45.9437086], [20.88813, 45.9580487], [20.8930037, 45.9653317], [20.8933042, 45.9658918], [20.8855921, 45.9752662], [20.8851509, 45.9756609], [20.8631402, 45.9923743], [20.8447957, 46.006293], [20.8424031, 46.0082429], [20.8434614, 46.0161253], [20.843316, 46.0161535], [20.8426426, 46.0152173], [20.8350541, 46.0098467], [20.8343858, 46.0091615], [20.8005977, 45.9855062], [20.7960844, 45.9821687]]]]}}, {"id": "31", "type": "Feature", "properties": {"name": "\u0218andra", "judet": "TIMI\u0218", "admin_level": "8", "wikidata": null, "place": "municipality", "osm_id": 11321864, "siruta": "159464", "siruta_score": null, "pop_total": 0, "gp_count": null, "nearest_school_m": 660.5327647321346, "nearest_gp_m": null, "nearest_er_m": 31526.396754304464, "school_score": 100.0, "gp_score": null, "hospital_score": 46.18400811423884, "composite_score": 82.06133603807959, "partial_data": true, "_color_composite": "#f5ecd9", "_color_school": "#f5ecd9", "_color_gp": "#9a9a9a", "_color_hospital": "#d99080", "_display_color": "#f5ecd9"}, "geometry": {"type": "MultiPolygon", "coordinates": [[[[20.8414268, 45.9389097], [20.8420632, 45.9338997], [20.843053, 45.9305385], [20.8429684, 45.9304437], [20.8438388, 45.9277729], [20.8440486, 45.927686], [20.8438796, 45.9275463], [20.8447378, 45.9243382], [20.8558552, 45.8847073], [20.8558837, 45.8844439], [20.8808175, 45.8893874], [20.8844701, 45.8901379], [20.8845544, 45.8901608], [20.8840198, 45.8910012], [20.9067075, 45.8973906], [20.912146, 45.8878668], [20.9151736, 45.8899319], [20.9314622, 45.9002171], [20.9348082, 45.9021781], [20.9350666, 45.9023153], [20.935165, 45.9022666], [20.9360495, 45.9027905], [20.9356428, 45.9030948], [20.9433013, 45.9072683], [20.9436059, 45.9073107], [20.9443064, 45.907198], [20.9523926, 45.9119674], [20.9590125, 45.9154829], [20.9582481, 45.9410232], [20.9582115, 45.9423129], [20.9492778, 45.9447275], [20.9112203, 45.9551987], [20.8933042, 45.9658918], [20.8930037, 45.9653317], [20.88813, 45.9580487], [20.8781142, 45.9437086], [20.8660322, 45.9413375], [20.8650349, 45.9409668], [20.8630584, 45.9397662], [20.860924, 45.9405636], [20.8542273, 45.9452153], [20.8507238, 45.9425125], [20.8481616, 45.9441908], [20.8414268, 45.9389097]]]]}}, {"id": "32", "type": "Feature", "properties": {"name": "Iecea Mare", "judet": "TIMI\u0218", "admin_level": "8", "wikidata": null, "place": "municipality", "osm_id": 11321865, "siruta": "159428", "siruta_score": null, "pop_total": 0, "gp_count": null, "nearest_school_m": 621.7677916192137, "nearest_gp_m": null, "nearest_er_m": 28556.94119974738, "school_score": 100.0, "gp_score": null, "hospital_score": 53.60764700063155, "composite_score": 84.53588233354384, "partial_data": true, "_color_composite": "#f5ecd9", "_color_school": "#f5ecd9", "_color_gp": "#9a9a9a", "_color_hospital": "#d99080", "_display_color": "#f5ecd9"}, "geometry": {"type": "MultiPolygon", "coordinates": [[[[20.8369605, 45.8415591], [20.868456, 45.8221532], [20.8697739, 45.821334], [20.8698534, 45.8213887], [20.8754422, 45.8181894], [20.8814183, 45.8149696], [20.8907443, 45.8230736], [20.8941413, 45.8258826], [20.9019806, 45.8310416], [20.9053511, 45.8330892], [20.9163742, 45.8406295], [20.9196855, 45.83976], [20.9215382, 45.8430543], [20.9255025, 45.8419299], [20.9321664, 45.8402535], [20.9374514, 45.8496391], [20.9381841, 45.8509402], [20.9383647, 45.8511791], [20.9406712, 45.8548684], [20.9405792, 45.8548966], [20.9403673, 45.8545937], [20.9360389, 45.8579583], [20.9296637, 45.8625246], [20.9206627, 45.8692677], [20.9178972, 45.8680169], [20.916834, 45.8688407], [20.916234, 45.8691218], [20.8994495, 45.8741666], [20.8944263, 45.8731642], [20.8844701, 45.8901379], [20.8808175, 45.8893874], [20.8558837, 45.8844439], [20.8557787, 45.884455], [20.8573478, 45.8792292], [20.8554544, 45.8789099], [20.8583113, 45.8760239], [20.8604073, 45.8662531], [20.857361, 45.8655818], [20.8520903, 45.8577892], [20.852099, 45.8573603], [20.8517057, 45.8569618], [20.8488939, 45.8561027], [20.8390722, 45.8438627], [20.8374032, 45.8419076], [20.8369605, 45.8415591]]]]}}, {"id": "33", "type": "Feature", "properties": {"name": "Lenauheim", "judet": "TIMI\u0218", "admin_level": "8", "wikidata": null, "place": "municipality", "osm_id": 11321866, "siruta": "157451", "siruta_score": null, "pop_total": 0, "gp_count": null, "nearest_school_m": 1845.334877054428, "nearest_gp_m": null, "nearest_er_m": 37350.33820068318, "school_score": 87.92378747065102, "gp_score": null, "hospital_score": 31.624154498292047, "composite_score": 69.15724314653136, "partial_data": true, "_color_composite": "#e8c8b8", "_color_school": "#f5ecd9", "_color_gp": "#9a9a9a", "_color_hospital": "#b54545", "_display_color": "#e8c8b8"}, "geometry": {"type": "MultiPolygon", "coordinates": [[[[20.692213, 45.902442], [20.6923753, 45.9020163], [20.694876, 45.8953717], [20.6949624, 45.8951944], [20.6957173, 45.8946374], [20.6955988, 45.8935776], [20.6992472, 45.8845937], [20.7012129, 45.8792507], [20.7059151, 45.8674168], [20.7192875, 45.8317763], [20.7319821, 45.8290711], [20.7531083, 45.8253232], [20.7738956, 45.8454804], [20.8364229, 45.8415302], [20.836627, 45.8411667], [20.8369605, 45.8415591], [20.8374032, 45.8419076], [20.8390722, 45.8438627], [20.8488939, 45.8561027], [20.8517057, 45.8569618], [20.852099, 45.8573603], [20.8520903, 45.8577892], [20.857361, 45.8655818], [20.8604073, 45.8662531], [20.8583113, 45.8760239], [20.8554544, 45.8789099], [20.8573478, 45.8792292], [20.8557787, 45.884455], [20.8558837, 45.8844439], [20.8558552, 45.8847073], [20.8447378, 45.9243382], [20.8438796, 45.9275463], [20.8440486, 45.927686], [20.8438388, 45.9277729], [20.8429684, 45.9304437], [20.843053, 45.9305385], [20.8420632, 45.9338997], [20.8414268, 45.9389097], [20.841084, 45.9391232], [20.8203588, 45.9517439], [20.8203716, 45.9511471], [20.8205465, 45.9430591], [20.795221, 45.9384287], [20.793596, 45.9382604], [20.7935872, 45.9381656], [20.7892973, 45.9372837], [20.779715, 45.9355002], [20.7670603, 45.9327949], [20.7670741, 45.9327176], [20.7579204, 45.9335948], [20.7579355, 45.9335513], [20.7585536, 45.9317707], [20.7610523, 45.9246812], [20.7663371, 45.9239641], [20.7633125, 45.9182735], [20.7623984, 45.9150174], [20.7197997, 45.9073122], [20.692213, 45.902442]]]]}}, {"id": "34", "type": "Feature", "properties": {"name": "Lovrin", "judet": "TIMI\u0218", "admin_level": "8", "wikidata": null, "place": "municipality", "osm_id": 11321867, "siruta": "157530", "siruta_score": null, "pop_total": 0, "gp_count": null, "nearest_school_m": 889.612823530952, "nearest_gp_m": null, "nearest_er_m": 42613.775066089474, "school_score": 100.0, "gp_score": null, "hospital_score": 18.465562334776315, "composite_score": 72.82185411159209, "partial_data": true, "_color_composite": "#e8c8b8", "_color_school": "#f5ecd9", "_color_gp": "#9a9a9a", "_color_hospital": "#7a1a1a", "_display_color": "#e8c8b8"}, "geometry": {"type": "MultiPolygon", "coordinates": [[[[20.7161965, 45.9770488], [20.71632, 45.9764918], [20.7167191, 45.975942], [20.7157505, 45.9644784], [20.7207261, 45.9516219], [20.7199299, 45.9512496], [20.7229378, 45.9436545], [20.7236385, 45.9440079], [20.7267257, 45.9359662], [20.7573344, 45.9335935], [20.7579355, 45.9335513], [20.7579204, 45.9335948], [20.7670741, 45.9327176], [20.7670603, 45.9327949], [20.779715, 45.9355002], [20.7892973, 45.9372837], [20.7935872, 45.9381656], [20.793596, 45.9382604], [20.795221, 45.9384287], [20.8205465, 45.9430591], [20.8203716, 45.9511471], [20.8203588, 45.9517439], [20.8203588, 45.951744], [20.8202132, 45.9628629], [20.8216413, 45.9624691], [20.8222584, 45.9621318], [20.8212465, 45.9629269], [20.8246072, 45.9654632], [20.8222171, 45.9671487], [20.822253, 45.9673862], [20.8206095, 45.9684956], [20.8200051, 45.9686753], [20.8193424, 45.9686886], [20.8164263, 45.9683381], [20.8011408, 45.9788204], [20.7960844, 45.9821687], [20.7952186, 45.9815437], [20.7903236, 45.9780743], [20.7743135, 45.9861185], [20.7708826, 45.9876933], [20.7696603, 45.9884118], [20.7616843, 45.9924875], [20.7611174, 45.9926749], [20.754236, 45.9961977], [20.7535566, 45.9964504], [20.7498476, 45.9984662], [20.748583, 46.0048968], [20.7479677, 46.0048613], [20.7424208, 46.0045397], [20.7432148, 46.0018871], [20.7440118, 45.9991376], [20.7442912, 45.9989757], [20.7481467, 45.9947356], [20.7487063, 45.9939241], [20.7181513, 45.9874324], [20.718034, 45.9827203], [20.7170959, 45.9782286], [20.7166617, 45.9772565], [20.7161965, 45.9770488]]]]}}, {"id": "35", "type": "Feature", "properties": {"name": "Saravale", "judet": "TIMI\u0218", "admin_level": "8", "wikidata": null, "place": "municipality", "osm_id": 11321868, "siruta": "159455", "siruta_score": null, "pop_total": 0, "gp_count": null, "nearest_school_m": 2704.856012858457, "nearest_gp_m": null, "nearest_er_m": 54025.73694047911, "school_score": 75.64491410202206, "gp_score": null, "hospital_score": 0.0, "composite_score": 50.42994273468136, "partial_data": true, "_color_composite": "#d99080", "_color_school": "#e8c8b8", "_color_gp": "#9a9a9a", "_color_hospital": "#3b0a0a", "_display_color": "#d99080"}, "geometry": {"type": "MultiPolygon", "coordinates": [[[[20.6345741, 46.1270512], [20.6337545, 46.1252918], [20.6347428, 46.1239283], [20.6421094, 46.1047702], [20.6383975, 46.1016581], [20.6385409, 46.1004457], [20.6392757, 46.099446], [20.6407225, 46.0984728], [20.64173, 46.0980562], [20.6434749, 46.0977958], [20.6440205, 46.0978782], [20.6446426, 46.0981947], [20.6451833, 46.0980838], [20.645234, 46.0978295], [20.6445643, 46.0964766], [20.6442645, 46.0961314], [20.6431267, 46.0953816], [20.6429687, 46.095003], [20.6435851, 46.093725], [20.6438833, 46.0925897], [20.6442608, 46.0921251], [20.6446452, 46.0919268], [20.6465136, 46.0917029], [20.6475196, 46.0918283], [20.6487521, 46.0921297], [20.649367, 46.0917878], [20.65133, 46.0892056], [20.6553958, 46.0903232], [20.6648157, 46.0934364], [20.6772174, 46.0894793], [20.6799105, 46.0883135], [20.6806356, 46.0882054], [20.6804498, 46.0830447], [20.6806439, 46.0823788], [20.6805883, 46.0816274], [20.6829041, 46.0684652], [20.6828229, 46.0641506], [20.6834514, 46.0575192], [20.6841359, 46.0537457], [20.6859225, 46.0486746], [20.6869277, 46.0440591], [20.6853083, 46.0390146], [20.6894318, 46.0244546], [20.6928433, 46.0106183], [20.6910199, 46.0103448], [20.6935836, 46.0076033], [20.7056148, 46.0144614], [20.7066037, 46.0160469], [20.7110415, 46.0138395], [20.7112338, 46.0134746], [20.7132969, 46.0137723], [20.7135847, 46.0129022], [20.7182949, 46.0119777], [20.7195057, 46.0031628], [20.736969, 46.0042125], [20.7424208, 46.0045397], [20.7479677, 46.0048613], [20.748583, 46.0048968], [20.748195, 46.006495], [20.7484194, 46.0067917], [20.7563021, 46.0137235], [20.7660259, 46.0423889], [20.7674989, 46.046168], [20.7674157, 46.0466382], [20.7700483, 46.0536847], [20.7755025, 46.0697399], [20.7751255, 46.0699431], [20.7732682, 46.0722762], [20.7737479, 46.0732561], [20.7702554, 46.0776105], [20.7702146, 46.0779806], [20.7686946, 46.0784835], [20.7683119, 46.0800486], [20.7646459, 46.0831302], [20.753719, 46.0916798], [20.7417009, 46.1013219], [20.7432055, 46.101378], [20.7472267, 46.1021392], [20.7441696, 46.1072953], [20.7435304, 46.1071827], [20.7433395, 46.1072382], [20.7384744, 46.1063674], [20.7138599, 46.1468467], [20.710334, 46.1486155], [20.7096741, 46.1494005], [20.7089973, 46.1495824], [20.7068681, 46.1506441], [20.705014, 46.1512567], [20.7038125, 46.1514262], [20.7010713, 46.1510953], [20.6978976, 46.1496838], [20.6978255, 46.1501128], [20.6975037, 46.1500694], [20.6965192, 46.1493919], [20.6965147, 46.1491189], [20.6959609, 46.1488911], [20.6958974, 46.1486315], [20.6951289, 46.1481565], [20.6951567, 46.1478825], [20.6949772, 46.1476229], [20.6940681, 46.1468392], [20.6912251, 46.1495198], [20.6890172, 46.1481418], [20.6884522, 46.1473693], [20.6875499, 46.1460642], [20.6870367, 46.1455707], [20.6855742, 46.1453563], [20.6841185, 46.144803], [20.6837972, 46.1446727], [20.6825143, 46.144722], [20.6814811, 46.1447617], [20.6790403, 46.1453266], [20.6778232, 46.1456082], [20.6759207, 46.1460885], [20.6738441, 46.1472042], [20.6728708, 46.1490227], [20.6714804, 46.149786], [20.670757, 46.1499286], [20.669782, 46.1499736], [20.6689209, 46.1500134], [20.6685514, 46.1500191], [20.6671798, 46.1502721], [20.665452, 46.1505583], [20.6636582, 46.1509939], [20.6633692, 46.1509658], [20.6626333, 46.1508942], [20.6615201, 46.15079], [20.6606992, 46.1507311], [20.6593022, 46.150613], [20.6572885, 46.1501191], [20.6543473, 46.1489961], [20.6537645, 46.1487742], [20.6526402, 46.1479877], [20.651518, 46.146426], [20.6512633, 46.1460715], [20.6497846, 46.1449428], [20.649438, 46.1441435], [20.6495473, 46.1417845], [20.649119, 46.1400984], [20.6492441, 46.1395644], [20.6496534, 46.1378022], [20.6497192, 46.1364868], [20.649599, 46.1355353], [20.6495611, 46.1352098], [20.6492213, 46.1346695], [20.6481825, 46.1338295], [20.6472369, 46.1330584], [20.6463439, 46.1319066], [20.6449048, 46.130905], [20.6441133, 46.1299652], [20.6424424, 46.1289765], [20.6405619, 46.1272087], [20.6399142, 46.126973], [20.6392272, 46.1267305], [20.6377484, 46.1266083], [20.6360414, 46.1264584], [20.6351001, 46.126838], [20.6345741, 46.1270512]]]]}}, {"id": "36", "type": "Feature", "properties": {"name": "Tomnatic", "judet": "TIMI\u0218", "admin_level": "8", "wikidata": null, "place": "municipality", "osm_id": 11321869, "siruta": "159473", "siruta_score": null, "pop_total": 0, "gp_count": null, "nearest_school_m": 669.1811568108617, "nearest_gp_m": null, "nearest_er_m": 50329.26632184262, "school_score": 100.0, "gp_score": null, "hospital_score": 0.0, "composite_score": 66.66666666666666, "partial_data": true, "_color_composite": "#e8c8b8", "_color_school": "#f5ecd9", "_color_gp": "#9a9a9a", "_color_hospital": "#3b0a0a", "_display_color": "#e8c8b8"}, "geometry": {"type": "MultiPolygon", "coordinates": [[[[20.6124894, 45.9868756], [20.6238367, 45.9551282], [20.6254617, 45.9553468], [20.6260511, 45.9554254], [20.6340999, 45.9564454], [20.634052, 45.9589989], [20.6703674, 45.9618579], [20.6700664, 45.962397], [20.6681327, 45.9683973], [20.7021591, 45.9745688], [20.7059361, 45.9751731], [20.714807, 45.9768048], [20.7161965, 45.9770488], [20.7166617, 45.9772565], [20.7170959, 45.9782286], [20.718034, 45.9827203], [20.7181513, 45.9874324], [20.7487063, 45.9939241], [20.7481467, 45.9947356], [20.7442912, 45.9989757], [20.7440118, 45.9991376], [20.7432148, 46.0018871], [20.7424208, 46.0045397], [20.736969, 46.0042125], [20.7195057, 46.0031628], [20.7182949, 46.0119777], [20.7135847, 46.0129022], [20.7132969, 46.0137723], [20.7112338, 46.0134746], [20.7110415, 46.0138395], [20.7066037, 46.0160469], [20.7056148, 46.0144614], [20.6935836, 46.0076033], [20.6910199, 46.0103448], [20.6873109, 46.0097902], [20.6837539, 46.0091215], [20.6605457, 46.0053772], [20.656796, 46.0109538], [20.6328798, 46.0033661], [20.6292527, 46.0051458], [20.6295438, 46.0003484], [20.6245446, 45.999706], [20.6087353, 45.9971339], [20.6124894, 45.9868756]]]]}}, {"id": "37", "type": "Feature", "properties": {"name": "Gottlob", "judet": "TIMI\u0218", "admin_level": "8", "wikidata": null, "place": "municipality", "osm_id": 11321870, "siruta": "159419", "siruta_score": null, "pop_total": 0, "gp_count": null, "nearest_school_m": 1056.2683333640134, "nearest_gp_m": null, "nearest_er_m": 45994.39302852193, "school_score": 99.19616666622838, "gp_score": null, "hospital_score": 10.014017428695166, "composite_score": 69.46878358705062, "partial_data": true, "_color_composite": "#e8c8b8", "_color_school": "#f5ecd9", "_color_gp": "#9a9a9a", "_color_hospital": "#7a1a1a", "_display_color": "#e8c8b8"}, "geometry": {"type": "MultiPolygon", "coordinates": [[[[20.6176187, 45.9453778], [20.6340938, 45.9471825], [20.6341106, 45.9439092], [20.6442924, 45.9460952], [20.6446162, 45.9455604], [20.6409474, 45.9422764], [20.6417456, 45.9351144], [20.6403511, 45.9327564], [20.6387969, 45.9326492], [20.637033, 45.9313355], [20.6359878, 45.9299969], [20.6359166, 45.92956], [20.6345483, 45.9286774], [20.6341619, 45.9286503], [20.6341761, 45.9250286], [20.6384598, 45.9287814], [20.6539041, 45.9317654], [20.6572424, 45.9265212], [20.6772781, 45.930162], [20.6811712, 45.9308325], [20.6813889, 45.9307595], [20.6917189, 45.9037379], [20.692213, 45.902442], [20.7197997, 45.9073122], [20.7623984, 45.9150174], [20.7633125, 45.9182735], [20.7663371, 45.9239641], [20.7610523, 45.9246812], [20.7585536, 45.9317707], [20.7579355, 45.9335513], [20.7573344, 45.9335935], [20.7267257, 45.9359662], [20.7236385, 45.9440079], [20.7229378, 45.9436545], [20.7199299, 45.9512496], [20.7207261, 45.9516219], [20.7157505, 45.9644784], [20.7167191, 45.975942], [20.71632, 45.9764918], [20.7161965, 45.9770488], [20.714807, 45.9768048], [20.7059361, 45.9751731], [20.7021591, 45.9745688], [20.6681327, 45.9683973], [20.6700664, 45.962397], [20.6703674, 45.9618579], [20.634052, 45.9589989], [20.6340999, 45.9564454], [20.6260511, 45.9554254], [20.6268563, 45.95407], [20.6278555, 45.9528605], [20.6280294, 45.952234], [20.6162936, 45.9509144], [20.617062, 45.947727], [20.6176187, 45.9453778]]]]}}, {"id": "38", "type": "Feature", "properties": {"name": "Comlo\u0219u Mare", "judet": "TIMI\u0218", "admin_level": "8", "wikidata": null, "place": "municipality", "osm_id": 11321871, "siruta": "156437", "siruta_score": null, "pop_total": 0, "gp_count": null, "nearest_school_m": 1427.5261007444003, "nearest_gp_m": null, "nearest_er_m": 47685.26715740882, "school_score": 93.89248427508, "gp_score": null, "hospital_score": 5.7868321064779416, "composite_score": 64.52393355221265, "partial_data": true, "_color_composite": "#e8c8b8", "_color_school": "#f5ecd9", "_color_gp": "#9a9a9a", "_color_hospital": "#7a1a1a", "_display_color": "#e8c8b8"}, "geometry": {"type": "MultiPolygon", "coordinates": [[[[20.5542832, 45.9073597], [20.5576409, 45.9079842], [20.5600959, 45.9084333], [20.5626938, 45.9089186], [20.5654123, 45.90942], [20.567364, 45.9097849], [20.5693028, 45.910146], [20.5699685, 45.9083539], [20.5706864, 45.9064151], [20.571366, 45.9045777], [20.5720775, 45.9026776], [20.5727886, 45.9007725], [20.5734524, 45.8989862], [20.5741495, 45.8970964], [20.5748079, 45.8953156], [20.5755276, 45.8933653], [20.5761975, 45.8915792], [20.5769454, 45.8895551], [20.5775286, 45.8880671], [20.5781506, 45.8864768], [20.5787405, 45.8849659], [20.5766454, 45.8845039], [20.5766751, 45.8844486], [20.5745939, 45.8839911], [20.575097, 45.882918], [20.5756532, 45.8817246], [20.5761956, 45.8805546], [20.5767689, 45.8793294], [20.5752137, 45.8787643], [20.5759225, 45.8777679], [20.5759826, 45.877683], [20.576033, 45.8776118], [20.5768101, 45.8766129], [20.5779199, 45.8768337], [20.5791419, 45.8742536], [20.5805344, 45.871306], [20.5814614, 45.8693682], [20.5841737, 45.8698554], [20.5872361, 45.8704068], [20.5901295, 45.8709299], [20.5944321, 45.8717106], [20.5953238, 45.8699586], [20.5961081, 45.8684143], [20.5968163, 45.866713], [20.5974896, 45.8650911], [20.5981287, 45.863551], [20.5988895, 45.8617168], [20.6115437, 45.8640673], [20.6293463, 45.8512875], [20.641969, 45.8424872], [20.6484652, 45.8378812], [20.6606158, 45.8291853], [20.6579348, 45.8245795], [20.6712242, 45.8292927], [20.6791903, 45.8327689], [20.6911053, 45.8368088], [20.6928132, 45.8372797], [20.7041125, 45.8350095], [20.7192875, 45.8317763], [20.7059151, 45.8674168], [20.7012129, 45.8792507], [20.6992472, 45.8845937], [20.6955988, 45.8935776], [20.6957173, 45.8946374], [20.6949624, 45.8951944], [20.694876, 45.8953717], [20.6923753, 45.9020163], [20.692213, 45.902442], [20.6917189, 45.9037379], [20.6813889, 45.9307595], [20.6811712, 45.9308325], [20.6772781, 45.930162], [20.6572424, 45.9265212], [20.6539041, 45.9317654], [20.6384598, 45.9287814], [20.6341761, 45.9250286], [20.6341619, 45.9286503], [20.6345483, 45.9286774], [20.6359166, 45.92956], [20.6359878, 45.9299969], [20.637033, 45.9313355], [20.6387969, 45.9326492], [20.6403511, 45.9327564], [20.6417456, 45.9351144], [20.6409474, 45.9422764], [20.6446162, 45.9455604], [20.6442924, 45.9460952], [20.6341106, 45.9439092], [20.6340938, 45.9471825], [20.6176187, 45.9453778], [20.6166683, 45.9452745], [20.5921642, 45.9425049], [20.5762719, 45.9405731], [20.5889266, 45.9312239], [20.592611, 45.9202114], [20.5705922, 45.9161201], [20.5672092, 45.9176156], [20.5662286, 45.9178981], [20.566192, 45.9179944], [20.5611387, 45.9201691], [20.5592926, 45.9170131], [20.5542832, 45.9073597]]]]}}, {"id": "39", "type": "Feature", "properties": {"name": "Banloc", "judet": "TIMI\u0218", "admin_level": "8", "wikidata": null, "place": "municipality", "osm_id": 11321988, "siruta": "155591", "siruta_score": null, "pop_total": 0, "gp_count": null, "nearest_school_m": 2379.504985170452, "nearest_gp_m": null, "nearest_er_m": 43101.93572942876, "school_score": 80.29278592613639, "gp_score": null, "hospital_score": 17.2451606764281, "composite_score": 59.276910842900286, "partial_data": true, "_color_composite": "#d99080", "_color_school": "#f5ecd9", "_color_gp": "#9a9a9a", "_color_hospital": "#7a1a1a", "_display_color": "#d99080"}, "geometry": {"type": "MultiPolygon", "coordinates": [[[[21.0206445, 45.3250652], [21.0233062, 45.3253494], [21.025505, 45.3255924], [21.0277068, 45.3258289], [21.0297172, 45.3260719], [21.0328807, 45.3265996], [21.0356296, 45.3270944], [21.0384816, 45.3275839], [21.0409579, 45.3280235], [21.0434504, 45.3284689], [21.045971, 45.3289081], [21.0484159, 45.3293412], [21.0509208, 45.3297499], [21.0534001, 45.3301978], [21.0558946, 45.3306224], [21.0583701, 45.3310489], [21.060865, 45.3314897], [21.063374, 45.3319298], [21.0634718, 45.3316489], [21.0634482, 45.3309268], [21.0630615, 45.3284406], [21.0627973, 45.3266346], [21.062538, 45.3248418], [21.0622668, 45.3230674], [21.061996, 45.3212937], [21.0617284, 45.319473], [21.0614744, 45.3176936], [21.0612007, 45.3158636], [21.063337, 45.3157153], [21.0653277, 45.3155727], [21.067232, 45.315431], [21.0691379, 45.3152921], [21.0711117, 45.3151416], [21.0709387, 45.3140094], [21.0731925, 45.3148665], [21.0754536, 45.3157185], [21.0777131, 45.3165706], [21.0809807, 45.317808], [21.0819751, 45.3164074], [21.0829699, 45.3150107], [21.0839591, 45.3136149], [21.0849493, 45.312223], [21.0859425, 45.310824], [21.086931, 45.3094315], [21.0879202, 45.3080378], [21.0891033, 45.3063701], [21.0902434, 45.3047643], [21.0913887, 45.3031523], [21.0925693, 45.3014875], [21.0937292, 45.2998524], [21.0943788, 45.2989363], [21.0965274, 45.2958979], [21.0983746, 45.2971476], [21.1007557, 45.2979186], [21.1026694, 45.298524], [21.1049952, 45.2992561], [21.1073304, 45.2999942], [21.1096845, 45.3007484], [21.1115721, 45.3008497], [21.1141244, 45.3010203], [21.1171675, 45.3016175], [21.1196251, 45.3020972], [21.1209552, 45.3024886], [21.1232871, 45.3032206], [21.1256378, 45.3039371], [21.1279739, 45.3046702], [21.1311115, 45.3047049], [21.1337776, 45.3047332], [21.1364632, 45.304762], [21.1391461, 45.304791], [21.1418248, 45.3048208], [21.1445063, 45.3048497], [21.1445475, 45.3048507], [21.1462272, 45.3063435], [21.1479036, 45.3078209], [21.1495675, 45.3093016], [21.1499032, 45.3095237], [21.1514057, 45.3105176], [21.1527996, 45.3114363], [21.154201, 45.3123588], [21.1524889, 45.3136925], [21.151378, 45.3145559], [21.14964, 45.3159067], [21.1496032, 45.3159366], [21.1518252, 45.3172627], [21.154135, 45.3186546], [21.1532734, 45.3193526], [21.1533435, 45.3193976], [21.1553532, 45.3207194], [21.1572344, 45.3219556], [21.1588229, 45.3230048], [21.1604135, 45.3240483], [21.1620242, 45.3250953], [21.1632405, 45.3242715], [21.1643006, 45.3235374], [21.1645289, 45.3232996], [21.1646759, 45.3231558], [21.1647264, 45.3230577], [21.1648261, 45.3228498], [21.1650371, 45.3225561], [21.1651503, 45.3222001], [21.1651548, 45.3220542], [21.1651974, 45.3219444], [21.1653619, 45.3216809], [21.1654914, 45.3214811], [21.165631, 45.3210857], [21.165685, 45.3208487], [21.1658027, 45.3205987], [21.1661621, 45.3198541], [21.1663505, 45.3196741], [21.1666397, 45.3197774], [21.1685087, 45.3208606], [21.1704515, 45.3219419], [21.1717436, 45.3227057], [21.1733367, 45.3236031], [21.174537, 45.324276], [21.1759441, 45.3251585], [21.1762507, 45.3251627], [21.1846195, 45.3300251], [21.1782044, 45.3355154], [21.1777493, 45.3355485], [21.1743346, 45.3403791], [21.1731425, 45.3428121], [21.1853913, 45.346195], [21.1868532, 45.3463505], [21.1911997, 45.3471084], [21.1910033, 45.3478992], [21.2099015, 45.3768397], [21.2115625, 45.3794395], [21.2128584, 45.3814972], [21.2155898, 45.3857014], [21.2146122, 45.3860195], [21.2146743, 45.3861184], [21.2089228, 45.3881779], [21.200772, 45.3917824], [21.1919677, 45.398344], [21.1927462, 45.3986472], [21.1929997, 45.3990722], [21.193267, 45.3990448], [21.193541, 45.3986944], [21.1935872, 45.3980522], [21.1938378, 45.3977467], [21.1943696, 45.3975948], [21.1949906, 45.3975715], [21.1919504, 45.4014689], [21.1854379, 45.404524], [21.1847472, 45.4046798], [21.1879489, 45.4058385], [21.1906236, 45.4071344], [21.1980651, 45.4103218], [21.1842463, 45.4294819], [21.183098, 45.4310555], [21.1794946, 45.4295952], [21.1778132, 45.4299533], [21.1756805, 45.4292958], [21.1755086, 45.4293604], [21.172866, 45.4283243], [21.1705001, 45.4314768], [21.1617596, 45.4282282], [21.1592477, 45.4274605], [21.1463486, 45.4229529], [21.1352561, 45.4192325], [21.1298225, 45.4170125], [21.1295604, 45.417026], [21.1262153, 45.4156863], [21.1080969, 45.4137273], [21.1001669, 45.4124014], [21.0852027, 45.4197637], [21.0802947, 45.4222046], [21.0744523, 45.4251952], [21.0744468, 45.4248626], [21.0880158, 45.4071851], [21.0859931, 45.4069895], [21.0857713, 45.4067797], [21.0855432, 45.4045125], [21.0837166, 45.4034296], [21.079602, 45.40357], [21.0853746, 45.394672], [21.0858908, 45.3942097], [21.0860431, 45.3938447], [21.0860719, 45.392901], [21.0862906, 45.3924414], [21.086606, 45.3921483], [21.0877354, 45.3920984], [21.0882361, 45.3913856], [21.0892381, 45.3908031], [21.0889429, 45.3896234], [21.0892895, 45.3892816], [21.0899906, 45.3892651], [21.090121, 45.3890116], [21.0894171, 45.3887751], [21.0784427, 45.380897], [21.0743696, 45.3777191], [21.0689315, 45.3729427], [21.0670306, 45.3714547], [21.0651147, 45.3696957], [21.0642812, 45.3662944], [21.0644605, 45.3662954], [21.0654481, 45.3657181], [21.0784337, 45.3579468], [21.074751, 45.3551434], [21.0736417, 45.3557725], [21.0689945, 45.3522506], [21.0671058, 45.3510621], [21.0667153, 45.3485825], [21.0685167, 45.3473532], [21.0685043, 45.3471737], [21.0615621, 45.3473159], [21.0615753, 45.3347115], [21.0536446, 45.3336666], [21.0418318, 45.3317327], [21.0378959, 45.3316731], [21.03789, 45.3313446], [21.0377317, 45.3312177], [21.0340127, 45.3312194], [21.0339405, 45.3309545], [21.0337858, 45.3308778], [21.0302086, 45.3309008], [21.0301178, 45.3301198], [21.0262025, 45.3301422], [21.0261168, 45.3294296], [21.0259549, 45.3293378], [21.0223253, 45.3293432], [21.0221688, 45.3291435], [21.0183948, 45.3290601], [21.0184035, 45.3269643], [21.020203, 45.3271449], [21.0206445, 45.3250652]]]]}}, {"id": "40", "type": "Feature", "properties": {"name": "Ghilad", "judet": "TIMI\u0218", "admin_level": "8", "wikidata": null, "place": "municipality", "osm_id": 11321989, "siruta": "159400", "siruta_score": null, "pop_total": 0, "gp_count": null, "nearest_school_m": 3440.411611586019, "nearest_gp_m": null, "nearest_er_m": 33695.217203950364, "school_score": 65.1369769773426, "gp_score": null, "hospital_score": 40.76195699012409, "composite_score": 57.01197031493642, "partial_data": true, "_color_composite": "#d99080", "_color_school": "#e8c8b8", "_color_gp": "#9a9a9a", "_color_hospital": "#d99080", "_display_color": "#d99080"}, "geometry": {"type": "MultiPolygon", "coordinates": [[[[20.9225466, 45.4674452], [20.9243168, 45.4652645], [20.9307126, 45.4583287], [20.939965, 45.4614253], [20.9521965, 45.4651766], [20.9580728, 45.4563502], [20.962073, 45.4500389], [20.961266, 45.4492759], [20.9619134, 45.4490383], [20.962683, 45.4483047], [20.9648888, 45.4446065], [20.9655895, 45.444284], [20.9670339, 45.4411462], [20.9731971, 45.4424629], [20.9738155, 45.4423651], [20.9881191, 45.4465025], [20.9963018, 45.4470519], [20.995888, 45.4475722], [20.9983814, 45.4502609], [21.0027498, 45.4445405], [21.0147546, 45.4492279], [21.0160626, 45.4479346], [21.0160773, 45.4477908], [21.0137142, 45.4440479], [21.0135701, 45.4437321], [21.013949, 45.4435736], [21.0147526, 45.4454111], [21.0152962, 45.445857], [21.0163994, 45.4461714], [21.0197756, 45.446362], [21.0219801, 45.4471609], [21.0238774, 45.447461], [21.0246419, 45.4479405], [21.0247358, 45.4483965], [21.024529, 45.4484983], [21.0234175, 45.4479291], [21.0225322, 45.4476357], [21.0219324, 45.4476498], [21.0213714, 45.4479173], [21.0209883, 45.4484323], [21.0208981, 45.4506953], [21.0206896, 45.4510059], [21.0197416, 45.4509671], [21.0190394, 45.4507577], [21.0169057, 45.4495216], [21.0160492, 45.4494994], [21.0156844, 45.4500151], [21.01603, 45.451672], [21.016303, 45.4519717], [21.0167967, 45.4522205], [21.0187385, 45.452357], [21.0191152, 45.4524903], [21.0194441, 45.4527601], [21.0197188, 45.4534442], [21.0194004, 45.4544953], [21.0201213, 45.455568], [21.0205644, 45.4558016], [21.0223401, 45.4560002], [21.0230451, 45.4558752], [21.0239052, 45.455555], [21.0241959, 45.455046], [21.0242663, 45.4546053], [21.0240042, 45.4538903], [21.0230756, 45.4531857], [21.0222845, 45.4528217], [21.0219029, 45.4524609], [21.0219093, 45.4518759], [21.022548, 45.4508382], [21.0230569, 45.4505881], [21.026153, 45.4496321], [21.0282828, 45.4491822], [21.028931, 45.4493009], [21.0294453, 45.4495684], [21.0296923, 45.4502858], [21.0300464, 45.4505901], [21.0303756, 45.4507071], [21.0315846, 45.4507696], [21.0358376, 45.450294], [21.0362905, 45.4499421], [21.0364672, 45.4494387], [21.036289, 45.4489853], [21.0357792, 45.4483844], [21.0357714, 45.4480099], [21.0357772, 45.4479863], [21.0367145, 45.4485766], [21.0368299, 45.4495117], [21.0376241, 45.4562778], [21.0368537, 45.456542], [21.0370374, 45.4570327], [21.0370041, 45.4580488], [21.0385484, 45.4576979], [21.0616216, 45.4567953], [21.0625586, 45.45413], [21.0644482, 45.4544467], [21.0695582, 45.4461665], [21.0795884, 45.4292989], [21.0852027, 45.4197637], [21.1001669, 45.4124014], [21.1080969, 45.4137273], [21.1262153, 45.4156863], [21.1295604, 45.417026], [21.1298225, 45.4170125], [21.1352561, 45.4192325], [21.1463486, 45.4229529], [21.1592477, 45.4274605], [21.1617596, 45.4282282], [21.1705001, 45.4314768], [21.172866, 45.4283243], [21.1755086, 45.4293604], [21.1756805, 45.4292958], [21.1778132, 45.4299533], [21.1794946, 45.4295952], [21.183098, 45.4310555], [21.1842463, 45.4294819], [21.1931822, 45.4293281], [21.2013043, 45.4290312], [21.2058542, 45.4248742], [21.2060923, 45.4246466], [21.2068746, 45.4238988], [21.2072534, 45.4233606], [21.207815, 45.4236164], [21.2105649, 45.4239539], [21.2182703, 45.4252013], [21.2282735, 45.4266502], [21.2301625, 45.4269312], [21.2302561, 45.4277071], [21.2337042, 45.4514692], [21.2259374, 45.4526751], [21.225931, 45.4527705], [21.22242, 45.4528911], [21.2209047, 45.4534655], [21.2062466, 45.4576852], [21.1958692, 45.4609699], [21.1975184, 45.4639029], [21.1929083, 45.4650688], [21.1898744, 45.4657168], [21.1945378, 45.4745946], [21.1933898, 45.4748943], [21.1948312, 45.477779], [21.1963853, 45.4803938], [21.1906429, 45.4824094], [21.1898952, 45.4825511], [21.1845405, 45.4870493], [21.1783114, 45.4919795], [21.1748571, 45.4854253], [21.1745648, 45.4846546], [21.1648307, 45.4869856], [21.1594481, 45.477358], [21.1592593, 45.4774236], [21.1591707, 45.4773222], [21.1460973, 45.4805274], [21.1440802, 45.4772928], [21.1420904, 45.4774412], [21.1446648, 45.482629], [21.1423529, 45.4829093], [21.1397213, 45.4823686], [21.1375174, 45.4822706], [21.1356662, 45.4828821], [21.1339843, 45.4835137], [21.1339708, 45.4835965], [21.1336139, 45.4836251], [21.1334153, 45.4852045], [21.1330565, 45.4857059], [21.1312521, 45.4863609], [21.1303838, 45.4871047], [21.1282039, 45.4881985], [21.1274038, 45.4884941], [21.1227233, 45.4909259], [21.1180464, 45.4902739], [21.1120301, 45.4882933], [21.1060864, 45.4909828], [21.1056381, 45.4907937], [21.1056282, 45.4904934], [21.105349, 45.4902366], [21.1041662, 45.4896845], [21.1037961, 45.4895566], [21.103383, 45.4895569], [21.1014576, 45.4902444], [21.0995048, 45.4903974], [21.0980344, 45.4912181], [21.0975064, 45.4913968], [21.094748, 45.4915066], [21.0928937, 45.4918205], [21.0907323, 45.4920355], [21.0901225, 45.4922617], [21.0895459, 45.4936616], [21.0887629, 45.4941195], [21.0881809, 45.4941426], [21.0879029, 45.4939675], [21.0870018, 45.4924324], [21.086339, 45.4921936], [21.085714, 45.4921961], [21.0853468, 45.4927032], [21.0853371, 45.4934805], [21.0857764, 45.4948635], [21.0850572, 45.4953574], [21.0844847, 45.4953905], [21.0824897, 45.4951105], [21.0814564, 45.4946776], [21.0811326, 45.4943256], [21.0815783, 45.493369], [21.0843163, 45.4933085], [21.0846402, 45.4931684], [21.0846939, 45.4930335], [21.084534, 45.4928792], [21.0832159, 45.4923624], [21.0823334, 45.4921904], [21.081414, 45.4924491], [21.0800144, 45.4920694], [21.0790974, 45.4921962], [21.0780847, 45.4927157], [21.0773267, 45.4925695], [21.077798, 45.4917842], [21.0784474, 45.4915009], [21.0795541, 45.4912487], [21.0814463, 45.4911266], [21.0832989, 45.4907033], [21.0832741, 45.490622], [21.0829257, 45.490526], [21.0801852, 45.490376], [21.0774499, 45.4896084], [21.0741104, 45.4878712], [21.0730693, 45.487624], [21.0725718, 45.4876596], [21.0709134, 45.4885349], [21.0701775, 45.4887087], [21.0695879, 45.4886451], [21.0689865, 45.4880106], [21.0693159, 45.4868062], [21.0692869, 45.4864884], [21.0690537, 45.4862115], [21.0685794, 45.4860127], [21.0678379, 45.4862175], [21.0674279, 45.4865153], [21.0671527, 45.4870645], [21.0669626, 45.4879267], [21.0666451, 45.4883087], [21.0653447, 45.4892789], [21.0649787, 45.4901539], [21.0651334, 45.4911524], [21.0647457, 45.4918134], [21.0637813, 45.4923951], [21.062171, 45.492817], [21.0614073, 45.4926315], [21.0600362, 45.4919119], [21.0586776, 45.49186], [21.0582448, 45.4917514], [21.0581559, 45.4914038], [21.0585458, 45.4906157], [21.0585681, 45.4902972], [21.0583904, 45.4900079], [21.0580747, 45.4898841], [21.0575796, 45.4899341], [21.0568554, 45.490281], [21.0558527, 45.4912122], [21.0553489, 45.4915307], [21.0545986, 45.4916655], [21.0532753, 45.4907928], [21.0523341, 45.4904075], [21.0512753, 45.4902675], [21.0500347, 45.4905292], [21.0495285, 45.4904445], [21.049303, 45.4900968], [21.0495454, 45.4890276], [21.0492328, 45.488685], [21.0488735, 45.4886485], [21.0468627, 45.4889386], [21.0459784, 45.488843], [21.0453275, 45.4885347], [21.0451065, 45.4881604], [21.0447381, 45.4861637], [21.0443618, 45.4856578], [21.0440145, 45.4854993], [21.0434807, 45.4854687], [21.0413976, 45.4860106], [21.0404964, 45.4860625], [21.0396851, 45.4858518], [21.0386913, 45.4851308], [21.0379792, 45.4850628], [21.0375309, 45.4852885], [21.036386, 45.4865158], [21.0361302, 45.4866101], [21.03539, 45.4866011], [21.0351292, 45.4864264], [21.0349286, 45.4860762], [21.0349919, 45.4855635], [21.0353999, 45.4847893], [21.0352324, 45.4843082], [21.0344604, 45.483638], [21.0339424, 45.4835288], [21.033632, 45.4835251], [21.0331559, 45.4837413], [21.0325518, 45.484552], [21.0326304, 45.4852292], [21.0330491, 45.4865058], [21.0328032, 45.4874162], [21.0325317, 45.4876827], [21.0314809, 45.4882533], [21.0306145, 45.4890803], [21.0300318, 45.4891608], [21.0295241, 45.4890014], [21.0287549, 45.4885329], [21.0273252, 45.4879246], [21.0269163, 45.4871902], [21.0270717, 45.4857486], [21.0267999, 45.4853911], [21.0265464, 45.4853558], [21.0251583, 45.4856265], [21.0235043, 45.4856556], [21.0212146, 45.4862103], [21.0194829, 45.4873059], [21.01864, 45.4883612], [21.0172191, 45.4894961], [21.0161529, 45.4891731], [21.0159635, 45.4878423], [21.0156798, 45.4874425], [21.0147646, 45.4868393], [21.0138453, 45.4867221], [21.0130839, 45.4870842], [21.0122657, 45.4879486], [21.0130492, 45.4884799], [21.0135093, 45.4886355], [21.0132024, 45.4892771], [21.0128339, 45.4897022], [21.0116741, 45.489935], [21.0112698, 45.4898519], [21.0105732, 45.4901568], [21.010506, 45.4903683], [21.0100144, 45.490123], [21.0087904, 45.4894783], [21.0077145, 45.4886171], [21.0067438, 45.4875389], [21.0051843, 45.4853815], [21.0011047, 45.4803516], [21.0001921, 45.4795015], [20.9994005, 45.4789939], [20.9952408, 45.4776862], [20.9915662, 45.4759326], [20.9858458, 45.4746706], [20.982116, 45.4736912], [20.9808038, 45.4730073], [20.9798043, 45.4721208], [20.9791728, 45.4718907], [20.9772322, 45.4716439], [20.976806, 45.471505], [20.9757048, 45.470659], [20.9752805, 45.4694101], [20.9749545, 45.4690456], [20.9739375, 45.4689745], [20.9729167, 45.4691925], [20.9725916, 45.4695136], [20.9724844, 45.4702722], [20.9722301, 45.4706309], [20.9712972, 45.4712348], [20.9702655, 45.4714791], [20.9696104, 45.471345], [20.9691848, 45.4711403], [20.9680567, 45.470259], [20.9662871, 45.4700023], [20.9659429, 45.4700668], [20.9656215, 45.4702253], [20.9652768, 45.4707083], [20.9653601, 45.4709755], [20.9660402, 45.471757], [20.9657517, 45.4725147], [20.9648114, 45.4733147], [20.9640794, 45.4736502], [20.9625837, 45.473958], [20.960387, 45.4737209], [20.9560047, 45.4735125], [20.9514176, 45.4731618], [20.9509311, 45.4730576], [20.9497764, 45.4724916], [20.9472286, 45.471771], [20.946398, 45.4713015], [20.9456823, 45.4707327], [20.9449247, 45.4704302], [20.9442344, 45.4704573], [20.9427335, 45.4708306], [20.9422031, 45.4708317], [20.9399129, 45.4703205], [20.9342984, 45.4694221], [20.9342022, 45.4694076], [20.9322699, 45.4686022], [20.9302265, 45.4674025], [20.9294894, 45.4672043], [20.9269497, 45.4676734], [20.92483, 45.4678617], [20.9229809, 45.4676511], [20.9225466, 45.4674452]]]]}}, {"id": "41", "type": "Feature", "properties": {"name": "Giera", "judet": "TIMI\u0218", "admin_level": "8", "wikidata": "Q5060077", "place": "municipality", "osm_id": 11321990, "siruta": "157273", "siruta_score": null, "pop_total": 0, "gp_count": null, "nearest_school_m": 559.9238399111173, "nearest_gp_m": null, "nearest_er_m": 42324.850218135165, "school_score": 100.0, "gp_score": null, "hospital_score": 19.18787445466208, "composite_score": 73.06262481822068, "partial_data": true, "_color_composite": "#e8c8b8", "_color_school": "#f5ecd9", "_color_gp": "#9a9a9a", "_color_hospital": "#7a1a1a", "_display_color": "#e8c8b8"}, "geometry": {"type": "MultiPolygon", "coordinates": [[[[20.8646189, 45.4318241], [20.8661018, 45.4309874], [20.8675138, 45.4301908], [20.8693224, 45.4291676], [20.8714096, 45.4279912], [20.8735944, 45.4267597], [20.8751241, 45.425897], [20.8765325, 45.4253914], [20.8766271, 45.4253576], [20.8789039, 45.4245386], [20.8811798, 45.4237176], [20.8834489, 45.4229014], [20.8839486, 45.4227548], [20.8866668, 45.421968], [20.8893852, 45.4211789], [20.8914214, 45.4203895], [20.8932115, 45.4196956], [20.8950317, 45.4189886], [20.8967657, 45.4183264], [20.8985035, 45.4176571], [20.8993963, 45.4172941], [20.900432, 45.4168939], [20.9051786, 45.4170756], [20.9079082, 45.4171707], [20.9104623, 45.4172592], [20.9137425, 45.4172535], [20.9170008, 45.4172489], [20.9202588, 45.4172428], [20.9209926, 45.4153323], [20.9215267, 45.4139425], [20.9221793, 45.4122503], [20.9228285, 45.4105549], [20.9234697, 45.4088849], [20.9239765, 45.407249], [20.9244756, 45.4069668], [20.9247557, 45.4068019], [20.9256495, 45.4059309], [20.9259251, 45.4056943], [20.9263112, 45.4054584], [20.9266363, 45.4053068], [20.9270435, 45.4051607], [20.9275786, 45.4050892], [20.9278644, 45.4049762], [20.9280563, 45.4046717], [20.9280826, 45.4042829], [20.927928, 45.4038983], [20.9276793, 45.4033258], [20.9276532, 45.4028387], [20.9277886, 45.4024791], [20.928115, 45.4020596], [20.9285239, 45.4017747], [20.9289061, 45.4016429], [20.9298156, 45.4015315], [20.9305983, 45.4017158], [20.9311561, 45.4019134], [20.9313945, 45.4020241], [20.9314841, 45.4018476], [20.9323391, 45.4001452], [20.9331621, 45.398442], [20.9339525, 45.3965798], [20.9347441, 45.3947176], [20.9355139, 45.3929078], [20.9355752, 45.392762], [20.9329271, 45.3925311], [20.9300618, 45.3923251], [20.9301265, 45.3920042], [20.9304328, 45.3904846], [20.930791, 45.3887953], [20.9312203, 45.3867641], [20.9333712, 45.3867257], [20.9356689, 45.3866368], [20.9379161, 45.386568], [20.940101, 45.3864857], [20.941984, 45.3864528], [20.942815, 45.3861968], [20.9435817, 45.3853396], [20.94437, 45.3844283], [20.9451459, 45.3839565], [20.9459611, 45.3837031], [20.9468801, 45.3839152], [20.9476813, 45.3845949], [20.9483796, 45.3855909], [20.9483955, 45.3854499], [20.9487436, 45.383831], [20.9490136, 45.3826789], [20.9493818, 45.381199], [20.9496823, 45.3798653], [20.9499518, 45.3787525], [20.9505103, 45.3764882], [20.9508772, 45.3748299], [20.952685, 45.3732912], [20.9541916, 45.372005], [20.9557208, 45.3706857], [20.9572525, 45.3693779], [20.9587667, 45.3680833], [20.960324, 45.3667593], [20.9618957, 45.3662744], [20.9622742, 45.3661558], [20.9644965, 45.3654594], [20.9667448, 45.3647563], [20.9692537, 45.3639746], [20.9712052, 45.3629303], [20.9728733, 45.3620338], [20.9746921, 45.3610603], [20.9767428, 45.3599595], [20.9792149, 45.3586338], [20.9817217, 45.3572863], [20.9830367, 45.3554281], [20.9839346, 45.3542486], [20.9848662, 45.3530281], [20.9861941, 45.3515589], [20.9873982, 45.3502078], [20.9887622, 45.348941], [20.9900608, 45.3477579], [20.9911895, 45.3467214], [20.9930285, 45.3454191], [20.9946949, 45.3442338], [20.9960638, 45.3432781], [20.9977344, 45.3424739], [20.9995129, 45.3416374], [21.0021492, 45.3415441], [21.004528, 45.3414727], [21.0068929, 45.3413916], [21.0098929, 45.3412793], [21.0102849, 45.341877], [21.0118734, 45.3466498], [21.0136215, 45.3524843], [21.0138788, 45.3538255], [21.0141377, 45.3626057], [21.0146169, 45.3663046], [21.0147607, 45.3715852], [21.0150869, 45.3746709], [21.0161864, 45.3932831], [21.0177509, 45.405249], [21.0161573, 45.407889], [21.0361349, 45.4054448], [21.0370614, 45.4063614], [21.0391953, 45.4079123], [21.038721, 45.4085364], [21.0391696, 45.4089762], [21.038547, 45.4143735], [21.0382303, 45.414841], [21.0455882, 45.4179452], [21.0402634, 45.4225494], [21.0355603, 45.4264724], [21.0350207, 45.4267719], [21.0334321, 45.4322912], [21.0318521, 45.4330535], [21.0312406, 45.4337005], [21.0309568, 45.4343479], [21.0307742, 45.4352344], [21.0309965, 45.4361201], [21.0322901, 45.4364126], [21.0329727, 45.436779], [21.0334792, 45.4372937], [21.0350338, 45.4377107], [21.035508, 45.4380086], [21.0355896, 45.4381754], [21.0350372, 45.4388689], [21.0352393, 45.4391501], [21.0355988, 45.4467912], [21.0357612, 45.4479516], [21.0357772, 45.4479863], [21.0357714, 45.4480099], [21.0357792, 45.4483844], [21.036289, 45.4489853], [21.0364672, 45.4494387], [21.0362905, 45.4499421], [21.0358376, 45.450294], [21.0315846, 45.4507696], [21.0303756, 45.4507071], [21.0300464, 45.4505901], [21.0296923, 45.4502858], [21.0294453, 45.4495684], [21.028931, 45.4493009], [21.0282828, 45.4491822], [21.026153, 45.4496321], [21.0230569, 45.4505881], [21.022548, 45.4508382], [21.0219093, 45.4518759], [21.0219029, 45.4524609], [21.0222845, 45.4528217], [21.0230756, 45.4531857], [21.0240042, 45.4538903], [21.0242663, 45.4546053], [21.0241959, 45.455046], [21.0239052, 45.455555], [21.0230451, 45.4558752], [21.0223401, 45.4560002], [21.0205644, 45.4558016], [21.0201213, 45.455568], [21.0194004, 45.4544953], [21.0197188, 45.4534442], [21.0194441, 45.4527601], [21.0191152, 45.4524903], [21.0187385, 45.452357], [21.0167967, 45.4522205], [21.016303, 45.4519717], [21.01603, 45.451672], [21.0156844, 45.4500151], [21.0160492, 45.4494994], [21.0169057, 45.4495216], [21.0190394, 45.4507577], [21.0197416, 45.4509671], [21.0206896, 45.4510059], [21.0208981, 45.4506953], [21.0209883, 45.4484323], [21.0213714, 45.4479173], [21.0219324, 45.4476498], [21.0225322, 45.4476357], [21.0234175, 45.4479291], [21.024529, 45.4484983], [21.0247358, 45.4483965], [21.0246419, 45.4479405], [21.0238774, 45.447461], [21.0219801, 45.4471609], [21.0197756, 45.446362], [21.0163994, 45.4461714], [21.0152962, 45.445857], [21.0147526, 45.4454111], [21.013949, 45.4435736], [21.0135701, 45.4437321], [21.0137142, 45.4440479], [21.0160773, 45.4477908], [21.0160626, 45.4479346], [21.0147546, 45.4492279], [21.0027498, 45.4445405], [20.9983814, 45.4502609], [20.995888, 45.4475722], [20.9963018, 45.4470519], [20.9881191, 45.4465025], [20.9738155, 45.4423651], [20.9731971, 45.4424629], [20.9670339, 45.4411462], [20.9655895, 45.444284], [20.9648888, 45.4446065], [20.962683, 45.4483047], [20.9619134, 45.4490383], [20.961266, 45.4492759], [20.962073, 45.4500389], [20.9580728, 45.4563502], [20.9521965, 45.4651766], [20.939965, 45.4614253], [20.9307126, 45.4583287], [20.9243168, 45.4652645], [20.9225466, 45.4674452], [20.9224956, 45.4674171], [20.9221009, 45.4669782], [20.922063, 45.4660494], [20.921785, 45.465529], [20.9203598, 45.4634886], [20.9190864, 45.4625376], [20.9155974, 45.4613393], [20.913993, 45.4599933], [20.9122907, 45.4579142], [20.9117474, 45.4570509], [20.9102351, 45.4524644], [20.9098972, 45.4520024], [20.9094544, 45.4516905], [20.9089087, 45.4515075], [20.9082844, 45.4515358], [20.9067598, 45.4522369], [20.9058646, 45.4523973], [20.9050618, 45.4521897], [20.9044871, 45.4516657], [20.9034408, 45.4512247], [20.9018838, 45.4510121], [20.900773, 45.4510298], [20.8980606, 45.4514038], [20.8946166, 45.4524932], [20.8930289, 45.4525692], [20.8921637, 45.452296], [20.8917445, 45.4519615], [20.8907017, 45.450233], [20.8893253, 45.4491236], [20.8885736, 45.4481951], [20.8879889, 45.4471621], [20.8872637, 45.4465965], [20.8868233, 45.4464006], [20.8858179, 45.4462453], [20.8825587, 45.4460757], [20.8810665, 45.4461746], [20.8799956, 45.4462462], [20.8790095, 45.4460466], [20.8781862, 45.4457556], [20.8769574, 45.4453721], [20.8757633, 45.4456732], [20.8745288, 45.4461774], [20.8734717, 45.4463391], [20.8727244, 45.4462419], [20.8722052, 45.4460511], [20.871942, 45.4455448], [20.8722049, 45.44492], [20.8730231, 45.4443769], [20.8740737, 45.4438035], [20.8748526, 45.4429128], [20.8751644, 45.4412007], [20.8752168, 45.4403025], [20.8752098, 45.4391219], [20.8748531, 45.4381531], [20.8734722, 45.4375013], [20.871538, 45.437531], [20.8703603, 45.437557], [20.8676973, 45.4369178], [20.8658476, 45.4359552], [20.8655457, 45.4349778], [20.8662546, 45.4340947], [20.8673027, 45.4339414], [20.8686835, 45.4335745], [20.8696465, 45.4331329], [20.8695267, 45.4327212], [20.8684172, 45.4324112], [20.8665592, 45.432178], [20.8656305, 45.4319825], [20.8646189, 45.4318241]]]]}}, {"id": "42", "type": "Feature", "properties": {"name": "Livezile", "judet": "TIMI\u0218", "admin_level": "8", "wikidata": null, "place": "municipality", "osm_id": 11321991, "siruta": "159491", "siruta_score": null, "pop_total": 0, "gp_count": null, "nearest_school_m": 246.3506658353245, "nearest_gp_m": null, "nearest_er_m": 42155.25360816597, "school_score": 100.0, "gp_score": null, "hospital_score": 19.611865979585072, "composite_score": 73.20395532652836, "partial_data": true, "_color_composite": "#e8c8b8", "_color_school": "#f5ecd9", "_color_gp": "#9a9a9a", "_color_hospital": "#7a1a1a", "_display_color": "#e8c8b8"}, "geometry": {"type": "MultiPolygon", "coordinates": [[[[21.0098929, 45.3412793], [21.0107037, 45.3393901], [21.0115027, 45.3373809], [21.0122727, 45.3354462], [21.013071, 45.3334646], [21.0139175, 45.3313566], [21.0146179, 45.3296005], [21.0152958, 45.3279138], [21.0158734, 45.3264147], [21.016455, 45.3249206], [21.0165368, 45.3247104], [21.0165684, 45.3246306], [21.0206445, 45.3250652], [21.020203, 45.3271449], [21.0184035, 45.3269643], [21.0183948, 45.3290601], [21.0221688, 45.3291435], [21.0223253, 45.3293432], [21.0259549, 45.3293378], [21.0261168, 45.3294296], [21.0262025, 45.3301422], [21.0301178, 45.3301198], [21.0302086, 45.3309008], [21.0337858, 45.3308778], [21.0339405, 45.3309545], [21.0340127, 45.3312194], [21.0377317, 45.3312177], [21.03789, 45.3313446], [21.0378959, 45.3316731], [21.0418318, 45.3317327], [21.0536446, 45.3336666], [21.0615753, 45.3347115], [21.0615621, 45.3473159], [21.0685043, 45.3471737], [21.0685167, 45.3473532], [21.0667153, 45.3485825], [21.0671058, 45.3510621], [21.0689945, 45.3522506], [21.0736417, 45.3557725], [21.074751, 45.3551434], [21.0784337, 45.3579468], [21.0654481, 45.3657181], [21.0644605, 45.3662954], [21.0642812, 45.3662944], [21.0651147, 45.3696957], [21.0670306, 45.3714547], [21.0689315, 45.3729427], [21.0743696, 45.3777191], [21.0784427, 45.380897], [21.0894171, 45.3887751], [21.090121, 45.3890116], [21.0899906, 45.3892651], [21.0892895, 45.3892816], [21.0889429, 45.3896234], [21.0892381, 45.3908031], [21.0882361, 45.3913856], [21.0877354, 45.3920984], [21.086606, 45.3921483], [21.0862906, 45.3924414], [21.0860719, 45.392901], [21.0860431, 45.3938447], [21.0858908, 45.3942097], [21.0853746, 45.394672], [21.079602, 45.40357], [21.0837166, 45.4034296], [21.0855432, 45.4045125], [21.0857713, 45.4067797], [21.0859931, 45.4069895], [21.0880158, 45.4071851], [21.0744468, 45.4248626], [21.0744523, 45.4251952], [21.0802947, 45.4222046], [21.0852027, 45.4197637], [21.0795884, 45.4292989], [21.0695582, 45.4461665], [21.0644482, 45.4544467], [21.0625586, 45.45413], [21.0616216, 45.4567953], [21.0385484, 45.4576979], [21.0370041, 45.4580488], [21.0370374, 45.4570327], [21.0368537, 45.456542], [21.0376241, 45.4562778], [21.0368299, 45.4495117], [21.0367145, 45.4485766], [21.0357772, 45.4479863], [21.0357612, 45.4479516], [21.0355988, 45.4467912], [21.0352393, 45.4391501], [21.0350372, 45.4388689], [21.0355896, 45.4381754], [21.035508, 45.4380086], [21.0350338, 45.4377107], [21.0334792, 45.4372937], [21.0329727, 45.436779], [21.0322901, 45.4364126], [21.0309965, 45.4361201], [21.0307742, 45.4352344], [21.0309568, 45.4343479], [21.0312406, 45.4337005], [21.0318521, 45.4330535], [21.0334321, 45.4322912], [21.0350207, 45.4267719], [21.0355603, 45.4264724], [21.0402634, 45.4225494], [21.0455882, 45.4179452], [21.0382303, 45.414841], [21.038547, 45.4143735], [21.0391696, 45.4089762], [21.038721, 45.4085364], [21.0391953, 45.4079123], [21.0370614, 45.4063614], [21.0361349, 45.4054448], [21.0161573, 45.407889], [21.0177509, 45.405249], [21.0161864, 45.3932831], [21.0150869, 45.3746709], [21.0147607, 45.3715852], [21.0146169, 45.3663046], [21.0141377, 45.3626057], [21.0138788, 45.3538255], [21.0136215, 45.3524843], [21.0118734, 45.3466498], [21.0102849, 45.341877], [21.0098929, 45.3412793]]]]}}, {"id": "43", "type": "Feature", "properties": {"name": "Foeni", "judet": "TIMI\u0218", "admin_level": "8", "wikidata": null, "place": "municipality", "osm_id": 11321992, "siruta": "157004", "siruta_score": null, "pop_total": 0, "gp_count": null, "nearest_school_m": 1405.34829744978, "nearest_gp_m": null, "nearest_er_m": 40479.80680312916, "school_score": 94.2093100364317, "gp_score": null, "hospital_score": 23.800482992177088, "composite_score": 70.73970102168016, "partial_data": true, "_color_composite": "#e8c8b8", "_color_school": "#f5ecd9", "_color_gp": "#9a9a9a", "_color_hospital": "#b54545", "_display_color": "#e8c8b8"}, "geometry": {"type": "MultiPolygon", "coordinates": [[[[20.7688015, 45.5001858], [20.7700348, 45.4987174], [20.771279, 45.4972321], [20.7724927, 45.495788], [20.7737439, 45.4942971], [20.7749152, 45.4929183], [20.7769521, 45.4905898], [20.7769149, 45.4905181], [20.7752716, 45.4898184], [20.7732702, 45.4889881], [20.7710438, 45.4880581], [20.7710359, 45.4880344], [20.7710472, 45.479921], [20.7761668, 45.4798173], [20.8106435, 45.4797009], [20.8224882, 45.479856], [20.8333054, 45.4799634], [20.8427756, 45.4750476], [20.8492314, 45.4718411], [20.8518294, 45.4705513], [20.86065, 45.4657486], [20.8618757, 45.4651974], [20.8625953, 45.4656681], [20.8663857, 45.4651796], [20.8677304, 45.4636437], [20.8710373, 45.4602168], [20.8706564, 45.4586792], [20.8718804, 45.4570806], [20.8709054, 45.4563515], [20.8705698, 45.4558885], [20.8730882, 45.4554707], [20.8746466, 45.4541941], [20.8755664, 45.4552809], [20.877731, 45.4552577], [20.8788672, 45.454519], [20.8789482, 45.4537505], [20.8786126, 45.4528189], [20.8776181, 45.4516432], [20.8777298, 45.4499008], [20.878837, 45.4485975], [20.8799452, 45.4473646], [20.8810665, 45.4461746], [20.8825587, 45.4460757], [20.8858179, 45.4462453], [20.8868233, 45.4464006], [20.8872637, 45.4465965], [20.8879889, 45.4471621], [20.8885736, 45.4481951], [20.8893253, 45.4491236], [20.8907017, 45.450233], [20.8917445, 45.4519615], [20.8921637, 45.452296], [20.8930289, 45.4525692], [20.8946166, 45.4524932], [20.8980606, 45.4514038], [20.900773, 45.4510298], [20.9018838, 45.4510121], [20.9034408, 45.4512247], [20.9044871, 45.4516657], [20.9050618, 45.4521897], [20.9058646, 45.4523973], [20.9067598, 45.4522369], [20.9082844, 45.4515358], [20.9089087, 45.4515075], [20.9094544, 45.4516905], [20.9098972, 45.4520024], [20.9102351, 45.4524644], [20.9117474, 45.4570509], [20.9122907, 45.4579142], [20.913993, 45.4599933], [20.9155974, 45.4613393], [20.9190864, 45.4625376], [20.9203598, 45.4634886], [20.921785, 45.465529], [20.922063, 45.4660494], [20.9221009, 45.4669782], [20.9224956, 45.4674171], [20.9225466, 45.4674452], [20.9229809, 45.4676511], [20.92483, 45.4678617], [20.9269497, 45.4676734], [20.9294894, 45.4672043], [20.9302265, 45.4674025], [20.9322699, 45.4686022], [20.9342022, 45.4694076], [20.9342984, 45.4694221], [20.9341836, 45.4695457], [20.934102, 45.4701563], [20.9342308, 45.4707638], [20.9336027, 45.4715177], [20.932314, 45.4710195], [20.9328265, 45.4712955], [20.9327103, 45.4713991], [20.9383726, 45.4748999], [20.9332882, 45.4790404], [20.9300813, 45.4819024], [20.9338759, 45.4837233], [20.9335921, 45.4840376], [20.9345393, 45.4844891], [20.9330402, 45.4858499], [20.9322794, 45.4860971], [20.9313921, 45.4869177], [20.9301353, 45.4874016], [20.9294787, 45.488182], [20.9271964, 45.4869148], [20.9251989, 45.4864251], [20.9188766, 45.4916475], [20.9126701, 45.4905067], [20.903472, 45.4886074], [20.8984919, 45.5023269], [20.898586, 45.5025184], [20.8989113, 45.5027146], [20.8998919, 45.5026053], [20.9060461, 45.5098313], [20.9051383, 45.5126387], [20.9042821, 45.5132109], [20.8874531, 45.5204382], [20.8867186, 45.5208199], [20.8742456, 45.5300457], [20.8739549, 45.5300245], [20.8591878, 45.5412697], [20.8572398, 45.5426517], [20.8528441, 45.5451106], [20.8473566, 45.540152], [20.8466995, 45.5393965], [20.8419087, 45.5244376], [20.838965, 45.51409], [20.8386125, 45.5139712], [20.8049225, 45.5134248], [20.8043015, 45.5146834], [20.8022267, 45.5138704], [20.7996472, 45.5128305], [20.79711, 45.5118086], [20.7957989, 45.5112799], [20.7935321, 45.5103619], [20.7912196, 45.5094232], [20.7887115, 45.5084006], [20.7863599, 45.5074404], [20.7833448, 45.5062183], [20.7832332, 45.5061729], [20.7809201, 45.5052244], [20.7785002, 45.5042396], [20.7760817, 45.5032478], [20.7736874, 45.5022659], [20.7712267, 45.5012595], [20.7689852, 45.50034], [20.7688211, 45.5002302], [20.7688015, 45.5001858]]]]}}, {"id": "44", "type": "Feature", "properties": {"name": "Otelec", "judet": "TIMI\u0218", "admin_level": "8", "wikidata": null, "place": "municipality", "osm_id": 11321993, "siruta": "159525", "siruta_score": null, "pop_total": 0, "gp_count": null, "nearest_school_m": 1121.1728209706682, "nearest_gp_m": null, "nearest_er_m": 34597.185033005546, "school_score": 98.26895970041905, "gp_score": null, "hospital_score": 38.50703741748614, "composite_score": 78.34831893944138, "partial_data": true, "_color_composite": "#e8c8b8", "_color_school": "#f5ecd9", "_color_gp": "#9a9a9a", "_color_hospital": "#b54545", "_display_color": "#e8c8b8"}, "geometry": {"type": "MultiPolygon", "coordinates": [[[[20.7954366, 45.5874603], [20.7958369, 45.5867903], [20.7971309, 45.5849254], [20.7984535, 45.5829951], [20.7988405, 45.583049], [20.7994472, 45.5831384], [20.7997346, 45.5824551], [20.800466, 45.5815769], [20.8018438, 45.5800629], [20.8033069, 45.5785379], [20.8049846, 45.5768107], [20.8065852, 45.5751587], [20.8078732, 45.5738729], [20.8095765, 45.5721586], [20.8111957, 45.5705455], [20.8125921, 45.5691326], [20.8136083, 45.5681066], [20.8124083, 45.5668998], [20.8113292, 45.5658191], [20.8121589, 45.5648459], [20.8127856, 45.5641106], [20.8142316, 45.5624217], [20.8157132, 45.5606822], [20.8169402, 45.5592411], [20.8171254, 45.5590455], [20.8186874, 45.5571953], [20.8199384, 45.5557287], [20.8209329, 45.5545644], [20.8218653, 45.5534616], [20.8232111, 45.5518786], [20.823077, 45.551831], [20.822676, 45.5516122], [20.8211459, 45.5509916], [20.8196094, 45.5503845], [20.8210648, 45.5487639], [20.822227, 45.5474453], [20.8234134, 45.5461463], [20.8239347, 45.5455304], [20.8242958, 45.5451577], [20.8251669, 45.5441499], [20.8265053, 45.5426709], [20.8271353, 45.5419614], [20.8273028, 45.5417912], [20.8288225, 45.5400425], [20.8304138, 45.5383245], [20.8320608, 45.5364539], [20.8325729, 45.5358913], [20.8300816, 45.5349013], [20.8278911, 45.5340281], [20.8260738, 45.5324385], [20.8242948, 45.5308789], [20.8225104, 45.5293178], [20.8218334, 45.5287269], [20.8216722, 45.5285867], [20.8198639, 45.5270076], [20.8193226, 45.5265361], [20.8190804, 45.5263245], [20.8172075, 45.5246899], [20.8154705, 45.5231669], [20.8136875, 45.5216083], [20.8119878, 45.5201241], [20.8102188, 45.5185751], [20.8084488, 45.5170281], [20.8070857, 45.5158375], [20.8043015, 45.5146834], [20.8049225, 45.5134248], [20.8386125, 45.5139712], [20.838965, 45.51409], [20.8419087, 45.5244376], [20.8466995, 45.5393965], [20.8473566, 45.540152], [20.8528441, 45.5451106], [20.8572398, 45.5426517], [20.8591878, 45.5412697], [20.8739549, 45.5300245], [20.8742456, 45.5300457], [20.8867186, 45.5208199], [20.8874531, 45.5204382], [20.8925961, 45.5259468], [20.8926772, 45.5258954], [20.8931383, 45.5262974], [20.8982026, 45.5279376], [20.9008985, 45.528584], [20.9061169, 45.5297668], [20.9135224, 45.5310059], [20.9149259, 45.5321133], [20.9237632, 45.5391917], [20.9201949, 45.5414556], [20.9245094, 45.5449331], [20.9253779, 45.5477274], [20.9309726, 45.5551573], [20.9306646, 45.5552151], [20.9295515, 45.5586994], [20.9256759, 45.558327], [20.9210632, 45.5584741], [20.9174366, 45.559501], [20.919239, 45.5621693], [20.9243567, 45.5725437], [20.9040147, 45.5807003], [20.9061089, 45.5816689], [20.8963069, 45.5948521], [20.894989, 45.5956127], [20.8896372, 45.5986591], [20.885668, 45.6051012], [20.8854226, 45.6053092], [20.8840195, 45.605637], [20.8909559, 45.6143054], [20.8929797, 45.6165988], [20.8981918, 45.6262044], [20.8981392, 45.6271933], [20.8949306, 45.6304837], [20.8916149, 45.6320571], [20.8878943, 45.6360575], [20.8718854, 45.6293599], [20.8544037, 45.6217813], [20.8544904, 45.6213871], [20.8541977, 45.6214505], [20.8506324, 45.6198781], [20.8467392, 45.618497], [20.823869, 45.6087483], [20.8205171, 45.6062208], [20.8194216, 45.6068711], [20.817005, 45.6087551], [20.8180227, 45.609736], [20.818074, 45.6099949], [20.8397314, 45.6210158], [20.8403996, 45.6218693], [20.8411886, 45.6251202], [20.8358818, 45.6311727], [20.821107, 45.6246141], [20.8211308, 45.6245015], [20.8016165, 45.6155947], [20.8055178, 45.6110872], [20.7992936, 45.6064945], [20.8068172, 45.5975101], [20.8079969, 45.5965482], [20.7965701, 45.5877277], [20.7961522, 45.5874451], [20.7959819, 45.5876531], [20.7954366, 45.5874603]]]]}}, {"id": "45", "type": "Feature", "properties": {"name": "Giulv\u0103z", "judet": "TIMI\u0218", "admin_level": "8", "wikidata": null, "place": "municipality", "osm_id": 11321994, "siruta": "157317", "siruta_score": null, "pop_total": 0, "gp_count": null, "nearest_school_m": 2751.166973251484, "nearest_gp_m": null, "nearest_er_m": 31847.03135597122, "school_score": 74.98332895355023, "gp_score": null, "hospital_score": 45.38242161007195, "composite_score": 65.11635983905747, "partial_data": true, "_color_composite": "#e8c8b8", "_color_school": "#e8c8b8", "_color_gp": "#9a9a9a", "_color_hospital": "#d99080", "_display_color": "#e8c8b8"}, "geometry": {"type": "MultiPolygon", "coordinates": [[[[20.8874531, 45.5204382], [20.9042821, 45.5132109], [20.9051383, 45.5126387], [20.9060461, 45.5098313], [20.8998919, 45.5026053], [20.8989113, 45.5027146], [20.898586, 45.5025184], [20.8984919, 45.5023269], [20.903472, 45.4886074], [20.9126701, 45.4905067], [20.9188766, 45.4916475], [20.9251989, 45.4864251], [20.9271964, 45.4869148], [20.9294787, 45.488182], [20.9301353, 45.4874016], [20.9313921, 45.4869177], [20.9322794, 45.4860971], [20.9330402, 45.4858499], [20.9345393, 45.4844891], [20.9335921, 45.4840376], [20.9338759, 45.4837233], [20.9300813, 45.4819024], [20.9332882, 45.4790404], [20.9383726, 45.4748999], [20.9327103, 45.4713991], [20.9328265, 45.4712955], [20.932314, 45.4710195], [20.9336027, 45.4715177], [20.9342308, 45.4707638], [20.934102, 45.4701563], [20.9341836, 45.4695457], [20.9342984, 45.4694221], [20.9399129, 45.4703205], [20.9422031, 45.4708317], [20.9427335, 45.4708306], [20.9442344, 45.4704573], [20.9449247, 45.4704302], [20.9456823, 45.4707327], [20.946398, 45.4713015], [20.9472286, 45.471771], [20.9497764, 45.4724916], [20.9509311, 45.4730576], [20.9514176, 45.4731618], [20.9560047, 45.4735125], [20.960387, 45.4737209], [20.9625837, 45.473958], [20.9640794, 45.4736502], [20.9648114, 45.4733147], [20.9657517, 45.4725147], [20.9660402, 45.471757], [20.9653601, 45.4709755], [20.9652768, 45.4707083], [20.9656215, 45.4702253], [20.9659429, 45.4700668], [20.9662871, 45.4700023], [20.9680567, 45.470259], [20.9691848, 45.4711403], [20.9696104, 45.471345], [20.9702655, 45.4714791], [20.9712972, 45.4712348], [20.9722301, 45.4706309], [20.9724844, 45.4702722], [20.9725916, 45.4695136], [20.9729167, 45.4691925], [20.9739375, 45.4689745], [20.9749545, 45.4690456], [20.9752805, 45.4694101], [20.9757048, 45.470659], [20.976806, 45.471505], [20.9772322, 45.4716439], [20.9791728, 45.4718907], [20.9798043, 45.4721208], [20.9808038, 45.4730073], [20.982116, 45.4736912], [20.9858458, 45.4746706], [20.9915662, 45.4759326], [20.9952408, 45.4776862], [20.9994005, 45.4789939], [21.0001921, 45.4795015], [21.0011047, 45.4803516], [21.0051843, 45.4853815], [21.0067438, 45.4875389], [21.0077145, 45.4886171], [21.0087904, 45.4894783], [21.0100144, 45.490123], [21.010506, 45.4903683], [21.0110759, 45.4905906], [21.0133021, 45.4911109], [21.0148835, 45.4916855], [21.0152975, 45.4917629], [21.0165404, 45.4917253], [21.0171707, 45.4919086], [21.0176755, 45.4923628], [21.017789, 45.4932083], [21.0180465, 45.4937078], [21.0188738, 45.4941891], [21.0195725, 45.4942764], [21.0220931, 45.4938338], [21.0244794, 45.493617], [21.028054, 45.4938521], [21.0296065, 45.4936508], [21.0306025, 45.4934014], [21.0313133, 45.4933947], [21.0319805, 45.4934534], [21.0328282, 45.4938055], [21.0341641, 45.4951283], [21.0342369, 45.4956027], [21.033786, 45.496534], [21.0338265, 45.4966731], [21.0342936, 45.4971888], [21.0349749, 45.4975232], [21.0354335, 45.4979207], [21.035524, 45.4985412], [21.0353624, 45.4989204], [21.0340426, 45.499944], [21.0331199, 45.5010482], [21.0320656, 45.5016041], [21.0303297, 45.5021019], [21.029562, 45.5025155], [21.0293549, 45.5029133], [21.0295013, 45.5033746], [21.0307625, 45.5045255], [21.0309012, 45.505018], [21.0306221, 45.5055736], [21.028648, 45.5076577], [21.0275901, 45.5094642], [21.0272463, 45.5102898], [21.0188287, 45.5167125], [21.0182952, 45.5172916], [21.0181075, 45.5178867], [21.018904, 45.5191287], [21.0195855, 45.5196205], [21.0198303, 45.5195622], [21.0208452, 45.5187444], [21.0215147, 45.5185358], [21.0229975, 45.5187765], [21.0236335, 45.5191063], [21.0245874, 45.5203351], [21.0270264, 45.5226764], [21.0282367, 45.5247313], [21.0289647, 45.5252011], [21.0297707, 45.5254376], [21.0317273, 45.5254705], [21.0326629, 45.5256959], [21.0329854, 45.5258841], [21.0332601, 45.5264935], [21.0336981, 45.5270279], [21.034377, 45.5274015], [21.0368932, 45.5282033], [21.0386183, 45.5284247], [21.0393667, 45.5287653], [21.0396072, 45.5290844], [21.0397117, 45.5300632], [21.042635, 45.5327351], [21.0432384, 45.5336252], [21.0434222, 45.535864], [21.0437374, 45.5366339], [21.0417908, 45.5376933], [21.0397573, 45.5397338], [21.0376986, 45.5398749], [21.0373175, 45.5400978], [21.0357415, 45.5404165], [21.0355809, 45.5405111], [21.0358285, 45.5408894], [21.0358075, 45.5411019], [21.0352517, 45.5416696], [21.0341357, 45.5421908], [21.033585, 45.5423069], [21.0332589, 45.5422643], [21.0329811, 45.541959], [21.0327409, 45.5424212], [21.0298059, 45.5438318], [21.0286797, 45.5447899], [21.0255509, 45.5451481], [21.0244412, 45.5450109], [21.0232913, 45.5446271], [21.0210013, 45.544361], [21.0206531, 45.54438], [21.0193108, 45.5449197], [21.0188652, 45.545433], [21.0186993, 45.5458915], [21.0192125, 45.5467856], [21.0199392, 45.5474229], [21.0205668, 45.5495308], [21.0210064, 45.549979], [21.021069, 45.5502665], [21.0209615, 45.5504439], [21.0200645, 45.5510518], [21.0194329, 45.5512608], [21.014957, 45.550989], [21.0145772, 45.551034], [21.0146144, 45.551179], [21.0135861, 45.5513366], [21.009471, 45.5517407], [21.0111374, 45.5569385], [21.0067153, 45.5618218], [21.0039312, 45.5624501], [20.9999788, 45.5636771], [21.000494, 45.564272], [21.000696, 45.5648768], [21.0004256, 45.5651277], [20.9925157, 45.5709855], [20.9940309, 45.577821], [20.9889443, 45.5831728], [20.9862761, 45.5837976], [20.9830845, 45.5867708], [20.970469, 45.5843545], [20.9685936, 45.583769], [20.9664291, 45.5828781], [20.954168, 45.5783158], [20.9450521, 45.5826456], [20.9329754, 45.5894094], [20.9327425, 45.5894467], [20.932464, 45.5923821], [20.9339851, 45.5967452], [20.9332162, 45.5986947], [20.9294604, 45.5989226], [20.9295932, 45.6001595], [20.9274181, 45.6014944], [20.9238509, 45.601425], [20.9231809, 45.6013016], [20.9199414, 45.602791], [20.9177079, 45.6020891], [20.9159939, 45.5997316], [20.915059, 45.5991636], [20.9137845, 45.599204], [20.9124272, 45.5995438], [20.9107583, 45.6009384], [20.9100344, 45.6007414], [20.9076959, 45.5997163], [20.9073527, 45.5997434], [20.9062402, 45.6002681], [20.9059989, 45.6001549], [20.9030012, 45.5985694], [20.894989, 45.5956127], [20.8963069, 45.5948521], [20.9061089, 45.5816689], [20.9040147, 45.5807003], [20.9243567, 45.5725437], [20.919239, 45.5621693], [20.9174366, 45.559501], [20.9210632, 45.5584741], [20.9256759, 45.558327], [20.9295515, 45.5586994], [20.9306646, 45.5552151], [20.9309726, 45.5551573], [20.9253779, 45.5477274], [20.9245094, 45.5449331], [20.9201949, 45.5414556], [20.9237632, 45.5391917], [20.9149259, 45.5321133], [20.9135224, 45.5310059], [20.9061169, 45.5297668], [20.9008985, 45.528584], [20.8982026, 45.5279376], [20.8931383, 45.5262974], [20.8926772, 45.5258954], [20.8925961, 45.5259468], [20.8874531, 45.5204382]]]]}}, {"id": "46", "type": "Feature", "properties": {"name": "Peciu Nou", "judet": "TIMI\u0218", "admin_level": "8", "wikidata": null, "place": "municipality", "osm_id": 11321995, "siruta": "158065", "siruta_score": null, "pop_total": 0, "gp_count": null, "nearest_school_m": 3689.4132949170753, "nearest_gp_m": null, "nearest_er_m": 22312.16520051224, "school_score": 61.579810072613206, "gp_score": null, "hospital_score": 69.2195869987194, "composite_score": 64.12640238131527, "partial_data": true, "_color_composite": "#e8c8b8", "_color_school": "#e8c8b8", "_color_gp": "#9a9a9a", "_color_hospital": "#e8c8b8", "_display_color": "#e8c8b8"}, "geometry": {"type": "MultiPolygon", "coordinates": [[[[20.9062402, 45.6002681], [20.9073527, 45.5997434], [20.9076959, 45.5997163], [20.9100344, 45.6007414], [20.9107583, 45.6009384], [20.9124272, 45.5995438], [20.9137845, 45.599204], [20.915059, 45.5991636], [20.9159939, 45.5997316], [20.9177079, 45.6020891], [20.9199414, 45.602791], [20.9231809, 45.6013016], [20.9238509, 45.601425], [20.9274181, 45.6014944], [20.9295932, 45.6001595], [20.9294604, 45.5989226], [20.9332162, 45.5986947], [20.9339851, 45.5967452], [20.932464, 45.5923821], [20.9327425, 45.5894467], [20.9329754, 45.5894094], [20.9450521, 45.5826456], [20.954168, 45.5783158], [20.9664291, 45.5828781], [20.9685936, 45.583769], [20.970469, 45.5843545], [20.9830845, 45.5867708], [20.9862761, 45.5837976], [20.9889443, 45.5831728], [20.9940309, 45.577821], [20.9925157, 45.5709855], [21.0004256, 45.5651277], [21.000696, 45.5648768], [21.0060491, 45.5685824], [21.0182068, 45.5650199], [21.0274328, 45.5621702], [21.0279418, 45.5618442], [21.0330947, 45.5651245], [21.0389944, 45.5608503], [21.0423912, 45.5630772], [21.0465707, 45.5595339], [21.0468961, 45.5606326], [21.0468802, 45.5617161], [21.0470617, 45.5621757], [21.0483132, 45.5632869], [21.0502401, 45.5654907], [21.0545597, 45.5624477], [21.0549792, 45.5622637], [21.059145, 45.5632777], [21.0599441, 45.5636823], [21.060343, 45.5641251], [21.0615828, 45.5664847], [21.0638816, 45.5686961], [21.0641578, 45.5746334], [21.0644022, 45.5753017], [21.0647465, 45.5757217], [21.068332, 45.5789968], [21.0697794, 45.5799735], [21.0716247, 45.5806779], [21.0757274, 45.5834394], [21.0845592, 45.5897612], [21.0848741, 45.59037], [21.0872037, 45.5888963], [21.0873943, 45.5891971], [21.087899, 45.5908257], [21.0886472, 45.5957549], [21.0889024, 45.5961254], [21.090017, 45.5969397], [21.0904247, 45.5974075], [21.0909527, 45.5990163], [21.0923379, 45.6001161], [21.0923266, 45.6024479], [21.0924373, 45.6030107], [21.0926896, 45.6035587], [21.0934946, 45.6045136], [21.0940449, 45.6056617], [21.0940474, 45.6072401], [21.0943013, 45.6081696], [21.0947778, 45.6085937], [21.0965244, 45.6111394], [21.0977168, 45.6124562], [21.0997869, 45.6136633], [21.100524, 45.6138464], [21.1020209, 45.613753], [21.1024326, 45.6138986], [21.1028141, 45.6142076], [21.1037946, 45.6164181], [21.1041331, 45.616673], [21.1053614, 45.6169386], [21.1056141, 45.6170788], [21.1060241, 45.6177293], [21.1062937, 45.6192446], [21.1067203, 45.6201207], [21.1088414, 45.6213102], [21.1039752, 45.6245801], [21.1028756, 45.6254832], [21.0985558, 45.6302532], [21.1022919, 45.6326419], [21.1009495, 45.6342795], [21.1002256, 45.6339971], [21.0925627, 45.645499], [21.0917745, 45.6455048], [21.090766, 45.6467559], [21.0858209, 45.6443943], [21.0827936, 45.647687], [21.079329, 45.6407678], [21.0691805, 45.6487281], [21.0700844, 45.6492131], [21.06985, 45.6500139], [21.070104, 45.6554689], [21.064248, 45.6550731], [21.0609223, 45.6548541], [21.0608959, 45.655295], [21.0589348, 45.6599641], [21.0477441, 45.657427], [21.0361775, 45.6637941], [21.017904, 45.6735852], [21.0075748, 45.6844776], [21.0032314, 45.6812028], [20.9956686, 45.6755126], [20.9859576, 45.6711159], [20.9840525, 45.6702786], [20.9829724, 45.6699301], [20.9674193, 45.666898], [20.9637056, 45.6662727], [20.928459, 45.6592395], [20.9341747, 45.6528461], [20.9346029, 45.6529254], [20.9370483, 45.6464952], [20.9403013, 45.6462142], [20.9398864, 45.6461041], [20.9400798, 45.644281], [20.9393879, 45.640855], [20.9391487, 45.6404592], [20.9471616, 45.6396802], [20.9477668, 45.6404125], [20.9535683, 45.6364547], [20.9543599, 45.6369667], [20.9588863, 45.6334399], [20.9434637, 45.6228566], [20.9295626, 45.6328035], [20.9128867, 45.6215285], [20.9119177, 45.6214215], [20.9107437, 45.6208136], [20.9106227, 45.6207077], [20.9106747, 45.6202358], [20.9105646, 45.6200114], [20.8961931, 45.6102586], [20.8996826, 45.6076394], [20.8922743, 45.6025197], [20.8955529, 45.6013485], [20.8994195, 45.6017792], [20.9047143, 45.6017408], [20.905268, 45.6015564], [20.9062402, 45.6002681]]]]}}, {"id": "47", "type": "Feature", "properties": {"name": "Uivar", "judet": "TIMI\u0218", "admin_level": "8", "wikidata": null, "place": "municipality", "osm_id": 11321996, "siruta": "159142", "siruta_score": null, "pop_total": 0, "gp_count": null, "nearest_school_m": 1395.8697883610664, "nearest_gp_m": null, "nearest_er_m": 28357.71894590117, "school_score": 94.34471730912765, "gp_score": null, "hospital_score": 54.10570263524706, "composite_score": 80.9317124178341, "partial_data": true, "_color_composite": "#f5ecd9", "_color_school": "#f5ecd9", "_color_gp": "#9a9a9a", "_color_hospital": "#d99080", "_display_color": "#f5ecd9"}, "geometry": {"type": "MultiPolygon", "coordinates": [[[[20.7657906, 45.6126216], [20.7665839, 45.6091287], [20.7689902, 45.5974823], [20.7711724, 45.5876742], [20.7719895, 45.5829807], [20.7720068, 45.5828812], [20.7720116, 45.5828535], [20.7749312, 45.5834541], [20.7777748, 45.5840219], [20.7806259, 45.5846148], [20.7833298, 45.5851698], [20.7860268, 45.58574], [20.7891367, 45.5863723], [20.7913281, 45.5868107], [20.793527, 45.5872766], [20.7953231, 45.5876395], [20.7954366, 45.5874603], [20.7959819, 45.5876531], [20.7961522, 45.5874451], [20.7965701, 45.5877277], [20.8079969, 45.5965482], [20.8068172, 45.5975101], [20.7992936, 45.6064945], [20.8055178, 45.6110872], [20.8016165, 45.6155947], [20.8211308, 45.6245015], [20.821107, 45.6246141], [20.8358818, 45.6311727], [20.8411886, 45.6251202], [20.8403996, 45.6218693], [20.8397314, 45.6210158], [20.818074, 45.6099949], [20.8180227, 45.609736], [20.817005, 45.6087551], [20.8194216, 45.6068711], [20.8205171, 45.6062208], [20.823869, 45.6087483], [20.8467392, 45.618497], [20.8506324, 45.6198781], [20.8541977, 45.6214505], [20.8544904, 45.6213871], [20.8544037, 45.6217813], [20.8718854, 45.6293599], [20.8878943, 45.6360575], [20.8916149, 45.6320571], [20.8949306, 45.6304837], [20.8981392, 45.6271933], [20.8981918, 45.6262044], [20.8929797, 45.6165988], [20.8909559, 45.6143054], [20.8840195, 45.605637], [20.8854226, 45.6053092], [20.885668, 45.6051012], [20.8896372, 45.5986591], [20.894989, 45.5956127], [20.9030012, 45.5985694], [20.9059989, 45.6001549], [20.9062402, 45.6002681], [20.905268, 45.6015564], [20.9047143, 45.6017408], [20.8994195, 45.6017792], [20.8955529, 45.6013485], [20.8922743, 45.6025197], [20.8996826, 45.6076394], [20.8961931, 45.6102586], [20.9105646, 45.6200114], [20.9106747, 45.6202358], [20.9106227, 45.6207077], [20.9107437, 45.6208136], [20.9119177, 45.6214215], [20.9128867, 45.6215285], [20.9295626, 45.6328035], [20.9434637, 45.6228566], [20.9588863, 45.6334399], [20.9543599, 45.6369667], [20.9535683, 45.6364547], [20.9477668, 45.6404125], [20.9471616, 45.6396802], [20.9391487, 45.6404592], [20.9393879, 45.640855], [20.9400798, 45.644281], [20.9398864, 45.6461041], [20.9403013, 45.6462142], [20.9370483, 45.6464952], [20.9346029, 45.6529254], [20.9341747, 45.6528461], [20.928459, 45.6592395], [20.9637056, 45.6662727], [20.9674193, 45.666898], [20.9829724, 45.6699301], [20.9840525, 45.6702786], [20.9859576, 45.6711159], [20.9956686, 45.6755126], [21.0032314, 45.6812028], [21.0075748, 45.6844776], [21.0063374, 45.6857767], [21.0050813, 45.6870757], [21.0041943, 45.689918], [21.0142034, 45.6921991], [21.016049, 45.6925307], [21.016221, 45.6926639], [21.0153198, 45.6953787], [21.0141503, 45.6952361], [21.0151904, 45.6961753], [21.0154294, 45.6966414], [21.0157039, 45.6986471], [21.0125606, 45.6981939], [21.011198, 45.7019953], [21.0099954, 45.7018134], [21.0079949, 45.7086955], [21.0101669, 45.7090386], [21.0081643, 45.7162007], [21.0027549, 45.7172884], [20.9979665, 45.7172219], [20.9974836, 45.7201179], [20.9972116, 45.7200582], [20.9964946, 45.7195568], [20.9954772, 45.7180794], [20.9950436, 45.7179734], [20.9939063, 45.7181403], [20.9935641, 45.7182842], [20.9931838, 45.7187327], [20.9919694, 45.7194885], [20.9908784, 45.7203656], [20.9903451, 45.720633], [20.9892358, 45.7202964], [20.9879066, 45.7196486], [20.9861441, 45.7189968], [20.9831275, 45.7192314], [20.9814522, 45.7191374], [20.9811565, 45.7192273], [20.9809572, 45.7194865], [20.9804237, 45.7212075], [20.9797102, 45.721815], [20.9788972, 45.7223033], [20.9774125, 45.7220023], [20.9772149, 45.7217479], [20.9771495, 45.7205629], [20.9769309, 45.7200128], [20.9763006, 45.7195008], [20.9755747, 45.7192718], [20.9737577, 45.7124618], [20.9711353, 45.7101384], [20.9626683, 45.7082642], [20.961691, 45.7067974], [20.9518193, 45.7070138], [20.9461489, 45.7075935], [20.9445053, 45.707885], [20.9441546, 45.707685], [20.9426752, 45.7063207], [20.9415477, 45.7047458], [20.9407553, 45.7039218], [20.9305478, 45.7033662], [20.9302889, 45.7033829], [20.9303516, 45.7025208], [20.9304931, 45.7020992], [20.9313705, 45.6934329], [20.9315829, 45.6933484], [20.931208, 45.6926313], [20.9302808, 45.689392], [20.9256807, 45.6789321], [20.9253763, 45.6785133], [20.9168415, 45.6799469], [20.9165716, 45.6797344], [20.9165092, 45.6798365], [20.9061971, 45.6814991], [20.9034819, 45.6810706], [20.9014868, 45.6811355], [20.9010955, 45.68129], [20.8855522, 45.6831368], [20.8782332, 45.6872222], [20.8716551, 45.691096], [20.8714294, 45.691371], [20.8707925, 45.6913928], [20.8697099, 45.6919788], [20.8685678, 45.6914628], [20.866826, 45.6908676], [20.863806, 45.6893776], [20.8630553, 45.6891203], [20.8623907, 45.6892184], [20.8615986, 45.6895203], [20.8578424, 45.6905564], [20.8578452, 45.6906643], [20.8563874, 45.6910858], [20.8557346, 45.6911698], [20.8547536, 45.6911126], [20.8524118, 45.6907895], [20.8522369, 45.6909341], [20.8522087, 45.6907605], [20.85183, 45.6907467], [20.8515369, 45.6906857], [20.8510827, 45.6905829], [20.8504707, 45.6899783], [20.8472906, 45.6877487], [20.8469808, 45.6876368], [20.8457023, 45.6865551], [20.8427706, 45.6844982], [20.8421693, 45.6840232], [20.8421767, 45.6838546], [20.8390637, 45.6815056], [20.8177862, 45.6663235], [20.8175831, 45.6663284], [20.8171411, 45.6660955], [20.8048868, 45.6573022], [20.8049896, 45.6572258], [20.8031476, 45.6558891], [20.8015389, 45.6547168], [20.7996732, 45.6533657], [20.7994873, 45.6532334], [20.7976772, 45.6519157], [20.7958264, 45.6505727], [20.793942, 45.6492034], [20.7920419, 45.647836], [20.790123, 45.6464573], [20.7888833, 45.6455607], [20.7887272, 45.6451071], [20.7882616, 45.6440019], [20.7876171, 45.6424644], [20.7870296, 45.6410665], [20.7863756, 45.6395034], [20.7858215, 45.6381905], [20.7852103, 45.6367297], [20.7845624, 45.635188], [20.7838516, 45.6334985], [20.7833326, 45.632263], [20.7827568, 45.6308763], [20.7819229, 45.628869], [20.7813763, 45.6275475], [20.7807982, 45.6261635], [20.7802201, 45.6247685], [20.779297, 45.6225497], [20.777829, 45.6214344], [20.7763283, 45.6203325], [20.7748171, 45.6192264], [20.7734896, 45.6182617], [20.7720017, 45.6171647], [20.7697631, 45.6155197], [20.7682147, 45.6143851], [20.7657906, 45.6126216]]]]}}, {"id": "48", "type": "Feature", "properties": {"name": "Cenei", "judet": "TIMI\u0218", "admin_level": "8", "wikidata": null, "place": "municipality", "osm_id": 11321997, "siruta": "156277", "siruta_score": null, "pop_total": 0, "gp_count": null, "nearest_school_m": 1478.6047606113573, "nearest_gp_m": null, "nearest_er_m": 24548.907800232617, "school_score": 93.16278913412349, "gp_score": null, "hospital_score": 63.62773049941846, "composite_score": 83.3177695892218, "partial_data": true, "_color_composite": "#f5ecd9", "_color_school": "#f5ecd9", "_color_gp": "#9a9a9a", "_color_hospital": "#e8c8b8", "_display_color": "#f5ecd9"}, "geometry": {"type": "MultiPolygon", "coordinates": [[[[20.85183, 45.6907467], [20.8522087, 45.6907605], [20.8522369, 45.6909341], [20.8524118, 45.6907895], [20.8547536, 45.6911126], [20.8557346, 45.6911698], [20.8563874, 45.6910858], [20.8578452, 45.6906643], [20.8578424, 45.6905564], [20.8615986, 45.6895203], [20.8623907, 45.6892184], [20.8630553, 45.6891203], [20.863806, 45.6893776], [20.866826, 45.6908676], [20.8685678, 45.6914628], [20.8697099, 45.6919788], [20.8707925, 45.6913928], [20.8714294, 45.691371], [20.8716551, 45.691096], [20.8782332, 45.6872222], [20.8855522, 45.6831368], [20.9010955, 45.68129], [20.9014868, 45.6811355], [20.9034819, 45.6810706], [20.9061971, 45.6814991], [20.9165092, 45.6798365], [20.9165716, 45.6797344], [20.9168415, 45.6799469], [20.9253763, 45.6785133], [20.9256807, 45.6789321], [20.9302808, 45.689392], [20.931208, 45.6926313], [20.9315829, 45.6933484], [20.9313705, 45.6934329], [20.9304931, 45.7020992], [20.9303516, 45.7025208], [20.9302889, 45.7033829], [20.9305478, 45.7033662], [20.9407553, 45.7039218], [20.9415477, 45.7047458], [20.9426752, 45.7063207], [20.9441546, 45.707685], [20.9445053, 45.707885], [20.9461489, 45.7075935], [20.9518193, 45.7070138], [20.961691, 45.7067974], [20.9626683, 45.7082642], [20.9711353, 45.7101384], [20.9737577, 45.7124618], [20.9755747, 45.7192718], [20.9763006, 45.7195008], [20.9769309, 45.7200128], [20.9771495, 45.7205629], [20.9772149, 45.7217479], [20.9774125, 45.7220023], [20.9788972, 45.7223033], [20.9772103, 45.7239012], [20.9734981, 45.7274303], [20.971752, 45.7292594], [20.9704967, 45.7298026], [20.9694619, 45.7298262], [20.9688128, 45.7300217], [20.9683296, 45.730306], [20.9669586, 45.7325456], [20.966111, 45.7353405], [20.9642901, 45.7336582], [20.9626717, 45.732373], [20.9618806, 45.7322997], [20.9621123, 45.7325189], [20.9615969, 45.7326513], [20.9609426, 45.7332157], [20.9601393, 45.7342041], [20.9601251, 45.7343995], [20.9598304, 45.7344569], [20.9600343, 45.7352099], [20.9589402, 45.7381433], [20.9592261, 45.7384007], [20.9599877, 45.7386494], [20.9544063, 45.7496813], [20.9522249, 45.7538222], [20.9514084, 45.7551272], [20.9493942, 45.7571711], [20.9485152, 45.7578355], [20.9352407, 45.7704784], [20.9244086, 45.7799306], [20.9230931, 45.7772661], [20.8997734, 45.7768964], [20.8997195, 45.7788947], [20.8967455, 45.7788095], [20.8967811, 45.7793098], [20.8932356, 45.7792475], [20.8913398, 45.7793412], [20.8899148, 45.7770611], [20.8829698, 45.7669547], [20.8800762, 45.7617073], [20.8784302, 45.7593287], [20.8772481, 45.7572852], [20.8767853, 45.7561791], [20.8756088, 45.7540637], [20.873317, 45.7532066], [20.8731881, 45.7530234], [20.873109, 45.7516645], [20.8728681, 45.7513822], [20.8700845, 45.7508631], [20.8675215, 45.7500481], [20.8658875, 45.7493449], [20.8648919, 45.7487385], [20.8630056, 45.7469754], [20.8628188, 45.7453755], [20.8629361, 45.7452685], [20.8660492, 45.744963], [20.8668421, 45.7448155], [20.867062, 45.7445314], [20.868214, 45.7307161], [20.8604109, 45.7297262], [20.8583603, 45.7251309], [20.8668237, 45.7167852], [20.867876, 45.7159255], [20.867923, 45.7155011], [20.866819, 45.711685], [20.8552381, 45.7076082], [20.8539374, 45.7000173], [20.8522989, 45.6916555], [20.8522245, 45.6913888], [20.8516541, 45.6913125], [20.8516989, 45.6911284], [20.85183, 45.6907467]]]]}}, {"id": "49", "type": "Feature", "properties": {"name": "Checea", "judet": "TIMI\u0218", "admin_level": "8", "wikidata": null, "place": "municipality", "osm_id": 11321998, "siruta": "159375", "siruta_score": null, "pop_total": 0, "gp_count": null, "nearest_school_m": 2528.1732129914926, "nearest_gp_m": null, "nearest_er_m": 30237.476724121843, "school_score": 78.16895410012152, "gp_score": null, "hospital_score": 49.4063081896954, "composite_score": 68.58140546331282, "partial_data": true, "_color_composite": "#e8c8b8", "_color_school": "#e8c8b8", "_color_gp": "#9a9a9a", "_color_hospital": "#d99080", "_display_color": "#e8c8b8"}, "geometry": {"type": "MultiPolygon", "coordinates": [[[[20.7961665, 45.6870319], [20.7971463, 45.6863215], [20.7989914, 45.684996], [20.7990888, 45.6850197], [20.7991422, 45.6848795], [20.8003891, 45.6839504], [20.8017719, 45.6829156], [20.8029859, 45.6820114], [20.8025688, 45.6806163], [20.8020588, 45.6788347], [20.8014994, 45.6769229], [20.8009743, 45.6751376], [20.8004761, 45.6734527], [20.8000338, 45.6719513], [20.8004345, 45.6703226], [20.8008397, 45.6686713], [20.8011875, 45.6672472], [20.8018857, 45.6653396], [20.8024112, 45.6638729], [20.8030139, 45.6622025], [20.8035902, 45.6606414], [20.8041927, 45.6589454], [20.804614, 45.6577877], [20.8047554, 45.657399], [20.8048868, 45.6573022], [20.8171411, 45.6660955], [20.8175831, 45.6663284], [20.8177862, 45.6663235], [20.8390637, 45.6815056], [20.8421767, 45.6838546], [20.8421693, 45.6840232], [20.8427706, 45.6844982], [20.8457023, 45.6865551], [20.8469808, 45.6876368], [20.8472906, 45.6877487], [20.8504707, 45.6899783], [20.8510827, 45.6905829], [20.8515369, 45.6906857], [20.85183, 45.6907467], [20.8516989, 45.6911284], [20.8516541, 45.6913125], [20.8522245, 45.6913888], [20.8522989, 45.6916555], [20.8539374, 45.7000173], [20.8552381, 45.7076082], [20.866819, 45.711685], [20.867923, 45.7155011], [20.867876, 45.7159255], [20.8668237, 45.7167852], [20.8583603, 45.7251309], [20.8604109, 45.7297262], [20.868214, 45.7307161], [20.867062, 45.7445314], [20.8668421, 45.7448155], [20.8660492, 45.744963], [20.8629361, 45.7452685], [20.8628188, 45.7453755], [20.8630056, 45.7469754], [20.8648919, 45.7487385], [20.8658875, 45.7493449], [20.8675215, 45.7500481], [20.8700845, 45.7508631], [20.8728681, 45.7513822], [20.873109, 45.7516645], [20.8731881, 45.7530234], [20.873317, 45.7532066], [20.8756088, 45.7540637], [20.8767853, 45.7561791], [20.8772481, 45.7572852], [20.8784302, 45.7593287], [20.8800762, 45.7617073], [20.8829698, 45.7669547], [20.8899148, 45.7770611], [20.8913398, 45.7793412], [20.8913221, 45.7793473], [20.8907742, 45.7793701], [20.8810298, 45.7784673], [20.8785044, 45.7865498], [20.8672204, 45.7876068], [20.8338152, 45.7904249], [20.8293534, 45.7908574], [20.828667, 45.7909003], [20.8285757, 45.7909386], [20.8286903, 45.7899531], [20.8291566, 45.7888284], [20.8330644, 45.7754162], [20.8334809, 45.7749059], [20.8332936, 45.7744771], [20.8311627, 45.7749466], [20.8289156, 45.7752096], [20.8287422, 45.7753403], [20.8235205, 45.7759915], [20.8233296, 45.7751965], [20.8230651, 45.7750927], [20.8222276, 45.7716078], [20.821446, 45.7682818], [20.8205036, 45.7645791], [20.818737, 45.7574856], [20.8173654, 45.7517578], [20.8159378, 45.7492536], [20.8081525, 45.7483863], [20.8053264, 45.74267], [20.8026644, 45.7377459], [20.8024241, 45.733352], [20.8015048, 45.7172932], [20.8012903, 45.7119761], [20.801251, 45.7082289], [20.8011486, 45.7050678], [20.8010418, 45.7019661], [20.7994992, 45.7023979], [20.7988324, 45.7021295], [20.7989246, 45.7018], [20.8022244, 45.6998058], [20.8011985, 45.6964913], [20.7961665, 45.6870319]]]]}}, {"id": "50", "type": "Feature", "properties": {"name": "P\u0103dureni", "judet": "TIMI\u0218", "admin_level": "8", "wikidata": null, "place": "municipality", "osm_id": 11322029, "siruta": "159446", "siruta_score": null, "pop_total": 0, "gp_count": null, "nearest_school_m": 2323.4449235921006, "nearest_gp_m": null, "nearest_er_m": 14946.563809674282, "school_score": 81.09364394868427, "gp_score": null, "hospital_score": 87.6335904758143, "composite_score": 83.27362612439426, "partial_data": true, "_color_composite": "#f5ecd9", "_color_school": "#f5ecd9", "_color_gp": "#9a9a9a", "_color_hospital": "#f5ecd9", "_display_color": "#f5ecd9"}, "geometry": {"type": "MultiPolygon", "coordinates": [[[[21.1721354, 45.5734028], [21.1725516, 45.5738514], [21.1744871, 45.5752835], [21.175022, 45.5753149], [21.1755178, 45.5752171], [21.1756218, 45.574958], [21.1753995, 45.5745552], [21.1744325, 45.5736877], [21.1745114, 45.5735153], [21.1749212, 45.5731318], [21.1756061, 45.5729326], [21.1766164, 45.5723201], [21.1775935, 45.5711659], [21.1786641, 45.5702323], [21.1789284, 45.5701536], [21.179188, 45.5702835], [21.1795852, 45.5709298], [21.1802438, 45.5715378], [21.1809363, 45.57179], [21.18171, 45.5718362], [21.1822704, 45.5717742], [21.1852832, 45.5708757], [21.1878458, 45.5695744], [21.1886236, 45.5695601], [21.1906086, 45.5698421], [21.1912967, 45.5704548], [21.1913454, 45.5707258], [21.1911499, 45.571204], [21.1906933, 45.5715726], [21.1900491, 45.5718809], [21.1891765, 45.57202], [21.1883017, 45.5717685], [21.1869718, 45.5715825], [21.1862568, 45.571801], [21.1862445, 45.5726825], [21.1868526, 45.5730629], [21.1879036, 45.5741082], [21.1887501, 45.5744935], [21.1903222, 45.5745788], [21.1914013, 45.5735174], [21.1931319, 45.5726057], [21.1938705, 45.5724621], [21.1945115, 45.5724835], [21.194822, 45.572377], [21.1997629, 45.572917], [21.2011605, 45.5728554], [21.2038162, 45.5724105], [21.2033703, 45.5745117], [21.2050344, 45.574692], [21.2049593, 45.5750207], [21.2065838, 45.5751894], [21.206261, 45.5767127], [21.2093308, 45.5770599], [21.2096064, 45.5763108], [21.2104122, 45.5758703], [21.2107241, 45.5754968], [21.2110029, 45.5745382], [21.2113461, 45.5745496], [21.2115611, 45.5734556], [21.21146, 45.5730591], [21.211004, 45.5725798], [21.22099, 45.5728962], [21.2242084, 45.5732043], [21.2256087, 45.5735603], [21.2257155, 45.5743315], [21.2263219, 45.5748393], [21.2272187, 45.5751414], [21.2277478, 45.5752085], [21.2289426, 45.5749237], [21.229232, 45.5749488], [21.2312526, 45.5760103], [21.2306426, 45.5765635], [21.2306362, 45.576939], [21.2310149, 45.5771724], [21.2334461, 45.5766927], [21.2344989, 45.5765952], [21.2351459, 45.5766793], [21.2359352, 45.5771602], [21.2360617, 45.5775138], [21.236, 45.5778829], [21.2344511, 45.5789258], [21.2339961, 45.5795419], [21.2339554, 45.5800086], [21.2341967, 45.5808847], [21.2348976, 45.5815684], [21.2352631, 45.5823496], [21.2353001, 45.5828566], [21.2360425, 45.5837578], [21.2360396, 45.5845766], [21.2356824, 45.5852122], [21.2357229, 45.5853784], [21.2365535, 45.5860156], [21.2371681, 45.586397], [21.2411642, 45.5893887], [21.242376, 45.59002], [21.2430587, 45.590687], [21.2497145, 45.5912983], [21.2751257, 45.593945], [21.2755358, 45.5938871], [21.2822098, 45.5945883], [21.2825177, 45.594732], [21.2906349, 45.5956609], [21.3032922, 45.6071335], [21.3031537, 45.6078864], [21.3042131, 45.60823], [21.3022317, 45.6120863], [21.2858936, 45.6209082], [21.2911782, 45.6258621], [21.2912543, 45.6261437], [21.2908221, 45.6263953], [21.2906088, 45.6266845], [21.2902001, 45.6291405], [21.2896779, 45.6315951], [21.288329, 45.6381419], [21.2859124, 45.6512983], [21.2865236, 45.6520902], [21.2865643, 45.6528718], [21.2858976, 45.6539085], [21.2846561, 45.6547025], [21.282619, 45.6552072], [21.2796519, 45.655235], [21.2796537, 45.655117], [21.2793881, 45.6551294], [21.278661, 45.655338], [21.2783319, 45.6547162], [21.2776956, 45.6538137], [21.2769989, 45.6531454], [21.2734764, 45.64837], [21.2715398, 45.6467637], [21.2708397, 45.6458118], [21.2699811, 45.6452169], [21.2685785, 45.6446986], [21.2675177, 45.6444434], [21.2668476, 45.64439], [21.2641873, 45.6448852], [21.2602493, 45.6453775], [21.2591864, 45.6451537], [21.2587834, 45.6444634], [21.2588642, 45.6432538], [21.2603971, 45.6411473], [21.2604213, 45.640786], [21.2603162, 45.6403417], [21.2589012, 45.6400118], [21.2582473, 45.6400532], [21.2563499, 45.6415652], [21.2555534, 45.6440738], [21.2548098, 45.6451199], [21.2520496, 45.6460996], [21.2516956, 45.6463555], [21.251504, 45.6468688], [21.2514546, 45.6480595], [21.2506163, 45.6490594], [21.2497063, 45.6505384], [21.2488277, 45.6512494], [21.2473176, 45.6513726], [21.2464942, 45.6510801], [21.2460065, 45.6504006], [21.2459898, 45.648084], [21.2457533, 45.6477626], [21.2448726, 45.6472993], [21.2433952, 45.646756], [21.241657, 45.6463527], [21.2406288, 45.6462946], [21.2395566, 45.6463798], [21.238392, 45.6465584], [21.2377236, 45.6467775], [21.2373502, 45.6469582], [21.2368716, 45.6474249], [21.2357783, 45.6491016], [21.2353445, 45.6494129], [21.2347437, 45.649393], [21.2341248, 45.6491313], [21.2316112, 45.6469907], [21.228215, 45.6450567], [21.2268164, 45.6446244], [21.2259241, 45.6445866], [21.2248541, 45.6446399], [21.2231273, 45.6451971], [21.2212615, 45.6451619], [21.2208209, 45.6449222], [21.2200614, 45.6440842], [21.2191909, 45.6428016], [21.2179781, 45.6421711], [21.2154319, 45.6412171], [21.2136643, 45.6399267], [21.2125069, 45.63939], [21.2095086, 45.6386858], [21.2096246, 45.6371464], [21.2049826, 45.6369989], [21.1869122, 45.63702], [21.1839273, 45.6365614], [21.1846325, 45.6361414], [21.1873253, 45.6336387], [21.1884174, 45.6313414], [21.1902755, 45.6273702], [21.1905152, 45.627193], [21.1912276, 45.6175921], [21.1886235, 45.6162661], [21.1823216, 45.6156325], [21.1824797, 45.6092564], [21.1813649, 45.6063175], [21.1814387, 45.5994647], [21.177462, 45.5993311], [21.177461, 45.5985916], [21.1723212, 45.598545], [21.1723987, 45.5947615], [21.1728379, 45.5911329], [21.1725533, 45.5814883], [21.1721354, 45.5734028]]]]}}, {"id": "51", "type": "Feature", "properties": {"name": "Par\u021ba", "judet": "TIMI\u0218", "admin_level": "8", "wikidata": "Q12725025", "place": "municipality", "osm_id": 11322030, "siruta": "159437", "siruta_score": null, "pop_total": 0, "gp_count": null, "nearest_school_m": 914.5754853835292, "nearest_gp_m": null, "nearest_er_m": 16020.58677403674, "school_score": 100.0, "gp_score": null, "hospital_score": 84.94853306490815, "composite_score": 94.98284435496936, "partial_data": true, "_color_composite": "#f5ecd9", "_color_school": "#f5ecd9", "_color_gp": "#9a9a9a", "_color_hospital": "#f5ecd9", "_display_color": "#f5ecd9"}, "geometry": {"type": "MultiPolygon", "coordinates": [[[[21.070104, 45.6554689], [21.06985, 45.6500139], [21.0700844, 45.6492131], [21.0691805, 45.6487281], [21.079329, 45.6407678], [21.0827936, 45.647687], [21.0858209, 45.6443943], [21.090766, 45.6467559], [21.0917745, 45.6455048], [21.0925627, 45.645499], [21.1002256, 45.6339971], [21.1009495, 45.6342795], [21.1022919, 45.6326419], [21.0985558, 45.6302532], [21.1028756, 45.6254832], [21.1039752, 45.6245801], [21.1088414, 45.6213102], [21.1067203, 45.6201207], [21.1062937, 45.6192446], [21.1060241, 45.6177293], [21.1056141, 45.6170788], [21.1053614, 45.6169386], [21.1041331, 45.616673], [21.1037946, 45.6164181], [21.1028141, 45.6142076], [21.1024326, 45.6138986], [21.1020209, 45.613753], [21.100524, 45.6138464], [21.0997869, 45.6136633], [21.0977168, 45.6124562], [21.0965244, 45.6111394], [21.0947778, 45.6085937], [21.0943013, 45.6081696], [21.0940474, 45.6072401], [21.0940449, 45.6056617], [21.0934946, 45.6045136], [21.0926896, 45.6035587], [21.0924373, 45.6030107], [21.0923266, 45.6024479], [21.0923379, 45.6001161], [21.0909527, 45.5990163], [21.0904247, 45.5974075], [21.090017, 45.5969397], [21.0889024, 45.5961254], [21.0886472, 45.5957549], [21.087899, 45.5908257], [21.0873943, 45.5891971], [21.0872037, 45.5888963], [21.0913683, 45.5863857], [21.1098058, 45.5950586], [21.1184561, 45.5969624], [21.1305272, 45.5811376], [21.1302265, 45.5802376], [21.1298375, 45.5799551], [21.1297851, 45.5797242], [21.1302515, 45.5788851], [21.1303608, 45.5783666], [21.1299136, 45.5771307], [21.1303725, 45.5768013], [21.1307433, 45.5761438], [21.1317186, 45.5757426], [21.1317302, 45.5755077], [21.1311599, 45.5741686], [21.1315333, 45.574038], [21.1333233, 45.5742576], [21.1340303, 45.5742022], [21.1353834, 45.5744928], [21.1362675, 45.574897], [21.1366908, 45.5747027], [21.1368273, 45.5740598], [21.137014, 45.5738791], [21.1376682, 45.5734552], [21.1382489, 45.5732341], [21.1405018, 45.5732033], [21.1486606, 45.5719308], [21.1520117, 45.5699174], [21.1551173, 45.5678678], [21.1557, 45.5683542], [21.1565212, 45.568685], [21.1570333, 45.5687696], [21.1576908, 45.5684726], [21.1596559, 45.5668017], [21.1600342, 45.5665989], [21.1603707, 45.5674745], [21.1608697, 45.5680301], [21.1625087, 45.5683211], [21.164986, 45.5696773], [21.1658203, 45.569767], [21.1697304, 45.5696631], [21.1703509, 45.5698456], [21.1709657, 45.5704532], [21.1709892, 45.5708109], [21.1706468, 45.5714728], [21.1698701, 45.5721738], [21.1694886, 45.572702], [21.1696705, 45.57313], [21.1700732, 45.5732715], [21.1715932, 45.5734843], [21.1721354, 45.5734028], [21.1725533, 45.5814883], [21.1728379, 45.5911329], [21.1723987, 45.5947615], [21.1723212, 45.598545], [21.177461, 45.5985916], [21.177462, 45.5993311], [21.1814387, 45.5994647], [21.1813649, 45.6063175], [21.1824797, 45.6092564], [21.1823216, 45.6156325], [21.1886235, 45.6162661], [21.1912276, 45.6175921], [21.1905152, 45.627193], [21.1902755, 45.6273702], [21.1884174, 45.6313414], [21.1648759, 45.6274072], [21.1637458, 45.6308982], [21.1658151, 45.631243], [21.1647448, 45.6343963], [21.1663343, 45.6346792], [21.1639943, 45.6411694], [21.1707701, 45.6422339], [21.1706045, 45.6431138], [21.1697234, 45.6428663], [21.1644153, 45.6423677], [21.1612406, 45.6418355], [21.1571979, 45.6413612], [21.155722, 45.641433], [21.1546729, 45.6417398], [21.1536497, 45.6416464], [21.1531101, 45.6415086], [21.152276, 45.640783], [21.1516413, 45.6404404], [21.1494403, 45.6401804], [21.1481856, 45.6396069], [21.1473759, 45.6407338], [21.1470134, 45.6408755], [21.1465766, 45.6414094], [21.146291, 45.641249], [21.145606, 45.6415406], [21.1447512, 45.6416706], [21.1412647, 45.6427583], [21.1420742, 45.6439314], [21.1420984, 45.6443225], [21.1408615, 45.6452538], [21.1397258, 45.6458437], [21.1383398, 45.6463911], [21.1381851, 45.6464014], [21.1371045, 45.6458738], [21.1372047, 45.6459452], [21.133529, 45.64969], [21.1242986, 45.6599974], [21.1201708, 45.6656955], [21.1201449, 45.6657339], [21.1179699, 45.6689511], [21.1164221, 45.6711675], [21.1150957, 45.6729873], [21.1131038, 45.6759858], [21.0846594, 45.6650443], [21.0884933, 45.6602537], [21.0885628, 45.6598224], [21.0872164, 45.656623], [21.070104, 45.6554689]]]]}}, {"id": "52", "type": "Feature", "properties": {"name": "Periam", "judet": "TIMI\u0218", "admin_level": "8", "wikidata": null, "place": "municipality", "osm_id": 11322066, "siruta": "158109", "siruta_score": null, "pop_total": 0, "gp_count": null, "nearest_school_m": 1108.7252593512908, "nearest_gp_m": null, "nearest_er_m": 41318.85378845895, "school_score": 98.44678200926728, "gp_score": null, "hospital_score": 21.70286552885262, "composite_score": 72.86547651579572, "partial_data": true, "_color_composite": "#e8c8b8", "_color_school": "#f5ecd9", "_color_gp": "#9a9a9a", "_color_hospital": "#b54545", "_display_color": "#e8c8b8"}, "geometry": {"type": "MultiPolygon", "coordinates": [[[[20.8434614, 46.0161253], [20.8424031, 46.0082429], [20.8447957, 46.006293], [20.8631402, 45.9923743], [20.8657488, 45.9930058], [20.8954663, 45.999262], [20.9167198, 46.0035834], [20.9273904, 46.0195063], [20.928701, 46.0191528], [20.939769, 46.0360824], [20.9406675, 46.0375164], [20.9340724, 46.0438126], [20.9276231, 46.0522462], [20.9219922, 46.0594176], [20.9207155, 46.063844], [20.9195415, 46.0682422], [20.9179816, 46.0743087], [20.9151854, 46.0748451], [20.9150907, 46.0739716], [20.9145049, 46.0733971], [20.9134644, 46.0728959], [20.9124489, 46.0727403], [20.9111642, 46.0727538], [20.9098354, 46.0733614], [20.9082331, 46.0741975], [20.9063701, 46.0750837], [20.9037582, 46.0768366], [20.9009296, 46.0780457], [20.8975843, 46.0792958], [20.8941948, 46.0811399], [20.8915821, 46.0828928], [20.8888561, 46.0838673], [20.8861475, 46.0846041], [20.8841839, 46.0845337], [20.8818787, 46.084451], [20.8803481, 46.0844164], [20.8787485, 46.0842251], [20.8777356, 46.0840815], [20.8739376, 46.0826973], [20.871427, 46.0825634], [20.8685544, 46.0829011], [20.8660342, 46.0834062], [20.8644576, 46.0838848], [20.8633932, 46.084382], [20.8624551, 46.0854796], [20.8618123, 46.0872418], [20.8601929, 46.083769], [20.8605877, 46.0835014], [20.8602325, 46.0826993], [20.8577393, 46.0829895], [20.8574384, 46.0829504], [20.8533069, 46.0833394], [20.8469829, 46.0807032], [20.8479209, 46.0745145], [20.8429806, 46.0745347], [20.8429304, 46.0643694], [20.8439908, 46.0598991], [20.844225, 46.0518544], [20.8430153, 46.0516084], [20.8424086, 46.0513171], [20.8417506, 46.0450108], [20.8477426, 46.0447795], [20.846689, 46.0379694], [20.8485976, 46.0381113], [20.8477861, 46.0378228], [20.8469876, 46.0371618], [20.8463834, 46.0360935], [20.8441184, 46.0211856], [20.8441105, 46.0205002], [20.8434614, 46.0161253]]]]}}, {"id": "53", "type": "Feature", "properties": {"name": "Varia\u0219", "judet": "TIMI\u0218", "admin_level": "8", "wikidata": null, "place": "municipality", "osm_id": 11322067, "siruta": "159213", "siruta_score": null, "pop_total": 0, "gp_count": null, "nearest_school_m": 2453.2073580111164, "nearest_gp_m": null, "nearest_er_m": 32775.766113869926, "school_score": 79.23989488555547, "gp_score": null, "hospital_score": 43.060584715325184, "composite_score": 67.18012482881204, "partial_data": true, "_color_composite": "#e8c8b8", "_color_school": "#e8c8b8", "_color_gp": "#9a9a9a", "_color_hospital": "#d99080", "_display_color": "#e8c8b8"}, "geometry": {"type": "MultiPolygon", "coordinates": [[[[20.8631402, 45.9923743], [20.8851509, 45.9756609], [20.8855921, 45.9752662], [20.8933042, 45.9658918], [20.9112203, 45.9551987], [20.9492778, 45.9447275], [20.9582115, 45.9423129], [20.9710066, 45.9465632], [21.0042061, 45.9698542], [21.0090551, 45.9653989], [21.0158901, 45.968921], [21.0296643, 45.9674947], [21.0519538, 45.9642354], [21.0609126, 45.9719668], [21.0683525, 45.9797412], [21.0706491, 45.9823258], [21.0708948, 45.9825025], [21.0713601, 45.9821645], [21.0816655, 45.9928505], [21.0853745, 45.9966446], [21.0848971, 45.9970345], [21.0827165, 46.0131326], [21.0744511, 46.0125634], [21.0736331, 46.0256627], [21.0706461, 46.0256232], [21.0687422, 46.0397781], [21.0495416, 46.0395504], [21.0499801, 46.0363993], [21.0425977, 46.036157], [21.0152462, 46.0364056], [20.9770479, 46.038762], [20.9406675, 46.0375164], [20.939769, 46.0360824], [20.928701, 46.0191528], [20.9273904, 46.0195063], [20.9167198, 46.0035834], [20.8954663, 45.999262], [20.8657488, 45.9930058], [20.8631402, 45.9923743]]]]}}, {"id": "54", "type": "Feature", "properties": {"name": "Satchinez", "judet": "TIMI\u0218", "admin_level": "8", "wikidata": null, "place": "municipality", "osm_id": 11322068, "siruta": "158528", "siruta_score": null, "pop_total": 0, "gp_count": null, "nearest_school_m": 1577.655354076364, "nearest_gp_m": null, "nearest_er_m": 23665.365127678822, "school_score": 91.74778065605194, "gp_score": null, "hospital_score": 65.83658718080295, "composite_score": 83.11071616430227, "partial_data": true, "_color_composite": "#f5ecd9", "_color_school": "#f5ecd9", "_color_gp": "#9a9a9a", "_color_hospital": "#e8c8b8", "_display_color": "#f5ecd9"}, "geometry": {"type": "MultiPolygon", "coordinates": [[[[20.9582115, 45.9423129], [20.9582481, 45.9410232], [20.9590125, 45.9154829], [20.9777976, 45.9220841], [20.9872493, 45.9126093], [20.9929095, 45.915213], [20.998629, 45.9087834], [21.004291, 45.9030962], [21.0075674, 45.9045919], [21.027226, 45.8849495], [21.02949, 45.8826606], [21.0403567, 45.88459], [21.052149, 45.8867203], [21.0648786, 45.8889429], [21.0651621, 45.888787], [21.0861026, 45.8773918], [21.0923915, 45.8681171], [21.094807, 45.8642741], [21.0956551, 45.8657095], [21.0974762, 45.8669371], [21.0979218, 45.8670333], [21.0992017, 45.8669538], [21.1012449, 45.8671281], [21.1014253, 45.8672306], [21.1024282, 45.8671686], [21.1056009, 45.8676932], [21.1059966, 45.867591], [21.1064991, 45.8671111], [21.1070468, 45.8668524], [21.1079144, 45.8662], [21.108349, 45.8661378], [21.1088359, 45.8662511], [21.1096549, 45.8668454], [21.1101462, 45.8677869], [21.1104675, 45.8681196], [21.1122142, 45.8687802], [21.1124946, 45.8691096], [21.112532, 45.8696002], [21.1128514, 45.8698461], [21.1132682, 45.8696446], [21.1134351, 45.869675], [21.1132904, 45.871122], [21.1131822, 45.8744612], [21.1203918, 45.8817546], [21.1311178, 45.893937], [21.1361586, 45.8994823], [21.1352549, 45.9015571], [21.1345269, 45.9012286], [21.1341646, 45.9011724], [21.1325119, 45.9013828], [21.1303575, 45.9012433], [21.1295328, 45.9013987], [21.128606, 45.9017468], [21.1282787, 45.9021637], [21.1279034, 45.9031408], [21.1274872, 45.9035398], [21.127075, 45.9036678], [21.1258544, 45.903771], [21.1244965, 45.90339], [21.1225072, 45.903444], [21.1203299, 45.9031361], [21.1202036, 45.9032], [21.1212612, 45.9043973], [21.1206857, 45.904943], [21.1200499, 45.9052965], [21.1196982, 45.9059063], [21.116906, 45.9058289], [21.1164188, 45.9054078], [21.1156629, 45.9052724], [21.1142108, 45.9054428], [21.1132262, 45.9052943], [21.1207098, 45.9140647], [21.1195492, 45.9149214], [21.1205961, 45.9158391], [21.1161012, 45.9188202], [21.1110391, 45.9221308], [21.1102305, 45.9215509], [21.1097553, 45.921209], [21.0950559, 45.9311138], [21.0921647, 45.9291053], [21.0893014, 45.9279682], [21.0889592, 45.9276074], [21.0886739, 45.9270919], [21.0887396, 45.9254963], [21.0865916, 45.9206552], [21.0812146, 45.9235116], [21.073881, 45.9353799], [21.0861319, 45.943237], [21.1080857, 45.9568113], [21.1119906, 45.959331], [21.1121314, 45.9601964], [21.1119726, 45.9606255], [21.1126942, 45.9635884], [21.1141771, 45.9646265], [21.1151737, 45.9655821], [21.1179049, 45.9686905], [21.1214818, 45.9783251], [21.1228566, 45.9797676], [21.1212176, 45.9813532], [21.1206239, 45.98216], [21.1194669, 45.983018], [21.1188927, 45.9823636], [21.1176512, 45.981549], [21.1154909, 45.9807499], [21.1146382, 45.9802996], [21.1102095, 45.9770817], [21.0853745, 45.9966446], [21.0816655, 45.9928505], [21.0713601, 45.9821645], [21.0708948, 45.9825025], [21.0706491, 45.9823258], [21.0683525, 45.9797412], [21.0609126, 45.9719668], [21.0519538, 45.9642354], [21.0296643, 45.9674947], [21.0158901, 45.968921], [21.0090551, 45.9653989], [21.0042061, 45.9698542], [20.9710066, 45.9465632], [20.9582115, 45.9423129]]]]}}, {"id": "55", "type": "Feature", "properties": {"name": "Biled", "judet": "TIMI\u0218", "admin_level": "8", "wikidata": null, "place": "municipality", "osm_id": 11322069, "siruta": "155911", "siruta_score": null, "pop_total": 0, "gp_count": null, "nearest_school_m": 1066.684005171536, "nearest_gp_m": null, "nearest_er_m": 24632.19037716451, "school_score": 99.04737135469234, "gp_score": null, "hospital_score": 63.41952405708872, "composite_score": 87.17142225549114, "partial_data": true, "_color_composite": "#f5ecd9", "_color_school": "#f5ecd9", "_color_gp": "#9a9a9a", "_color_hospital": "#e8c8b8", "_display_color": "#f5ecd9"}, "geometry": {"type": "MultiPolygon", "coordinates": [[[[20.8844701, 45.8901379], [20.8944263, 45.8731642], [20.8994495, 45.8741666], [20.916234, 45.8691218], [20.916834, 45.8688407], [20.9178972, 45.8680169], [20.9206627, 45.8692677], [20.9296637, 45.8625246], [20.9360389, 45.8579583], [20.9403673, 45.8545937], [20.9405792, 45.8548966], [20.9406712, 45.8548684], [20.9383647, 45.8511791], [20.9381841, 45.8509402], [20.9696203, 45.8318217], [20.9713225, 45.8338036], [20.9779008, 45.8407823], [20.9921987, 45.8495434], [21.0012276, 45.8558977], [21.0106097, 45.8652266], [21.0129526, 45.8662315], [21.0250777, 45.8750291], [21.0271467, 45.8821981], [21.02949, 45.8826606], [21.027226, 45.8849495], [21.0075674, 45.9045919], [21.004291, 45.9030962], [20.998629, 45.9087834], [20.9929095, 45.915213], [20.9872493, 45.9126093], [20.9777976, 45.9220841], [20.9590125, 45.9154829], [20.9523926, 45.9119674], [20.9443064, 45.907198], [20.9436059, 45.9073107], [20.9433013, 45.9072683], [20.9356428, 45.9030948], [20.9360495, 45.9027905], [20.935165, 45.9022666], [20.9350666, 45.9023153], [20.9348082, 45.9021781], [20.9314622, 45.9002171], [20.9151736, 45.8899319], [20.912146, 45.8878668], [20.9067075, 45.8973906], [20.8840198, 45.8910012], [20.8845544, 45.8901608], [20.8844701, 45.8901379]]]]}}, {"id": "56", "type": "Feature", "properties": {"name": "C\u0103rpini\u0219", "judet": "TIMI\u0218", "admin_level": "8", "wikidata": null, "place": "municipality", "osm_id": 11322070, "siruta": "156213", "siruta_score": null, "pop_total": 0, "gp_count": null, "nearest_school_m": 1346.4074913733216, "nearest_gp_m": null, "nearest_er_m": 25038.925086639243, "school_score": 95.05132155180968, "gp_score": null, "hospital_score": 62.402687283401896, "composite_score": 84.16844346234042, "partial_data": true, "_color_composite": "#f5ecd9", "_color_school": "#f5ecd9", "_color_gp": "#9a9a9a", "_color_hospital": "#e8c8b8", "_display_color": "#f5ecd9"}, "geometry": {"type": "MultiPolygon", "coordinates": [[[[20.8338152, 45.7904249], [20.8672204, 45.7876068], [20.8785044, 45.7865498], [20.8810298, 45.7784673], [20.8907742, 45.7793701], [20.8913221, 45.7793473], [20.8913398, 45.7793412], [20.8932356, 45.7792475], [20.8967811, 45.7793098], [20.8967455, 45.7788095], [20.8997195, 45.7788947], [20.8997734, 45.7768964], [20.9230931, 45.7772661], [20.9244086, 45.7799306], [20.9251584, 45.7819875], [20.9277988, 45.7870527], [20.9278471, 45.7874463], [20.9417845, 45.7866206], [20.9416037, 45.7913379], [20.9416704, 45.8016565], [20.9498188, 45.8008698], [20.9547608, 45.7957182], [20.9549359, 45.7958411], [20.9582838, 45.7988104], [20.9573432, 45.7994521], [20.9600785, 45.8019445], [20.9657904, 45.8074195], [20.9675185, 45.8092802], [20.9713773, 45.8128919], [20.9708372, 45.8132587], [20.9698954, 45.815971], [20.9695848, 45.8168708], [20.9656047, 45.827663], [20.9696203, 45.8318217], [20.9381841, 45.8509402], [20.9374514, 45.8496391], [20.9321664, 45.8402535], [20.9255025, 45.8419299], [20.9215382, 45.8430543], [20.9196855, 45.83976], [20.9163742, 45.8406295], [20.9053511, 45.8330892], [20.9019806, 45.8310416], [20.8941413, 45.8258826], [20.8907443, 45.8230736], [20.8814183, 45.8149696], [20.8754422, 45.8181894], [20.8698534, 45.8213887], [20.8697739, 45.821334], [20.8471859, 45.8019289], [20.8376717, 45.7936831], [20.8366643, 45.7927753], [20.8338152, 45.7904249]]]]}}, {"id": "57", "type": "Feature", "properties": {"name": "Becicherecu Mic", "judet": "TIMI\u0218", "admin_level": "8", "wikidata": "Q813656", "place": "municipality", "osm_id": 11322071, "siruta": "155760", "siruta_score": null, "pop_total": 0, "gp_count": null, "nearest_school_m": 1472.8122993497705, "nearest_gp_m": null, "nearest_er_m": 17595.581906014377, "school_score": 93.24553858071756, "gp_score": null, "hospital_score": 81.01104523496407, "composite_score": 89.16737413213306, "partial_data": true, "_color_composite": "#f5ecd9", "_color_school": "#f5ecd9", "_color_gp": "#9a9a9a", "_color_hospital": "#f5ecd9", "_display_color": "#f5ecd9"}, "geometry": {"type": "MultiPolygon", "coordinates": [[[[20.9695848, 45.8168708], [21.0205816, 45.8258973], [21.0204302, 45.8257354], [21.0214574, 45.8220029], [21.0250212, 45.8220607], [21.0242525, 45.8218072], [21.0238999, 45.8214283], [21.0235045, 45.8204907], [21.0235161, 45.8200377], [21.0239336, 45.8192796], [21.0245701, 45.8186659], [21.0254403, 45.8166015], [21.0269612, 45.8155061], [21.0277995, 45.8146827], [21.028622, 45.8133389], [21.0294993, 45.812431], [21.0304944, 45.8121306], [21.0317584, 45.8120946], [21.0363755, 45.8125081], [21.0367714, 45.8124548], [21.0377687, 45.8118967], [21.0378083, 45.8115392], [21.0374409, 45.8099193], [21.0376978, 45.8094039], [21.0376518, 45.8088995], [21.0379462, 45.8086869], [21.0382595, 45.8080648], [21.0387, 45.8076226], [21.0386741, 45.8070735], [21.0382753, 45.8063243], [21.0377988, 45.8057654], [21.0376172, 45.8056605], [21.0357069, 45.8053565], [21.0353388, 45.8050184], [21.0357153, 45.8046135], [21.0368165, 45.8039655], [21.038069, 45.8021458], [21.0384045, 45.8012762], [21.0381186, 45.8004186], [21.0384173, 45.7981989], [21.0383697, 45.7975941], [21.0382322, 45.7974651], [21.0377611, 45.7973462], [21.0369049, 45.7973282], [21.0364393, 45.7974106], [21.0359234, 45.797695], [21.0349537, 45.7978447], [21.0343377, 45.7975827], [21.0341904, 45.7972739], [21.0344659, 45.7967673], [21.0357719, 45.7963502], [21.0365091, 45.7958197], [21.0373143, 45.795452], [21.0375178, 45.7936628], [21.0377571, 45.7933517], [21.0382493, 45.7931321], [21.0387785, 45.7932489], [21.0392728, 45.793477], [21.039664, 45.7939265], [21.0411138, 45.7940741], [21.0416051, 45.7944639], [21.0418442, 45.7945028], [21.0427004, 45.7937733], [21.0437172, 45.7923302], [21.0438156, 45.7920777], [21.0435599, 45.791827], [21.0580567, 45.7916482], [21.0610954, 45.7917757], [21.0622309, 45.7917559], [21.062771, 45.7916255], [21.062941, 45.7915375], [21.0630972, 45.7915707], [21.0631947, 45.7915914], [21.0617994, 45.794507], [21.060837, 45.7965504], [21.058762, 45.8009321], [21.0576648, 45.8032791], [21.057348, 45.8038994], [21.0574714, 45.8038953], [21.0586036, 45.8037612], [21.0607328, 45.8031918], [21.0620745, 45.8028064], [21.0623308, 45.802976], [21.0625061, 45.803134], [21.0626873, 45.8033088], [21.062771, 45.8034031], [21.0666987, 45.8030415], [21.0691059, 45.8028038], [21.0691794, 45.8035813], [21.069211, 45.804341], [21.0691693, 45.8047657], [21.0692198, 45.8050369], [21.0695453, 45.8060863], [21.0698005, 45.806851], [21.0703504, 45.8085457], [21.0705782, 45.809469], [21.0708307, 45.8103327], [21.0711268, 45.8108746], [21.0711628, 45.8109509], [21.0724388, 45.8128804], [21.0724911, 45.8130191], [21.0725849, 45.8135038], [21.0727664, 45.813984], [21.073666, 45.8166866], [21.0737352, 45.8169537], [21.073731, 45.8171177], [21.0734694, 45.818008], [21.0734128, 45.8181031], [21.0751853, 45.8194052], [21.0763317, 45.8202566], [21.0786332, 45.8193116], [21.0785947, 45.8192572], [21.0797457, 45.8187524], [21.0807507, 45.8183023], [21.0812052, 45.8181069], [21.0814343, 45.8180044], [21.0823459, 45.8175893], [21.0826514, 45.8174256], [21.0827489, 45.8173482], [21.082911, 45.8172003], [21.0830522, 45.8170558], [21.0834854, 45.8166314], [21.0837075, 45.8164099], [21.0840821, 45.8160252], [21.0842758, 45.8158067], [21.0856198, 45.8163789], [21.0858084, 45.8164867], [21.0859556, 45.8166159], [21.0865534, 45.8171818], [21.0869964, 45.8175689], [21.0871402, 45.817681], [21.0873049, 45.81776], [21.0875723, 45.8178036], [21.088039, 45.8178629], [21.0883533, 45.8178883], [21.0888279, 45.8178915], [21.0896172, 45.818717], [21.091217, 45.8204816], [21.091356, 45.8206279], [21.0852151, 45.8234277], [21.0834879, 45.8241934], [21.0835901, 45.8243975], [21.082742, 45.8245222], [21.0823952, 45.8246695], [21.0811052, 45.8270064], [21.0803071, 45.8283927], [21.0791571, 45.8303443], [21.0787777, 45.8309526], [21.0784668, 45.8313769], [21.0782046, 45.8318672], [21.0777042, 45.8325989], [21.0774859, 45.8329586], [21.0773874, 45.833069], [21.0773129, 45.8331004], [21.0772779, 45.8332096], [21.0771429, 45.8334434], [21.0765598, 45.8344024], [21.0763146, 45.8347915], [21.0763208, 45.834841], [21.0764107, 45.8348809], [21.0778273, 45.8350839], [21.0780977, 45.8351412], [21.0780828, 45.835216], [21.0779904, 45.8354158], [21.0774142, 45.8365599], [21.0746883, 45.8367897], [21.0727055, 45.8432174], [21.0722639, 45.8446272], [21.0730522, 45.8447321], [21.0729525, 45.8450113], [21.0728811, 45.8450019], [21.0727507, 45.8454834], [21.072291, 45.8469626], [21.0720197, 45.8479232], [21.0718526, 45.8485469], [21.0714029, 45.8501285], [21.0712947, 45.8504706], [21.0709224, 45.8517597], [21.0707483, 45.8523372], [21.0716985, 45.8527756], [21.0718543, 45.8529846], [21.0716374, 45.8539004], [21.0715322, 45.8544998], [21.0710052, 45.854576], [21.070332, 45.8547055], [21.0695491, 45.8546358], [21.0694629, 45.8546965], [21.0693578, 45.8547478], [21.068174, 45.8552865], [21.0676994, 45.8555177], [21.0669761, 45.8562602], [21.0662601, 45.8564054], [21.0657063, 45.8565607], [21.0646336, 45.8573467], [21.0644007, 45.8573193], [21.0642529, 45.8572611], [21.0641922, 45.8571795], [21.0639177, 45.8572044], [21.0641996, 45.8577746], [21.0643508, 45.8580523], [21.0643297, 45.858221], [21.0642489, 45.8584124], [21.0640952, 45.8586708], [21.0639744, 45.8587784], [21.0638247, 45.8588769], [21.0636153, 45.8589769], [21.0633255, 45.8591039], [21.0630865, 45.8591599], [21.0628953, 45.8591878], [21.062673, 45.859215], [21.0623918, 45.8592349], [21.062158, 45.8592377], [21.0618299, 45.8592328], [21.0608969, 45.8590967], [21.0600577, 45.8589466], [21.0594043, 45.8593624], [21.0571976, 45.860298], [21.0562417, 45.8603512], [21.055047, 45.8602042], [21.0549842, 45.8602066], [21.0548805, 45.8602497], [21.0537482, 45.8609558], [21.0536367, 45.8610349], [21.0534783, 45.8610743], [21.0514492, 45.8608794], [21.0502756, 45.8646219], [21.0500967, 45.8651617], [21.0493525, 45.8660808], [21.0486477, 45.8669064], [21.0481129, 45.8675933], [21.0476577, 45.8681529], [21.0469969, 45.8690319], [21.0462835, 45.8700617], [21.0458219, 45.8707045], [21.0456141, 45.8709636], [21.0444618, 45.8724321], [21.0444999, 45.8724431], [21.044431, 45.8725337], [21.0436684, 45.8734321], [21.0429707, 45.8741594], [21.0494852, 45.8784438], [21.0562557, 45.8828746], [21.0590403, 45.8847017], [21.0622981, 45.8868468], [21.064667, 45.8884572], [21.0651621, 45.888787], [21.0648786, 45.8889429], [21.052149, 45.8867203], [21.0403567, 45.88459], [21.02949, 45.8826606], [21.0271467, 45.8821981], [21.0250777, 45.8750291], [21.0129526, 45.8662315], [21.0106097, 45.8652266], [21.0012276, 45.8558977], [20.9921987, 45.8495434], [20.9779008, 45.8407823], [20.9713225, 45.8338036], [20.9696203, 45.8318217], [20.9656047, 45.827663], [20.9695848, 45.8168708]]]]}}, {"id": "58", "type": "Feature", "properties": {"name": "Dude\u0219tii Noi", "judet": "TIMI\u0218", "admin_level": "8", "wikidata": null, "place": "municipality", "osm_id": 11322072, "siruta": "159384", "siruta_score": null, "pop_total": 0, "gp_count": null, "nearest_school_m": 788.8866804075881, "nearest_gp_m": null, "nearest_er_m": 13134.02373242986, "school_score": 100.0, "gp_score": null, "hospital_score": 92.16494066892535, "composite_score": 97.38831355630845, "partial_data": true, "_color_composite": "#f5ecd9", "_color_school": "#f5ecd9", "_color_gp": "#9a9a9a", "_color_hospital": "#f5ecd9", "_display_color": "#f5ecd9"}, "geometry": {"type": "MultiPolygon", "coordinates": [[[[21.062941, 45.7915375], [21.0648728, 45.7877434], [21.0643108, 45.7782107], [21.0644366, 45.7776622], [21.064328, 45.773834], [21.0721488, 45.7710486], [21.0732217, 45.7709533], [21.0756043, 45.7713001], [21.0786296, 45.77132], [21.082721, 45.7705095], [21.0857293, 45.7704445], [21.0863532, 45.7706761], [21.0879478, 45.7726476], [21.0879955, 45.7731564], [21.0876215, 45.773785], [21.0877569, 45.7739747], [21.0880866, 45.7741207], [21.0889364, 45.7742031], [21.0909981, 45.7736476], [21.0921612, 45.7734421], [21.093162, 45.773593], [21.0936072, 45.7737579], [21.0947796, 45.774721], [21.0951676, 45.7747191], [21.096804, 45.7742786], [21.0973485, 45.7742693], [21.0999005, 45.775383], [21.1011615, 45.7765849], [21.1016726, 45.7768458], [21.1092782, 45.7784807], [21.109994, 45.778822], [21.1112306, 45.779701], [21.1133505, 45.7795027], [21.1140318, 45.7795589], [21.1143348, 45.7796859], [21.1145037, 45.7800187], [21.113765, 45.7811978], [21.1137515, 45.7819124], [21.1140845, 45.7821291], [21.1154002, 45.7824745], [21.1162427, 45.7830281], [21.1167009, 45.7834897], [21.1170484, 45.7845918], [21.1168635, 45.7855715], [21.1165757, 45.7859547], [21.1161392, 45.7862872], [21.115096, 45.786741], [21.1138571, 45.7875959], [21.1134618, 45.7881174], [21.1134781, 45.7882542], [21.1143143, 45.7887949], [21.1151168, 45.7901351], [21.1152286, 45.7902424], [21.1155863, 45.7905518], [21.1157317, 45.7907061], [21.1158467, 45.7908673], [21.1159558, 45.7910597], [21.1160379, 45.7912326], [21.1160685, 45.7913203], [21.1157611, 45.7913528], [21.1160091, 45.7916894], [21.1162818, 45.7922007], [21.1163442, 45.7924281], [21.1164608, 45.7928021], [21.116576, 45.7929991], [21.1166466, 45.7932448], [21.116605, 45.7934461], [21.1164515, 45.7937336], [21.1162058, 45.7938926], [21.116012, 45.7939664], [21.1157965, 45.7940202], [21.1154777, 45.7940383], [21.1149231, 45.7940065], [21.1147386, 45.7940131], [21.1144545, 45.7940723], [21.1140474, 45.7941679], [21.1136001, 45.7943135], [21.1130972, 45.7944637], [21.1127643, 45.7945521], [21.1124752, 45.7946065], [21.1122539, 45.7946794], [21.1120942, 45.7947255], [21.1120112, 45.7947934], [21.1119412, 45.7949391], [21.1118988, 45.7952176], [21.1118674, 45.7956026], [21.1116821, 45.7970119], [21.111707, 45.7973152], [21.1117716, 45.7976424], [21.1118747, 45.7978132], [21.1120074, 45.7979561], [21.1123092, 45.7981978], [21.1126351, 45.7984084], [21.1129024, 45.7986009], [21.1129793, 45.7986872], [21.1130493, 45.7989374], [21.1131183, 45.799136], [21.1131756, 45.7992377], [21.1132598, 45.79935], [21.1133115, 45.7994676], [21.1133379, 45.7997484], [21.1133885, 45.7999464], [21.1134664, 45.8000842], [21.1135471, 45.8001803], [21.1138621, 45.8004163], [21.1140571, 45.8005411], [21.1142277, 45.8006692], [21.1145103, 45.8008397], [21.1146628, 45.800964], [21.1148401, 45.8011277], [21.1148998, 45.8012617], [21.1149247, 45.8014331], [21.1149991, 45.801619], [21.1152875, 45.8021051], [21.1154456, 45.8023453], [21.1156261, 45.8026375], [21.1158323, 45.8028795], [21.1159347, 45.8029869], [21.1160093, 45.8030302], [21.1161198, 45.8030678], [21.1167111, 45.8031625], [21.1169741, 45.8031918], [21.1170934, 45.8031959], [21.1172548, 45.8031517], [21.1179066, 45.8029366], [21.1180203, 45.8028818], [21.1181066, 45.8028486], [21.1183639, 45.8027737], [21.118494, 45.8027623], [21.1186062, 45.8027752], [21.1187491, 45.8028027], [21.1189044, 45.8028464], [21.1190473, 45.8029303], [21.1198419, 45.8035404], [21.1200673, 45.8036927], [21.1201919, 45.8037712], [21.12032, 45.8038817], [21.1204316, 45.8039962], [21.1204728, 45.8041016], [21.1205072, 45.8041638], [21.1204787, 45.804434], [21.1204281, 45.804604], [21.1203901, 45.8047789], [21.120287, 45.805146], [21.1202134, 45.8052745], [21.1201077, 45.8053926], [21.1196179, 45.8057895], [21.1194733, 45.8059156], [21.119342, 45.8060377], [21.119216, 45.8061757], [21.1191195, 45.8063555], [21.1189158, 45.8067733], [21.1188901, 45.8069011], [21.118853, 45.8070151], [21.1187741, 45.8071276], [21.1186428, 45.8072497], [21.1183103, 45.8074756], [21.1179423, 45.8077003], [21.1175447, 45.8079783], [21.1172249, 45.8081617], [21.1170966, 45.8082563], [21.116949, 45.8084727], [21.1169026, 45.8085819], [21.1166606, 45.8089464], [21.1165481, 45.8090759], [21.116406, 45.8092134], [21.1162347, 45.8093522], [21.115994, 45.8095135], [21.1156991, 45.8096639], [21.1155603, 45.8097185], [21.116105, 45.8098343], [21.1190121, 45.8094475], [21.1195331, 45.809373], [21.1203533, 45.8102211], [21.1209815, 45.8108549], [21.1222772, 45.8121891], [21.1224229, 45.812185], [21.1228713, 45.8126635], [21.1235139, 45.8134511], [21.1243211, 45.8142559], [21.1253399, 45.8152821], [21.1256123, 45.8153637], [21.1259108, 45.8154868], [21.1263377, 45.8156708], [21.1265748, 45.8157941], [21.1268083, 45.8159241], [21.1268894, 45.8159899], [21.1270099, 45.816116], [21.1270617, 45.8162081], [21.1270946, 45.8163403], [21.1270822, 45.8165184], [21.1270342, 45.8166501], [21.1269444, 45.8167804], [21.1266658, 45.8170669], [21.1263751, 45.8172832], [21.1260334, 45.8174437], [21.1257244, 45.8176008], [21.1254841, 45.8177013], [21.1252826, 45.8178032], [21.1250802, 45.8179186], [21.1250252, 45.8180571], [21.1250219, 45.8181974], [21.1250907, 45.8183266], [21.1252475, 45.818495], [21.1255576, 45.8186958], [21.1258896, 45.818861], [21.1261865, 45.8189708], [21.1269532, 45.8192233], [21.127168, 45.8193031], [21.1274381, 45.8194255], [21.1275629, 45.8195883], [21.1275606, 45.819715], [21.1274449, 45.8198877], [21.127227, 45.8200389], [21.1264938, 45.820331], [21.125952, 45.8205568], [21.1255819, 45.8207526], [21.1252007, 45.8210159], [21.1249833, 45.8212531], [21.1249403, 45.8214057], [21.1249897, 45.8215342], [21.1251327, 45.8216206], [21.1254787, 45.8216776], [21.1259328, 45.8217656], [21.126232, 45.8218437], [21.1264689, 45.8219785], [21.1267131, 45.8221952], [21.1269347, 45.8224564], [21.1270659, 45.8227145], [21.1270799, 45.8229597], [21.1270058, 45.8231098], [21.1269193, 45.8232405], [21.1267192, 45.8234341], [21.1265194, 45.8235636], [21.1262095, 45.8236993], [21.1257944, 45.8238443], [21.1256224, 45.8238957], [21.1254309, 45.8239655], [21.125242, 45.8240641], [21.1251541, 45.8241501], [21.1251192, 45.8241935], [21.1250817, 45.8242814], [21.1250635, 45.824359], [21.1250657, 45.8244194], [21.1250905, 45.8245229], [21.1254371, 45.8248698], [21.1257179, 45.8251987], [21.1258801, 45.8253667], [21.1259826, 45.8254551], [21.1261258, 45.825556], [21.1262524, 45.8256206], [21.1263955, 45.8256769], [21.1267213, 45.8257728], [21.1271246, 45.8258558], [21.127539, 45.8259637], [21.1279641, 45.8260563], [21.1284208, 45.8261075], [21.1288051, 45.8261429], [21.1292679, 45.8261455], [21.1296826, 45.8261574], [21.1304605, 45.8262329], [21.1307497, 45.826303], [21.1310349, 45.8263842], [21.1312165, 45.8264842], [21.1313272, 45.8265929], [21.1313869, 45.8266999], [21.1313833, 45.8267981], [21.1312665, 45.8269616], [21.131176, 45.827068], [21.1309372, 45.8272807], [21.1307001, 45.8274268], [21.1303048, 45.8276881], [21.1301324, 45.8279146], [21.1300761, 45.8280355], [21.1300576, 45.8281175], [21.1300958, 45.8282573], [21.1301425, 45.8283683], [21.1303254, 45.8285421], [21.1306495, 45.8288208], [21.1308892, 45.8290054], [21.1309852, 45.8290958], [21.1310944, 45.8291799], [21.131136, 45.829226], [21.1312046, 45.8292506], [21.1313252, 45.8292637], [21.131551, 45.8292334], [21.1318559, 45.8291231], [21.1323662, 45.8289104], [21.1326331, 45.8287943], [21.1328492, 45.8287212], [21.1329894, 45.8286813], [21.1330997, 45.8286583], [21.1331997, 45.8286438], [21.1334711, 45.8286485], [21.133585, 45.8286625], [21.1343862, 45.828817], [21.1348513, 45.828931], [21.1351648, 45.8290668], [21.1353522, 45.8291289], [21.1358876, 45.8292901], [21.1366089, 45.8295379], [21.1373651, 45.8298235], [21.1375384, 45.8299053], [21.1378995, 45.8300449], [21.1380905, 45.8301027], [21.1382409, 45.8301458], [21.1384432, 45.8301794], [21.1386765, 45.8302253], [21.1388378, 45.8302509], [21.1390725, 45.8302767], [21.1392742, 45.8303193], [21.1394107, 45.8303637], [21.1395345, 45.8304215], [21.1396567, 45.8305038], [21.1397753, 45.8306373], [21.1398661, 45.8308035], [21.1399438, 45.8309736], [21.1399312, 45.8310626], [21.1398553, 45.8311895], [21.1396459, 45.8313522], [21.1393551, 45.8315344], [21.1391571, 45.8316707], [21.1390457, 45.8317563], [21.1388921, 45.8319317], [21.1388584, 45.832049], [21.1388673, 45.832152], [21.138908, 45.8322561], [21.1389482, 45.8323223], [21.1390565, 45.8324198], [21.1391567, 45.8325415], [21.1392251, 45.8326622], [21.1392617, 45.8327796], [21.1392936, 45.8329192], [21.1392665, 45.833126], [21.1392735, 45.8332558], [21.1393254, 45.8333826], [21.1393826, 45.8334487], [21.139485, 45.8335393], [21.1396284, 45.833638], [21.1398344, 45.8337566], [21.1400845, 45.8339304], [21.1403352, 45.8340952], [21.1404704, 45.8341735], [21.1406089, 45.8340705], [21.1406962, 45.8340109], [21.1407486, 45.8339926], [21.1408198, 45.8339794], [21.1410893, 45.8339662], [21.141241, 45.8339445], [21.1413642, 45.8339196], [21.1415532, 45.8338679], [21.14173, 45.8338069], [21.1419043, 45.8337369], [21.1421192, 45.8336347], [21.142287, 45.8335198], [21.1424843, 45.8333947], [21.1425803, 45.8332996], [21.1426421, 45.8331923], [21.1428252, 45.8329952], [21.1429231, 45.8329203], [21.1430637, 45.832829], [21.1431574, 45.8327501], [21.1432346, 45.8326968], [21.1433024, 45.8326411], [21.1434892, 45.832529], [21.1436171, 45.832482], [21.1438162, 45.8324239], [21.1440899, 45.8323952], [21.1446076, 45.8323502], [21.1448464, 45.832318], [21.1450249, 45.8322794], [21.1451586, 45.8322415], [21.1453906, 45.8321689], [21.1456543, 45.8320528], [21.1458182, 45.8319698], [21.1460222, 45.8318404], [21.1462287, 45.8316732], [21.1463854, 45.8315333], [21.1473193, 45.8305553], [21.1485552, 45.8292931], [21.1489388, 45.8288912], [21.1489337, 45.8288262], [21.1489518, 45.8287487], [21.1494749, 45.8283956], [21.1502648, 45.8277879], [21.1510995, 45.8271084], [21.1520186, 45.8276376], [21.1534081, 45.828472], [21.1537573, 45.8286858], [21.1542359, 45.8289669], [21.1545844, 45.8280535], [21.1547371, 45.8273405], [21.1548879, 45.8269674], [21.1550674, 45.8270034], [21.1561066, 45.8272504], [21.1580573, 45.8277313], [21.1583328, 45.827773], [21.1588773, 45.8278462], [21.1605546, 45.8280523], [21.1614283, 45.828164], [21.1635786, 45.8283839], [21.1642628, 45.8284493], [21.1650949, 45.8284923], [21.1660924, 45.8285659], [21.1665868, 45.82859], [21.1669599, 45.8286126], [21.1671551, 45.8286291], [21.1677754, 45.8286898], [21.1689221, 45.8288281], [21.1702173, 45.8289792], [21.1711816, 45.8290715], [21.1744768, 45.8293592], [21.175644, 45.8294706], [21.1703474, 45.8312013], [21.1437241, 45.8395773], [21.1434713, 45.8395529], [21.1429622, 45.8392275], [21.143018, 45.8393203], [21.1423555, 45.8401473], [21.14227, 45.8404842], [21.14249, 45.8407366], [21.1433965, 45.8408716], [21.136418, 45.8531707], [21.1339451, 45.8572915], [21.1288884, 45.8637583], [21.1262515, 45.8673367], [21.1131822, 45.8744612], [21.1132904, 45.871122], [21.1134351, 45.869675], [21.1132682, 45.8696446], [21.1128514, 45.8698461], [21.112532, 45.8696002], [21.1124946, 45.8691096], [21.1122142, 45.8687802], [21.1104675, 45.8681196], [21.1101462, 45.8677869], [21.1096549, 45.8668454], [21.1088359, 45.8662511], [21.108349, 45.8661378], [21.1079144, 45.8662], [21.1070468, 45.8668524], [21.1064991, 45.8671111], [21.1059966, 45.867591], [21.1056009, 45.8676932], [21.1024282, 45.8671686], [21.1014253, 45.8672306], [21.1012449, 45.8671281], [21.0992017, 45.8669538], [21.0979218, 45.8670333], [21.0974762, 45.8669371], [21.0956551, 45.8657095], [21.094807, 45.8642741], [21.0923915, 45.8681171], [21.0861026, 45.8773918], [21.0651621, 45.888787], [21.064667, 45.8884572], [21.0622981, 45.8868468], [21.0590403, 45.8847017], [21.0562557, 45.8828746], [21.0494852, 45.8784438], [21.0429707, 45.8741594], [21.0436684, 45.8734321], [21.044431, 45.8725337], [21.0444999, 45.8724431], [21.0444618, 45.8724321], [21.0456141, 45.8709636], [21.0458219, 45.8707045], [21.0462835, 45.8700617], [21.0469969, 45.8690319], [21.0476577, 45.8681529], [21.0481129, 45.8675933], [21.0486477, 45.8669064], [21.0493525, 45.8660808], [21.0500967, 45.8651617], [21.0502756, 45.8646219], [21.0514492, 45.8608794], [21.0534783, 45.8610743], [21.0536367, 45.8610349], [21.0537482, 45.8609558], [21.0548805, 45.8602497], [21.0549842, 45.8602066], [21.055047, 45.8602042], [21.0562417, 45.8603512], [21.0571976, 45.860298], [21.0594043, 45.8593624], [21.0600577, 45.8589466], [21.0608969, 45.8590967], [21.0618299, 45.8592328], [21.062158, 45.8592377], [21.0623918, 45.8592349], [21.062673, 45.859215], [21.0628953, 45.8591878], [21.0630865, 45.8591599], [21.0633255, 45.8591039], [21.0636153, 45.8589769], [21.0638247, 45.8588769], [21.0639744, 45.8587784], [21.0640952, 45.8586708], [21.0642489, 45.8584124], [21.0643297, 45.858221], [21.0643508, 45.8580523], [21.0641996, 45.8577746], [21.0639177, 45.8572044], [21.0641922, 45.8571795], [21.0642529, 45.8572611], [21.0644007, 45.8573193], [21.0646336, 45.8573467], [21.0657063, 45.8565607], [21.0662601, 45.8564054], [21.0669761, 45.8562602], [21.0676994, 45.8555177], [21.068174, 45.8552865], [21.0693578, 45.8547478], [21.0694629, 45.8546965], [21.0695491, 45.8546358], [21.070332, 45.8547055], [21.0710052, 45.854576], [21.0715322, 45.8544998], [21.0716374, 45.8539004], [21.0718543, 45.8529846], [21.0716985, 45.8527756], [21.0707483, 45.8523372], [21.0709224, 45.8517597], [21.0712947, 45.8504706], [21.0714029, 45.8501285], [21.0718526, 45.8485469], [21.0720197, 45.8479232], [21.072291, 45.8469626], [21.0727507, 45.8454834], [21.0728811, 45.8450019], [21.0729525, 45.8450113], [21.0730522, 45.8447321], [21.0722639, 45.8446272], [21.0727055, 45.8432174], [21.0746883, 45.8367897], [21.0774142, 45.8365599], [21.0779904, 45.8354158], [21.0780828, 45.835216], [21.0780977, 45.8351412], [21.0778273, 45.8350839], [21.0764107, 45.8348809], [21.0763208, 45.834841], [21.0763146, 45.8347915], [21.0765598, 45.8344024], [21.0771429, 45.8334434], [21.0772779, 45.8332096], [21.0773129, 45.8331004], [21.0773874, 45.833069], [21.0774859, 45.8329586], [21.0777042, 45.8325989], [21.0782046, 45.8318672], [21.0784668, 45.8313769], [21.0787777, 45.8309526], [21.0791571, 45.8303443], [21.0803071, 45.8283927], [21.0811052, 45.8270064], [21.0823952, 45.8246695], [21.082742, 45.8245222], [21.0835901, 45.8243975], [21.0834879, 45.8241934], [21.0852151, 45.8234277], [21.091356, 45.8206279], [21.091217, 45.8204816], [21.0896172, 45.818717], [21.0888279, 45.8178915], [21.0883533, 45.8178883], [21.088039, 45.8178629], [21.0875723, 45.8178036], [21.0873049, 45.81776], [21.0871402, 45.817681], [21.0869964, 45.8175689], [21.0865534, 45.8171818], [21.0859556, 45.8166159], [21.0858084, 45.8164867], [21.0856198, 45.8163789], [21.0842758, 45.8158067], [21.0840821, 45.8160252], [21.0837075, 45.8164099], [21.0834854, 45.8166314], [21.0830522, 45.8170558], [21.082911, 45.8172003], [21.0827489, 45.8173482], [21.0826514, 45.8174256], [21.0823459, 45.8175893], [21.0814343, 45.8180044], [21.0812052, 45.8181069], [21.0807507, 45.8183023], [21.0797457, 45.8187524], [21.0785947, 45.8192572], [21.0786332, 45.8193116], [21.0763317, 45.8202566], [21.0751853, 45.8194052], [21.0734128, 45.8181031], [21.0734694, 45.818008], [21.073731, 45.8171177], [21.0737352, 45.8169537], [21.073666, 45.8166866], [21.0727664, 45.813984], [21.0725849, 45.8135038], [21.0724911, 45.8130191], [21.0724388, 45.8128804], [21.0711628, 45.8109509], [21.0711268, 45.8108746], [21.0708307, 45.8103327], [21.0705782, 45.809469], [21.0703504, 45.8085457], [21.0698005, 45.806851], [21.0695453, 45.8060863], [21.0692198, 45.8050369], [21.0691693, 45.8047657], [21.069211, 45.804341], [21.0691794, 45.8035813], [21.0691059, 45.8028038], [21.0666987, 45.8030415], [21.062771, 45.8034031], [21.0626873, 45.8033088], [21.0625061, 45.803134], [21.0623308, 45.802976], [21.0620745, 45.8028064], [21.0607328, 45.8031918], [21.0586036, 45.8037612], [21.0574714, 45.8038953], [21.057348, 45.8038994], [21.0576648, 45.8032791], [21.058762, 45.8009321], [21.060837, 45.7965504], [21.0617994, 45.794507], [21.0631947, 45.7915914], [21.0630972, 45.7915707], [21.062941, 45.7915375]]]]}}, {"id": "59", "type": "Feature", "properties": {"name": "S\u00e2nandrei", "judet": "TIMI\u0218", "admin_level": "8", "wikidata": null, "place": "municipality", "osm_id": 11322073, "siruta": "158653", "siruta_score": null, "pop_total": 0, "gp_count": null, "nearest_school_m": 2969.371270289346, "nearest_gp_m": null, "nearest_er_m": 14323.252928715032, "school_score": 71.8661247101522, "gp_score": null, "hospital_score": 89.1918676782124, "composite_score": 77.64137236617228, "partial_data": true, "_color_composite": "#e8c8b8", "_color_school": "#e8c8b8", "_color_gp": "#9a9a9a", "_color_hospital": "#f5ecd9", "_display_color": "#e8c8b8"}, "geometry": {"type": "MultiPolygon", "coordinates": [[[[21.1110391, 45.9221308], [21.1161012, 45.9188202], [21.1205961, 45.9158391], [21.1195492, 45.9149214], [21.1207098, 45.9140647], [21.1132262, 45.9052943], [21.1142108, 45.9054428], [21.1156629, 45.9052724], [21.1164188, 45.9054078], [21.116906, 45.9058289], [21.1196982, 45.9059063], [21.1200499, 45.9052965], [21.1206857, 45.904943], [21.1212612, 45.9043973], [21.1202036, 45.9032], [21.1203299, 45.9031361], [21.1225072, 45.903444], [21.1244965, 45.90339], [21.1258544, 45.903771], [21.127075, 45.9036678], [21.1274872, 45.9035398], [21.1279034, 45.9031408], [21.1282787, 45.9021637], [21.128606, 45.9017468], [21.1295328, 45.9013987], [21.1303575, 45.9012433], [21.1325119, 45.9013828], [21.1341646, 45.9011724], [21.1345269, 45.9012286], [21.1352549, 45.9015571], [21.1361586, 45.8994823], [21.1311178, 45.893937], [21.1203918, 45.8817546], [21.1131822, 45.8744612], [21.1262515, 45.8673367], [21.1288884, 45.8637583], [21.1339451, 45.8572915], [21.136418, 45.8531707], [21.1433965, 45.8408716], [21.14249, 45.8407366], [21.14227, 45.8404842], [21.1423555, 45.8401473], [21.143018, 45.8393203], [21.1429622, 45.8392275], [21.1434713, 45.8395529], [21.1437241, 45.8395773], [21.1703474, 45.8312013], [21.175644, 45.8294706], [21.1781205, 45.8296285], [21.1859242, 45.8301021], [21.1859279, 45.8301521], [21.1861231, 45.8301686], [21.1888579, 45.8303525], [21.1891913, 45.8303811], [21.1900886, 45.8303588], [21.1914483, 45.8302965], [21.1924994, 45.8302169], [21.1935977, 45.830124], [21.1950922, 45.829919], [21.1969505, 45.8296718], [21.1977618, 45.8295492], [21.1996914, 45.829241], [21.2013429, 45.8289893], [21.2044971, 45.8284677], [21.2055189, 45.8282922], [21.2068876, 45.8280476], [21.2073762, 45.8279466], [21.2075876, 45.8279337], [21.2079119, 45.8279395], [21.2080715, 45.8279548], [21.2080966, 45.8279008], [21.2085084, 45.8278796], [21.2087383, 45.8278573], [21.2097012, 45.8277442], [21.210301, 45.8276869], [21.2106865, 45.8276323], [21.2110122, 45.8275659], [21.2118251, 45.8274183], [21.2124924, 45.8273133], [21.214553, 45.8269619], [21.2160731, 45.8266348], [21.217001, 45.8263165], [21.2191644, 45.8254607], [21.2211707, 45.8247323], [21.2219542, 45.8244836], [21.2220437, 45.8244791], [21.2221783, 45.8244936], [21.2223326, 45.8245336], [21.2226076, 45.8245826], [21.2233499, 45.824687], [21.2235905, 45.8247698], [21.2237422, 45.8248747], [21.2240308, 45.8248542], [21.2242605, 45.824782], [21.2249482, 45.8245853], [21.2264627, 45.8241608], [21.2367041, 45.8226489], [21.2373916, 45.8223369], [21.2387563, 45.8213179], [21.2396472, 45.8208998], [21.2457234, 45.819089], [21.2495319, 45.818342], [21.2517663, 45.8178729], [21.2546826, 45.8231364], [21.2532934, 45.823414], [21.2540839, 45.8260438], [21.2543002, 45.8286919], [21.2556486, 45.8359376], [21.2559329, 45.8382718], [21.253798, 45.8381657], [21.2520509, 45.838484], [21.251586, 45.838771], [21.2511929, 45.8386922], [21.2507258, 45.8387577], [21.2499867, 45.838473], [21.2511874, 45.8413972], [21.2502097, 45.8416398], [21.2507088, 45.842626], [21.2501582, 45.8427217], [21.2501681, 45.8428298], [21.2507782, 45.8439447], [21.2491909, 45.8439105], [21.2469779, 45.845023], [21.2458256, 45.8454639], [21.2485162, 45.8471191], [21.2453428, 45.8487078], [21.242881, 45.8501382], [21.2355066, 45.8540113], [21.2323191, 45.8549282], [21.2347215, 45.8578865], [21.234795, 45.8588188], [21.2341108, 45.8662765], [21.2311673, 45.8677784], [21.2312147, 45.867917], [21.2352309, 45.8721851], [21.2368742, 45.8737357], [21.2381651, 45.8744237], [21.2390851, 45.8750777], [21.2393866, 45.8750484], [21.2406268, 45.8743463], [21.2408468, 45.8743266], [21.2413378, 45.8745463], [21.2422159, 45.8755121], [21.2427985, 45.8754891], [21.2430408, 45.8757247], [21.2434025, 45.8758143], [21.2439806, 45.8764589], [21.2445418, 45.8767827], [21.2454042, 45.878485], [21.2454017, 45.8784986], [21.2440456, 45.8795011], [21.2399841, 45.8824558], [21.2444572, 45.8962365], [21.245445, 45.8996146], [21.2456328, 45.9016538], [21.238599, 45.9003741], [21.2246765, 45.8978403], [21.2234516, 45.8950425], [21.2218242, 45.891947], [21.2176893, 45.8929869], [21.2051935, 45.8957703], [21.2040158, 45.9030505], [21.2020152, 45.913841], [21.1981925, 45.9277313], [21.1982952, 45.9284281], [21.1994278, 45.9302143], [21.199532, 45.9308049], [21.1967869, 45.9383308], [21.1922465, 45.9369475], [21.1788344, 45.9331371], [21.1784368, 45.9328944], [21.1797689, 45.9364846], [21.1796025, 45.9367993], [21.1803145, 45.938806], [21.173212, 45.9372128], [21.1720098, 45.9414662], [21.1532254, 45.9368513], [21.1543077, 45.9349894], [21.1535095, 45.934748], [21.1295655, 45.9287984], [21.1293552, 45.9286693], [21.1247567, 45.9315592], [21.120668, 45.9288986], [21.1110391, 45.9221308]]]]}}, {"id": "60", "type": "Feature", "properties": {"name": "Or\u021bi\u0219oara", "judet": "TIMI\u0218", "admin_level": "8", "wikidata": null, "place": "municipality", "osm_id": 11322074, "siruta": "158010", "siruta_score": null, "pop_total": 0, "gp_count": null, "nearest_school_m": 2997.828292180445, "nearest_gp_m": null, "nearest_er_m": 22991.475328009696, "school_score": 71.45959582599365, "gp_score": null, "hospital_score": 67.52131167997575, "composite_score": 70.14683444398767, "partial_data": true, "_color_composite": "#e8c8b8", "_color_school": "#e8c8b8", "_color_gp": "#9a9a9a", "_color_hospital": "#e8c8b8", "_display_color": "#e8c8b8"}, "geometry": {"type": "MultiPolygon", "coordinates": [[[[21.1110391, 45.9221308], [21.120668, 45.9288986], [21.1247567, 45.9315592], [21.1293552, 45.9286693], [21.1295655, 45.9287984], [21.1535095, 45.934748], [21.1543077, 45.9349894], [21.1532254, 45.9368513], [21.1720098, 45.9414662], [21.173212, 45.9372128], [21.1803145, 45.938806], [21.1796025, 45.9367993], [21.1797689, 45.9364846], [21.1784368, 45.9328944], [21.1788344, 45.9331371], [21.1922465, 45.9369475], [21.1967869, 45.9383308], [21.199532, 45.9308049], [21.1994278, 45.9302143], [21.1982952, 45.9284281], [21.1981925, 45.9277313], [21.2020152, 45.913841], [21.2040158, 45.9030505], [21.2051935, 45.8957703], [21.2176893, 45.8929869], [21.2218242, 45.891947], [21.2234516, 45.8950425], [21.2246765, 45.8978403], [21.238599, 45.9003741], [21.2456328, 45.9016538], [21.2478247, 45.9100227], [21.2642094, 45.9205992], [21.2660086, 45.9245448], [21.2677027, 45.9263389], [21.2694273, 45.9284878], [21.2726511, 45.9280661], [21.2731593, 45.9303583], [21.2735021, 45.9312102], [21.2753402, 45.9320295], [21.2770669, 45.9322326], [21.2780603, 45.932179], [21.2788707, 45.9325407], [21.2814157, 45.9331203], [21.2949573, 45.9306648], [21.2949382, 45.9329653], [21.2951518, 45.9337883], [21.2978092, 45.9412067], [21.293455, 45.942675], [21.2956958, 45.9519493], [21.2997602, 45.951616], [21.300088, 45.9510679], [21.3001019, 45.9499154], [21.3028946, 45.9503728], [21.3026644, 45.9509138], [21.3046017, 45.9513331], [21.3048312, 45.9511679], [21.3057586, 45.9518243], [21.3069987, 45.9508028], [21.3084046, 45.9493931], [21.3094514, 45.948743], [21.3131517, 45.9487339], [21.3146727, 45.9485425], [21.3174305, 45.9484446], [21.329944, 45.9475625], [21.3327654, 45.947406], [21.3345759, 45.9474471], [21.3358842, 45.9472447], [21.3385118, 45.9471315], [21.3391376, 45.9469924], [21.3436092, 45.9452268], [21.3461197, 45.9444065], [21.3513944, 45.9423536], [21.3516494, 45.9426902], [21.3518925, 45.9427849], [21.3517892, 45.9428815], [21.3524875, 45.9441308], [21.3619833, 45.956697], [21.362861, 45.9577544], [21.3660684, 45.9603851], [21.3667805, 45.9618133], [21.3680304, 45.966242], [21.3684296, 45.9667953], [21.3590621, 45.9711792], [21.3582523, 45.971687], [21.354934, 45.973223], [21.3552459, 45.9736349], [21.3552544, 45.9741797], [21.3558478, 45.9746438], [21.3561991, 45.9752286], [21.3566549, 45.9755445], [21.3571879, 45.9762567], [21.3572068, 45.9767217], [21.3567186, 45.9776479], [21.3562647, 45.9775272], [21.355492, 45.9774997], [21.3521222, 45.9777466], [21.3515747, 45.9776298], [21.3506949, 45.979433], [21.3546905, 45.9803375], [21.3563146, 45.9809128], [21.3565231, 45.9812], [21.3561978, 45.9815519], [21.356863, 45.9828218], [21.3587456, 45.9822345], [21.361655, 45.9817624], [21.3615865, 45.9810631], [21.3625084, 45.9811668], [21.3626326, 45.9815764], [21.3625553, 45.9818063], [21.3617555, 45.9820781], [21.3617259, 45.9822268], [21.3613475, 45.9823727], [21.3601392, 45.9826378], [21.3581805, 45.9833264], [21.3573383, 45.9834645], [21.3550053, 45.9842384], [21.3510124, 45.9837023], [21.3527262, 45.9855075], [21.353092, 45.9863528], [21.3532418, 45.9881774], [21.3535074, 45.9890345], [21.3541021, 45.9897776], [21.354592, 45.9902746], [21.3565985, 45.991548], [21.358185, 45.9938293], [21.3592873, 45.9947568], [21.360658, 45.9954462], [21.3545026, 45.9990502], [21.3495037, 46.0021851], [21.3461219, 45.9997757], [21.3436637, 46.0015169], [21.3382124, 46.0058224], [21.3363679, 46.007454], [21.3358922, 46.0075092], [21.335545, 46.0074041], [21.3353648, 46.0070696], [21.333216, 46.0066719], [21.3322362, 46.0066991], [21.3303036, 46.0072275], [21.3295946, 46.00724], [21.3280751, 46.007015], [21.3262072, 46.0072133], [21.3246373, 46.0077498], [21.3226407, 46.0096346], [21.3221214, 46.0102821], [21.3213735, 46.0108803], [21.3188721, 46.0124904], [21.3179963, 46.0128853], [21.3176773, 46.0128632], [21.3166422, 46.011691], [21.3146732, 46.0090621], [21.2955383, 46.0162623], [21.286336, 46.0195402], [21.2846185, 46.0201406], [21.280954, 46.0173013], [21.2796847, 46.0171292], [21.2751899, 46.0168746], [21.2754392, 46.0163392], [21.2753191, 46.0153695], [21.2746105, 46.0152212], [21.2738548, 46.0153569], [21.2737451, 46.0153008], [21.2737018, 46.0146303], [21.2734976, 46.0141675], [21.2735958, 46.014141], [21.2709395, 46.0086019], [21.2667125, 46.0037727], [21.2632564, 45.998384], [21.2621137, 45.9948576], [21.261776, 45.9946374], [21.2593886, 45.9943409], [21.258351, 45.994307], [21.2569887, 45.9944409], [21.2558759, 45.9942556], [21.2537524, 45.9938487], [21.2513417, 45.9930552], [21.247544, 45.9909617], [21.2444076, 45.9895292], [21.2425685, 45.988923], [21.2404633, 45.9879346], [21.2382733, 45.986414], [21.2378295, 45.9853973], [21.2378169, 45.9834554], [21.2380534, 45.9829076], [21.23861, 45.9824695], [21.2390085, 45.9822644], [21.2398603, 45.982094], [21.2405877, 45.9820782], [21.2417621, 45.9817697], [21.2429834, 45.9816114], [21.2439328, 45.9816823], [21.2463649, 45.9810975], [21.2479979, 45.9808473], [21.2479375, 45.9806866], [21.2471463, 45.9803828], [21.246652, 45.9799002], [21.2462725, 45.9789849], [21.2457914, 45.9789393], [21.241436, 45.9799569], [21.2407879, 45.9799477], [21.2401381, 45.9796584], [21.2395942, 45.9797], [21.2391289, 45.9800518], [21.2391589, 45.9804496], [21.2389095, 45.9809772], [21.2369085, 45.9819232], [21.2361858, 45.9818697], [21.2355773, 45.9803415], [21.2353461, 45.9793418], [21.2356058, 45.9790824], [21.2360861, 45.9789296], [21.2369345, 45.9788088], [21.2387197, 45.9783065], [21.2388514, 45.9778346], [21.2386042, 45.9751774], [21.2387623, 45.9747362], [21.2413298, 45.9723718], [21.2420038, 45.9713689], [21.2381224, 45.9715368], [21.2320765, 45.9723944], [21.2272866, 45.9732417], [21.2152362, 45.9768912], [21.2106088, 45.9780411], [21.2004049, 45.981426], [21.1923896, 45.9845925], [21.1855632, 45.9886873], [21.1780143, 45.9937127], [21.1720459, 45.9987499], [21.1712941, 45.9986719], [21.1629981, 45.9934798], [21.1608592, 45.9953625], [21.1593478, 45.9947659], [21.1563858, 45.9940016], [21.1560466, 45.9934215], [21.1493322, 45.9896342], [21.1440973, 45.9869884], [21.1398277, 45.9846541], [21.1313664, 45.9803723], [21.1255233, 45.977046], [21.1242959, 45.9778351], [21.1241254, 45.9788743], [21.1228566, 45.9797676], [21.1214818, 45.9783251], [21.1179049, 45.9686905], [21.1151737, 45.9655821], [21.1141771, 45.9646265], [21.1126942, 45.9635884], [21.1119726, 45.9606255], [21.1121314, 45.9601964], [21.1119906, 45.959331], [21.1080857, 45.9568113], [21.0861319, 45.943237], [21.073881, 45.9353799], [21.0812146, 45.9235116], [21.0865916, 45.9206552], [21.0887396, 45.9254963], [21.0886739, 45.9270919], [21.0889592, 45.9276074], [21.0893014, 45.9279682], [21.0921647, 45.9291053], [21.0950559, 45.9311138], [21.1097553, 45.921209], [21.1102305, 45.9215509], [21.1110391, 45.9221308]]]]}}, {"id": "61", "type": "Feature", "properties": {"name": "Fibi\u0219", "judet": "TIMI\u0218", "admin_level": "8", "wikidata": null, "place": "municipality", "osm_id": 11322075, "siruta": "159393", "siruta_score": null, "pop_total": 0, "gp_count": null, "nearest_school_m": 1311.5309608132814, "nearest_gp_m": null, "nearest_er_m": 27562.95777825249, "school_score": 95.54955770266744, "gp_score": null, "hospital_score": 56.09260555436877, "composite_score": 82.3972403199012, "partial_data": true, "_color_composite": "#f5ecd9", "_color_school": "#f5ecd9", "_color_gp": "#9a9a9a", "_color_hospital": "#d99080", "_display_color": "#f5ecd9"}, "geometry": {"type": "MultiPolygon", "coordinates": [[[[21.3518925, 45.9427849], [21.3528246, 45.9428307], [21.3557177, 45.9423052], [21.3607524, 45.9419896], [21.3644651, 45.9438158], [21.3705729, 45.9440379], [21.3749968, 45.9432612], [21.3781974, 45.9423794], [21.3794293, 45.9417542], [21.3825552, 45.939824], [21.3877595, 45.9370924], [21.3875327, 45.9317252], [21.3900297, 45.9288426], [21.3902905, 45.9286707], [21.3904879, 45.9287057], [21.3921642, 45.9278479], [21.3936727, 45.9269632], [21.3970117, 45.9256495], [21.3987804, 45.9243978], [21.3991996, 45.9239652], [21.3993701, 45.924013], [21.4003262, 45.9232672], [21.4015731, 45.9235502], [21.4022813, 45.923835], [21.4040757, 45.925709], [21.4045031, 45.9260131], [21.4083123, 45.9270017], [21.4098331, 45.9271117], [21.4175791, 45.9271882], [21.4197204, 45.9271161], [21.4252698, 45.9273293], [21.4265708, 45.9273125], [21.4284585, 45.9271022], [21.4303554, 45.9277095], [21.4313181, 45.9277141], [21.4318819, 45.9274517], [21.4331078, 45.9272516], [21.4336891, 45.9269852], [21.4361726, 45.9263736], [21.4378675, 45.9261594], [21.4401241, 45.925397], [21.4413759, 45.925164], [21.4486711, 45.9249478], [21.4508804, 45.9250598], [21.4525757, 45.9253691], [21.4543325, 45.9254175], [21.454883, 45.9253356], [21.4595011, 45.9235332], [21.4618564, 45.9220981], [21.4640946, 45.9210267], [21.4657664, 45.9199004], [21.4660092, 45.9197251], [21.4667637, 45.9201354], [21.4670308, 45.9204094], [21.4673464, 45.9216095], [21.4684116, 45.9240511], [21.4684684, 45.9247533], [21.4673389, 45.9266416], [21.4671014, 45.9264284], [21.4674648, 45.9252885], [21.4672168, 45.9250171], [21.4670875, 45.9246007], [21.4673006, 45.9236209], [21.4671567, 45.923162], [21.4668792, 45.9230723], [21.4664777, 45.9230064], [21.4656307, 45.92323], [21.4654781, 45.9234407], [21.465595, 45.9237221], [21.4651876, 45.9239189], [21.4650654, 45.9238771], [21.4652371, 45.9234497], [21.4650801, 45.923274], [21.4646315, 45.9232489], [21.4644943, 45.9234223], [21.4641832, 45.923511], [21.4637155, 45.923468], [21.4635669, 45.9239895], [21.463151, 45.9243561], [21.4624318, 45.9246961], [21.4619, 45.9246273], [21.4615062, 45.9248488], [21.4614612, 45.9252001], [21.4617004, 45.9258932], [21.4625692, 45.9267728], [21.4628368, 45.926882], [21.4631162, 45.9272777], [21.4633623, 45.9272197], [21.4635527, 45.927869], [21.4638714, 45.9281151], [21.4638464, 45.9284689], [21.4644207, 45.9289929], [21.4640234, 45.9292418], [21.4638066, 45.9295388], [21.4629106, 45.9300027], [21.4624559, 45.9300921], [21.4622509, 45.9303033], [21.4620295, 45.9301679], [21.4619453, 45.9299168], [21.460836, 45.9293834], [21.4631255, 45.9316987], [21.4631677, 45.9317483], [21.4627804, 45.9318275], [21.4624908, 45.932002], [21.4617919, 45.9321243], [21.4610549, 45.931551], [21.4602729, 45.9317642], [21.4602642, 45.9320353], [21.4600883, 45.9320443], [21.4599383, 45.9318885], [21.4593577, 45.9321236], [21.4576421, 45.9330784], [21.4563508, 45.9335131], [21.4533625, 45.9352069], [21.4521261, 45.9359617], [21.4506272, 45.9373037], [21.4506735, 45.937467], [21.4504356, 45.937836], [21.4513644, 45.9385292], [21.4508173, 45.9385392], [21.4501607, 45.9390517], [21.4489325, 45.9394709], [21.448886, 45.9398203], [21.4449207, 45.9421172], [21.4425304, 45.9439136], [21.4380581, 45.9469413], [21.4346576, 45.9481803], [21.4350628, 45.9483481], [21.4350242, 45.9484211], [21.4371271, 45.9489306], [21.4363034, 45.9496334], [21.4362602, 45.9500806], [21.4373855, 45.9504833], [21.4389099, 45.9508479], [21.4418855, 45.9512802], [21.4444089, 45.9514533], [21.4412436, 45.9564062], [21.4623368, 45.9677359], [21.4610566, 45.9692766], [21.4605384, 45.9691323], [21.4574784, 45.9677254], [21.4572576, 45.9681249], [21.4568401, 45.9681499], [21.4562685, 45.9677741], [21.4560761, 45.9674922], [21.451371, 45.9725768], [21.4459676, 45.9786813], [21.4453951, 45.9791533], [21.4425551, 45.9822899], [21.4403043, 45.9843347], [21.4422934, 45.9858056], [21.439411, 45.987653], [21.4425038, 45.9899849], [21.4418418, 45.9903637], [21.4352683, 45.9974432], [21.4243659, 46.0086982], [21.421338, 46.011549], [21.4193066, 46.0109112], [21.407632, 46.0072826], [21.3965233, 46.0055358], [21.3934442, 46.0073263], [21.3909006, 46.0086379], [21.3887951, 46.0019355], [21.3888245, 46.0014829], [21.384207, 46.00106], [21.3827673, 46.0008378], [21.3817666, 46.0005334], [21.3770344, 45.9981447], [21.3763986, 45.9977173], [21.3754252, 45.9973], [21.3731827, 45.9955634], [21.3707265, 45.9931707], [21.3690762, 45.9921058], [21.3680998, 45.9913207], [21.3674874, 45.9905556], [21.367829, 45.9888897], [21.366885, 45.9876357], [21.3659177, 45.9871684], [21.3655574, 45.9871863], [21.3655068, 45.9870138], [21.3657826, 45.9866965], [21.3652379, 45.9863394], [21.3645996, 45.9862535], [21.3643333, 45.9864642], [21.3640558, 45.9864657], [21.3636584, 45.9862943], [21.3631868, 45.9858662], [21.3631898, 45.9855557], [21.3634606, 45.9852779], [21.3635957, 45.9852183], [21.3643664, 45.985351], [21.3647571, 45.9850184], [21.3651122, 45.9849658], [21.3649086, 45.9843783], [21.3654301, 45.9841275], [21.3654262, 45.9838099], [21.3657779, 45.9835432], [21.3657836, 45.983195], [21.3664224, 45.9828927], [21.366289, 45.9823207], [21.3658773, 45.9819834], [21.3654025, 45.9818992], [21.3652226, 45.9822175], [21.3649235, 45.9822839], [21.3649498, 45.9824883], [21.364679, 45.9827282], [21.3641422, 45.9820019], [21.3632832, 45.981606], [21.3625457, 45.9819777], [21.3617259, 45.9822268], [21.3617555, 45.9820781], [21.3625553, 45.9818063], [21.3626326, 45.9815764], [21.3625084, 45.9811668], [21.3615865, 45.9810631], [21.361655, 45.9817624], [21.3587456, 45.9822345], [21.356863, 45.9828218], [21.3561978, 45.9815519], [21.3565231, 45.9812], [21.3563146, 45.9809128], [21.3546905, 45.9803375], [21.3506949, 45.979433], [21.3515747, 45.9776298], [21.3521222, 45.9777466], [21.355492, 45.9774997], [21.3562647, 45.9775272], [21.3567186, 45.9776479], [21.3572068, 45.9767217], [21.3571879, 45.9762567], [21.3566549, 45.9755445], [21.3561991, 45.9752286], [21.3558478, 45.9746438], [21.3552544, 45.9741797], [21.3552459, 45.9736349], [21.354934, 45.973223], [21.3582523, 45.971687], [21.3590621, 45.9711792], [21.3684296, 45.9667953], [21.3680304, 45.966242], [21.3667805, 45.9618133], [21.3660684, 45.9603851], [21.362861, 45.9577544], [21.3619833, 45.956697], [21.3524875, 45.9441308], [21.3517892, 45.9428815], [21.3518925, 45.9427849]]]]}}, {"id": "62", "type": "Feature", "properties": {"name": "Pi\u0219chia", "judet": "TIMI\u0218", "admin_level": "8", "wikidata": null, "place": "municipality", "osm_id": 11322076, "siruta": "158181", "siruta_score": null, "pop_total": 0, "gp_count": null, "nearest_school_m": 2195.9393453693297, "nearest_gp_m": null, "nearest_er_m": 20336.2989592232, "school_score": 82.91515220900958, "gp_score": null, "hospital_score": 74.159252601942, "composite_score": 79.99651900665371, "partial_data": true, "_color_composite": "#e8c8b8", "_color_school": "#f5ecd9", "_color_gp": "#9a9a9a", "_color_hospital": "#e8c8b8", "_display_color": "#e8c8b8"}, "geometry": {"type": "MultiPolygon", "coordinates": [[[[21.2454017, 45.8784986], [21.2453839, 45.8786666], [21.2458002, 45.8790261], [21.247278, 45.8797875], [21.2476275, 45.8806139], [21.248383, 45.8808172], [21.2493166, 45.880756], [21.251883, 45.8786038], [21.2534379, 45.8760884], [21.2531358, 45.8742565], [21.2552082, 45.8678163], [21.2804519, 45.8637465], [21.2856633, 45.8708098], [21.2859562, 45.8713035], [21.2862324, 45.8722916], [21.2868994, 45.8730227], [21.2931309, 45.8720936], [21.2936768, 45.8729893], [21.2940182, 45.8739868], [21.2945412, 45.8744716], [21.295032, 45.8745403], [21.2959882, 45.8739911], [21.2964897, 45.8742896], [21.2974305, 45.874453], [21.2972218, 45.875019], [21.297333, 45.8753066], [21.2977963, 45.8754363], [21.2982414, 45.8753688], [21.2985967, 45.8755533], [21.2982129, 45.8761488], [21.2976675, 45.8766097], [21.2973981, 45.8776037], [21.2974056, 45.8780008], [21.2978168, 45.8790859], [21.2985709, 45.8793296], [21.2989288, 45.8796325], [21.2989728, 45.8798342], [21.2991762, 45.8797152], [21.2998086, 45.8801252], [21.2996743, 45.8802629], [21.2999791, 45.8806], [21.30113, 45.881505], [21.3027385, 45.8823535], [21.3034991, 45.8825219], [21.3042408, 45.8831321], [21.3043887, 45.8835356], [21.3057837, 45.8833357], [21.3060814, 45.8836821], [21.3063446, 45.8838016], [21.3067954, 45.8838071], [21.3077562, 45.8840974], [21.3088201, 45.8840972], [21.3097818, 45.8844054], [21.3098537, 45.8844567], [21.3102548, 45.8847429], [21.3111447, 45.8845369], [21.3121011, 45.8847945], [21.3123825, 45.885073], [21.312365, 45.8854547], [21.3125504, 45.8857766], [21.3128966, 45.885786], [21.3132996, 45.8862377], [21.3139995, 45.8864569], [21.3145357, 45.8873895], [21.3150365, 45.8887432], [21.3237373, 45.8873712], [21.3282833, 45.8854558], [21.3320425, 45.8836516], [21.3369465, 45.8816241], [21.3379988, 45.880928], [21.3491155, 45.8884839], [21.350457, 45.8869739], [21.355996, 45.8814198], [21.3561909, 45.8811111], [21.3562867, 45.8802115], [21.3566348, 45.8793674], [21.3579865, 45.8780928], [21.3597173, 45.8773625], [21.3615941, 45.8761613], [21.3627826, 45.8758078], [21.3696204, 45.8732665], [21.3733512, 45.8716613], [21.3795415, 45.8735034], [21.3895855, 45.8760724], [21.4034009, 45.8761313], [21.4045224, 45.8746741], [21.4041734, 45.8746685], [21.4032432, 45.8742795], [21.4018019, 45.8735059], [21.3997376, 45.8733805], [21.3998486, 45.8729944], [21.399773, 45.8718293], [21.3989324, 45.8716053], [21.3988858, 45.8714266], [21.3983938, 45.8668671], [21.3996085, 45.8660209], [21.4007881, 45.8648464], [21.4011593, 45.8646174], [21.4032237, 45.8653032], [21.4047834, 45.8659703], [21.4166372, 45.8674354], [21.4232286, 45.8676882], [21.4228995, 45.8684697], [21.4229747, 45.8744447], [21.4249794, 45.8743239], [21.425288, 45.8745664], [21.4258545, 45.8742041], [21.4262301, 45.8740988], [21.4299709, 45.8737404], [21.4304639, 45.8739512], [21.4327505, 45.8734783], [21.4332584, 45.8735283], [21.4338876, 45.8740593], [21.4351597, 45.8754835], [21.4359181, 45.8756513], [21.4382873, 45.8770564], [21.4387347, 45.8777475], [21.4394734, 45.8785079], [21.4394666, 45.8790053], [21.4398507, 45.8792678], [21.4403644, 45.879893], [21.4404891, 45.8803358], [21.4413077, 45.8810417], [21.4412325, 45.8814303], [21.4415621, 45.8817142], [21.4416246, 45.8820177], [21.4429959, 45.8834329], [21.443157, 45.8838229], [21.4444234, 45.8849197], [21.4447283, 45.8854264], [21.4465802, 45.8853451], [21.4470709, 45.8852212], [21.4473614, 45.8857019], [21.4486251, 45.8868451], [21.4485727, 45.8870058], [21.4495187, 45.8874027], [21.450919, 45.8888993], [21.4518402, 45.8895237], [21.4540237, 45.8888625], [21.4552481, 45.8882861], [21.4556891, 45.8883864], [21.4559524, 45.8882523], [21.4560684, 45.8879961], [21.4568125, 45.8877057], [21.4574026, 45.8872045], [21.4598069, 45.8845555], [21.463263, 45.8826404], [21.463641, 45.8850194], [21.4643355, 45.8846158], [21.4652997, 45.8844307], [21.4676603, 45.8841541], [21.46838, 45.8841556], [21.4692149, 45.883982], [21.4711609, 45.8838856], [21.471819, 45.8839863], [21.474931, 45.8840516], [21.4759819, 45.8843772], [21.4785616, 45.8858079], [21.4788482, 45.8836981], [21.4788304, 45.8817761], [21.4793612, 45.8816731], [21.4797486, 45.8818505], [21.4804017, 45.8816093], [21.4813461, 45.881875], [21.482529, 45.8823948], [21.4832205, 45.8824919], [21.4835967, 45.882672], [21.4847189, 45.8828897], [21.4848955, 45.8827591], [21.4853316, 45.8828668], [21.4855286, 45.8831141], [21.4877851, 45.8839188], [21.4886886, 45.8839837], [21.4903697, 45.8838361], [21.492935, 45.883853], [21.4937311, 45.8841882], [21.4946293, 45.8842761], [21.4960375, 45.8849362], [21.4960914, 45.8850646], [21.4961413, 45.8851171], [21.4962404, 45.8853799], [21.4960783, 45.8857031], [21.496424, 45.8859457], [21.4962128, 45.8863103], [21.4962867, 45.8865429], [21.4966804, 45.8867282], [21.4969808, 45.8866353], [21.4978114, 45.8868087], [21.4978988, 45.8871794], [21.4980521, 45.8872428], [21.4983478, 45.8870138], [21.49916, 45.8869892], [21.4992187, 45.88662], [21.4995474, 45.8864909], [21.5004636, 45.8868901], [21.5011059, 45.8868557], [21.5013488, 45.8867159], [21.5017368, 45.8866753], [21.5023254, 45.8867552], [21.5022479, 45.8865182], [21.5031702, 45.8862218], [21.5033543, 45.8857945], [21.5037734, 45.8857162], [21.5037116, 45.885572], [21.503836, 45.8854121], [21.5043513, 45.8853892], [21.5045373, 45.885214], [21.5050484, 45.8850457], [21.5051257, 45.8846259], [21.5056769, 45.8846305], [21.5051331, 45.886239], [21.5048688, 45.8877023], [21.5073506, 45.8874752], [21.5075802, 45.8887563], [21.5080223, 45.8892892], [21.5084597, 45.8905085], [21.507979, 45.8928589], [21.5100089, 45.8930125], [21.5092881, 45.895671], [21.5089782, 45.9001286], [21.5089449, 45.9041311], [21.5131205, 45.9054968], [21.5135948, 45.9054247], [21.5142966, 45.90561], [21.5139783, 45.9060123], [21.5140744, 45.9063182], [21.5136388, 45.9068516], [21.5135501, 45.9072197], [21.514145, 45.9075563], [21.5143087, 45.9074191], [21.5148286, 45.9078215], [21.5152293, 45.9078616], [21.5150623, 45.9081224], [21.5151783, 45.9083512], [21.5157698, 45.908459], [21.516131, 45.9090606], [21.5165136, 45.9091774], [21.517355, 45.9098957], [21.5179143, 45.9107628], [21.5180028, 45.9108366], [21.5183346, 45.9107756], [21.5181169, 45.911208], [21.5187261, 45.9120955], [21.5197987, 45.9127112], [21.5203325, 45.9124677], [21.5206023, 45.912547], [21.5205767, 45.912673], [21.5202414, 45.9128607], [21.5211032, 45.9130416], [21.5210655, 45.9132909], [21.5214658, 45.9135505], [21.52146, 45.9137853], [21.5219392, 45.914273], [21.5227967, 45.9139559], [21.5233313, 45.9135579], [21.5232633, 45.9131569], [21.5226057, 45.9120372], [21.5213394, 45.9106338], [21.5217716, 45.9103842], [21.5231524, 45.9097769], [21.5234232, 45.9099119], [21.5236731, 45.910238], [21.5242387, 45.910549], [21.5281407, 45.9111824], [21.5272377, 45.9129391], [21.5277339, 45.913257], [21.5276786, 45.9135027], [21.5267731, 45.9135957], [21.5273043, 45.9140325], [21.5272409, 45.9143367], [21.5284492, 45.9143641], [21.5285405, 45.9146761], [21.5309668, 45.914835], [21.5336789, 45.9154802], [21.5353184, 45.9176584], [21.5354581, 45.9194004], [21.5358502, 45.9202405], [21.5370521, 45.9214397], [21.5393344, 45.9231134], [21.5396232, 45.9234592], [21.5397917, 45.9239675], [21.5391999, 45.9254987], [21.5391196, 45.9260739], [21.5389892, 45.9261039], [21.538586, 45.9270255], [21.5383228, 45.9277714], [21.5377905, 45.9276347], [21.5361708, 45.9272498], [21.5352722, 45.9272998], [21.5344941, 45.9275514], [21.5337434, 45.9276461], [21.5323444, 45.9272864], [21.528646, 45.9253571], [21.5256277, 45.9234663], [21.5244881, 45.9226215], [21.5238074, 45.9219118], [21.5225342, 45.9210072], [21.5205362, 45.9209185], [21.5195286, 45.9213683], [21.5166816, 45.9222369], [21.5146782, 45.9221694], [21.5133198, 45.9219177], [21.510589, 45.9217817], [21.5100902, 45.9216112], [21.5087401, 45.9205928], [21.508181, 45.9203902], [21.5053717, 45.9203042], [21.501732, 45.9196217], [21.5003555, 45.9196009], [21.4997731, 45.9194872], [21.4985891, 45.9187922], [21.4964157, 45.9170408], [21.4949787, 45.9153461], [21.4938605, 45.9127429], [21.4932643, 45.9121463], [21.4923389, 45.9116544], [21.4915159, 45.9119135], [21.4897144, 45.9119478], [21.4884904, 45.9122632], [21.4873383, 45.9127503], [21.4863693, 45.9125844], [21.485302, 45.9129226], [21.4837587, 45.9128069], [21.4825191, 45.9125739], [21.479545, 45.9123678], [21.4777591, 45.9124448], [21.4770271, 45.9125953], [21.4750114, 45.9134205], [21.4735483, 45.9144256], [21.4711003, 45.915685], [21.4699525, 45.916101], [21.4697151, 45.9163503], [21.4697626, 45.9167197], [21.4696025, 45.9172157], [21.4687513, 45.9182495], [21.4679288, 45.9187775], [21.4660092, 45.9197251], [21.4657664, 45.9199004], [21.4640946, 45.9210267], [21.4618564, 45.9220981], [21.4595011, 45.9235332], [21.454883, 45.9253356], [21.4543325, 45.9254175], [21.4525757, 45.9253691], [21.4508804, 45.9250598], [21.4486711, 45.9249478], [21.4413759, 45.925164], [21.4401241, 45.925397], [21.4378675, 45.9261594], [21.4361726, 45.9263736], [21.4336891, 45.9269852], [21.4331078, 45.9272516], [21.4318819, 45.9274517], [21.4313181, 45.9277141], [21.4303554, 45.9277095], [21.4284585, 45.9271022], [21.4265708, 45.9273125], [21.4252698, 45.9273293], [21.4197204, 45.9271161], [21.4175791, 45.9271882], [21.4098331, 45.9271117], [21.4083123, 45.9270017], [21.4045031, 45.9260131], [21.4040757, 45.925709], [21.4022813, 45.923835], [21.4015731, 45.9235502], [21.4003262, 45.9232672], [21.3993701, 45.924013], [21.3991996, 45.9239652], [21.3987804, 45.9243978], [21.3970117, 45.9256495], [21.3936727, 45.9269632], [21.3921642, 45.9278479], [21.3904879, 45.9287057], [21.3902905, 45.9286707], [21.3900297, 45.9288426], [21.3875327, 45.9317252], [21.3877595, 45.9370924], [21.3825552, 45.939824], [21.3794293, 45.9417542], [21.3781974, 45.9423794], [21.3749968, 45.9432612], [21.3705729, 45.9440379], [21.3644651, 45.9438158], [21.3607524, 45.9419896], [21.3557177, 45.9423052], [21.3528246, 45.9428307], [21.3518925, 45.9427849], [21.3516494, 45.9426902], [21.3513944, 45.9423536], [21.3461197, 45.9444065], [21.3436092, 45.9452268], [21.3391376, 45.9469924], [21.3385118, 45.9471315], [21.3358842, 45.9472447], [21.3345759, 45.9474471], [21.3327654, 45.947406], [21.329944, 45.9475625], [21.3174305, 45.9484446], [21.3146727, 45.9485425], [21.3131517, 45.9487339], [21.3094514, 45.948743], [21.3084046, 45.9493931], [21.3069987, 45.9508028], [21.3057586, 45.9518243], [21.3048312, 45.9511679], [21.3046017, 45.9513331], [21.3026644, 45.9509138], [21.3028946, 45.9503728], [21.3001019, 45.9499154], [21.300088, 45.9510679], [21.2997602, 45.951616], [21.2956958, 45.9519493], [21.293455, 45.942675], [21.2978092, 45.9412067], [21.2951518, 45.9337883], [21.2949382, 45.9329653], [21.2949573, 45.9306648], [21.2814157, 45.9331203], [21.2788707, 45.9325407], [21.2780603, 45.932179], [21.2770669, 45.9322326], [21.2753402, 45.9320295], [21.2735021, 45.9312102], [21.2731593, 45.9303583], [21.2726511, 45.9280661], [21.2694273, 45.9284878], [21.2677027, 45.9263389], [21.2660086, 45.9245448], [21.2642094, 45.9205992], [21.2478247, 45.9100227], [21.2456328, 45.9016538], [21.245445, 45.8996146], [21.2444572, 45.8962365], [21.2399841, 45.8824558], [21.2440456, 45.8795011], [21.2454017, 45.8784986]]]]}}, {"id": "63", "type": "Feature", "properties": {"name": "Remetea Mare", "judet": "TIMI\u0218", "admin_level": "8", "wikidata": null, "place": "municipality", "osm_id": 11322077, "siruta": "158396", "siruta_score": null, "pop_total": 0, "gp_count": null, "nearest_school_m": 949.4210953809084, "nearest_gp_m": null, "nearest_er_m": 17511.391065060005, "school_score": 100.0, "gp_score": null, "hospital_score": 81.22152233735, "composite_score": 93.74050744578332, "partial_data": true, "_color_composite": "#f5ecd9", "_color_school": "#f5ecd9", "_color_gp": "#9a9a9a", "_color_hospital": "#f5ecd9", "_display_color": "#f5ecd9"}, "geometry": {"type": "MultiPolygon", "coordinates": [[[[21.3470118, 45.8131923], [21.3470488, 45.8093105], [21.3512813, 45.8081555], [21.3526457, 45.8058053], [21.3537577, 45.8034037], [21.3536987, 45.8008393], [21.3525199, 45.7898195], [21.3529616, 45.7895633], [21.353158, 45.7892638], [21.3529565, 45.7882885], [21.3529431, 45.7850884], [21.3517505, 45.7835458], [21.3503557, 45.781179], [21.3497748, 45.7806726], [21.3493671, 45.7792392], [21.3520282, 45.7774912], [21.3520913, 45.7768267], [21.3520753, 45.7758789], [21.3527246, 45.7759332], [21.3533589, 45.7759146], [21.3548311, 45.7747215], [21.3551777, 45.774613], [21.3559267, 45.7747359], [21.3566812, 45.7749779], [21.3581742, 45.7757859], [21.3588564, 45.7766696], [21.3590872, 45.7773335], [21.3603734, 45.7773521], [21.3618132, 45.7770585], [21.362388, 45.7766433], [21.3625431, 45.7752143], [21.3628778, 45.774633], [21.3632336, 45.7744088], [21.3635531, 45.7743551], [21.3641586, 45.7745017], [21.3649591, 45.7751779], [21.3654473, 45.7748175], [21.3663888, 45.773779], [21.3661554, 45.7735621], [21.370262, 45.7737578], [21.3738274, 45.7740555], [21.3739196, 45.7740632], [21.3788208, 45.7740978], [21.378913, 45.7740985], [21.3790994, 45.7746757], [21.3818182, 45.7731503], [21.3820297, 45.773171], [21.3827716, 45.7721955], [21.38321, 45.7718727], [21.3850496, 45.7714936], [21.3857008, 45.7722518], [21.3855347, 45.7741583], [21.3855632, 45.776064], [21.3866706, 45.7758856], [21.3875251, 45.7761161], [21.3902031, 45.7763092], [21.3913806, 45.7759509], [21.3923979, 45.7747213], [21.3937305, 45.7738162], [21.3947321, 45.7726969], [21.3961348, 45.7722757], [21.3974609, 45.7716049], [21.3982403, 45.7713887], [21.3985271, 45.7714276], [21.3998298, 45.772519], [21.4036865, 45.7739971], [21.4045944, 45.7746334], [21.4055559, 45.7749613], [21.406828, 45.7750952], [21.4071704, 45.7752188], [21.4073824, 45.7753637], [21.4076643, 45.7759551], [21.407936, 45.7761511], [21.4085777, 45.77631], [21.40907, 45.7762802], [21.4097407, 45.775984], [21.4108972, 45.7752416], [21.4112114, 45.775165], [21.4127025, 45.7755443], [21.4137188, 45.7751475], [21.4153072, 45.7749924], [21.4161908, 45.7746217], [21.4177435, 45.7736782], [21.4186039, 45.7737874], [21.4191293, 45.7739904], [21.4219455, 45.7757518], [21.4289624, 45.7797519], [21.4306955, 45.7803725], [21.4324645, 45.7807208], [21.4331454, 45.7810319], [21.4340561, 45.7812274], [21.4337466, 45.7817562], [21.4326661, 45.7825066], [21.4324525, 45.7846226], [21.4296159, 45.7858197], [21.429757, 45.7871557], [21.4290781, 45.7872024], [21.429177, 45.7894573], [21.4265015, 45.7927359], [21.4259738, 45.7932287], [21.4224892, 45.7976462], [21.4212186, 45.7973899], [21.4199948, 45.796985], [21.4171331, 45.7983392], [21.4146445, 45.7996392], [21.4144831, 45.7998129], [21.4139807, 45.8045948], [21.4136296, 45.813096], [21.4134972, 45.8132661], [21.4146642, 45.8134146], [21.4153878, 45.8136257], [21.4162717, 45.8136021], [21.4221876, 45.8146627], [21.4250594, 45.8147446], [21.4258664, 45.8149733], [21.4293094, 45.8148557], [21.4298467, 45.8257054], [21.4285823, 45.827029], [21.4453311, 45.8328399], [21.4607614, 45.8393563], [21.4608734, 45.8393553], [21.4610477, 45.8389372], [21.4633553, 45.8393443], [21.4669435, 45.8397623], [21.4736443, 45.8402563], [21.4768754, 45.840994], [21.4776436, 45.8413396], [21.4790345, 45.8422911], [21.4849816, 45.846607], [21.4860172, 45.8472103], [21.4862992, 45.8472033], [21.4870353, 45.8476036], [21.4875608, 45.8477427], [21.4882379, 45.8484536], [21.4894832, 45.8491512], [21.4899704, 45.8492377], [21.491136, 45.8500191], [21.4932502, 45.8506875], [21.4934248, 45.8508355], [21.4943, 45.8519752], [21.496079, 45.8558832], [21.4969067, 45.8570449], [21.4974347, 45.8584083], [21.4974609, 45.8588561], [21.4984121, 45.8607461], [21.4984691, 45.8625774], [21.4987317, 45.8632358], [21.4988751, 45.8646274], [21.4996287, 45.8669942], [21.5002735, 45.8683555], [21.4998437, 45.8685747], [21.4995349, 45.8690028], [21.4996583, 45.8703955], [21.4994914, 45.8720839], [21.499557, 45.8730817], [21.4994341, 45.8732544], [21.4994429, 45.8745347], [21.4992735, 45.8749936], [21.4994228, 45.877496], [21.4996498, 45.8784348], [21.4995888, 45.879708], [21.4997082, 45.8798457], [21.4997511, 45.8807941], [21.4995796, 45.8811285], [21.4999435, 45.8817051], [21.4994355, 45.8821807], [21.4972392, 45.8833911], [21.4965238, 45.8842809], [21.4962993, 45.8849442], [21.4961413, 45.8851171], [21.4960914, 45.8850646], [21.4960375, 45.8849362], [21.4946293, 45.8842761], [21.4937311, 45.8841882], [21.492935, 45.883853], [21.4903697, 45.8838361], [21.4886886, 45.8839837], [21.4877851, 45.8839188], [21.4855286, 45.8831141], [21.4853316, 45.8828668], [21.4848955, 45.8827591], [21.4847189, 45.8828897], [21.4835967, 45.882672], [21.4832205, 45.8824919], [21.482529, 45.8823948], [21.4813461, 45.881875], [21.4804017, 45.8816093], [21.4797486, 45.8818505], [21.4793612, 45.8816731], [21.4788304, 45.8817761], [21.4788482, 45.8836981], [21.4785616, 45.8858079], [21.4759819, 45.8843772], [21.474931, 45.8840516], [21.471819, 45.8839863], [21.4711609, 45.8838856], [21.4692149, 45.883982], [21.46838, 45.8841556], [21.4676603, 45.8841541], [21.4652997, 45.8844307], [21.4643355, 45.8846158], [21.463641, 45.8850194], [21.463263, 45.8826404], [21.4598069, 45.8845555], [21.4574026, 45.8872045], [21.4568125, 45.8877057], [21.4560684, 45.8879961], [21.4559524, 45.8882523], [21.4556891, 45.8883864], [21.4552481, 45.8882861], [21.4540237, 45.8888625], [21.4518402, 45.8895237], [21.450919, 45.8888993], [21.4495187, 45.8874027], [21.4485727, 45.8870058], [21.4486251, 45.8868451], [21.4473614, 45.8857019], [21.4470709, 45.8852212], [21.4465802, 45.8853451], [21.4447283, 45.8854264], [21.4444234, 45.8849197], [21.443157, 45.8838229], [21.4429959, 45.8834329], [21.4416246, 45.8820177], [21.4415621, 45.8817142], [21.4412325, 45.8814303], [21.4413077, 45.8810417], [21.4404891, 45.8803358], [21.4403644, 45.879893], [21.4398507, 45.8792678], [21.4394666, 45.8790053], [21.4394734, 45.8785079], [21.4387347, 45.8777475], [21.4382873, 45.8770564], [21.4359181, 45.8756513], [21.4351597, 45.8754835], [21.4338876, 45.8740593], [21.4332584, 45.8735283], [21.4327505, 45.8734783], [21.4304639, 45.8739512], [21.4299709, 45.8737404], [21.4262301, 45.8740988], [21.4258545, 45.8742041], [21.425288, 45.8745664], [21.4249794, 45.8743239], [21.4229747, 45.8744447], [21.4228995, 45.8684697], [21.4232286, 45.8676882], [21.4166372, 45.8674354], [21.4047834, 45.8659703], [21.4032237, 45.8653032], [21.4011593, 45.8646174], [21.4007881, 45.8648464], [21.3996085, 45.8660209], [21.3983938, 45.8668671], [21.3939933, 45.8661687], [21.3916137, 45.8659777], [21.3919774, 45.8653649], [21.3918893, 45.862996], [21.392317, 45.8614383], [21.3873492, 45.8607731], [21.3854975, 45.8607029], [21.385433, 45.8582233], [21.3855696, 45.8568408], [21.3871291, 45.8543299], [21.3878191, 45.8535761], [21.3875298, 45.8533341], [21.387563, 45.8531109], [21.386116, 45.8519594], [21.385746, 45.8518321], [21.3848607, 45.8511491], [21.3843459, 45.8505473], [21.3838682, 45.8504397], [21.3830379, 45.8506053], [21.3815432, 45.8499042], [21.38122, 45.84942], [21.3812567, 45.849147], [21.3809359, 45.8490531], [21.3803083, 45.8485608], [21.3788351, 45.847925], [21.3790264, 45.8474554], [21.3788467, 45.847202], [21.377457, 45.8466692], [21.3764941, 45.8461192], [21.376076, 45.8456782], [21.3769806, 45.845033], [21.3752936, 45.8441833], [21.3745623, 45.8434885], [21.3734951, 45.842147], [21.3731448, 45.8415114], [21.367766, 45.8352692], [21.3668908, 45.8339997], [21.3668833, 45.8336348], [21.3674054, 45.8328405], [21.3676146, 45.8319227], [21.367918, 45.8317335], [21.3731642, 45.8321642], [21.377859, 45.832722], [21.3790789, 45.8324929], [21.3879128, 45.8301343], [21.3816147, 45.8225029], [21.3662929, 45.8153887], [21.3559104, 45.8096036], [21.3530269, 45.8109278], [21.3516572, 45.8113591], [21.3470118, 45.8131923]]]]}}, {"id": "64", "type": "Feature", "properties": {"name": "Bucov\u0103\u021b", "judet": "TIMI\u0218", "admin_level": "8", "wikidata": null, "place": "municipality", "osm_id": 11322078, "siruta": "159516", "siruta_score": null, "pop_total": 0, "gp_count": null, "nearest_school_m": 1780.2031560304135, "nearest_gp_m": null, "nearest_er_m": 13350.904530234511, "school_score": 88.85424062813695, "gp_score": null, "hospital_score": 91.62273867441374, "composite_score": 89.77707331022921, "partial_data": true, "_color_composite": "#f5ecd9", "_color_school": "#f5ecd9", "_color_gp": "#9a9a9a", "_color_hospital": "#f5ecd9", "_display_color": "#f5ecd9"}, "geometry": {"type": "MultiPolygon", "coordinates": [[[[21.3511933, 45.7684942], [21.3517815, 45.768194], [21.3522403, 45.7676708], [21.3532449, 45.7670276], [21.3539588, 45.766364], [21.354606, 45.7654636], [21.3546219, 45.7636694], [21.3542923, 45.7618531], [21.3544029, 45.761507], [21.3547603, 45.7610766], [21.3552161, 45.7596931], [21.3559474, 45.7582498], [21.3568685, 45.7573633], [21.3584346, 45.7566508], [21.3589341, 45.7566658], [21.3604649, 45.7466296], [21.3620393, 45.7425454], [21.3676998, 45.7460144], [21.3679789, 45.7461887], [21.3686367, 45.7462332], [21.3681663, 45.7403111], [21.3667745, 45.7390627], [21.3661227, 45.7370939], [21.3652375, 45.7360155], [21.369514, 45.7312156], [21.3708882, 45.7315102], [21.3718021, 45.7301976], [21.371968, 45.7301123], [21.3721494, 45.7301635], [21.3734708, 45.7310992], [21.3744342, 45.7330236], [21.3764869, 45.733212], [21.3766198, 45.7338245], [21.3772909, 45.7342099], [21.3770669, 45.7350373], [21.3771106, 45.7353213], [21.3772683, 45.735444], [21.3779839, 45.7355809], [21.3785751, 45.7352428], [21.3789039, 45.7352406], [21.3793724, 45.7355181], [21.3796443, 45.7359428], [21.3794946, 45.7366553], [21.3795859, 45.7368448], [21.3815634, 45.7371345], [21.3819831, 45.7370065], [21.3840197, 45.7369986], [21.3862171, 45.7337378], [21.3907314, 45.7354519], [21.3920436, 45.7344067], [21.3925401, 45.7342755], [21.3931975, 45.7344358], [21.3953637, 45.7331822], [21.3959929, 45.7326967], [21.3961538, 45.7323004], [21.3952864, 45.7316643], [21.3950825, 45.7312419], [21.3983723, 45.7256608], [21.4013613, 45.7283449], [21.4015048, 45.7283259], [21.4015647, 45.7280397], [21.4020387, 45.7283536], [21.4026971, 45.7290428], [21.4031149, 45.729748], [21.4060567, 45.731359], [21.4059903, 45.7309837], [21.4054577, 45.7303726], [21.4054255, 45.7297889], [21.4056171, 45.7295449], [21.4064012, 45.7291838], [21.4073386, 45.7284327], [21.4080095, 45.7280607], [21.407931, 45.7277054], [21.407506, 45.727393], [21.4077548, 45.7269842], [21.4081833, 45.7266141], [21.4082818, 45.7260882], [21.4086655, 45.7261166], [21.4093209, 45.7263891], [21.4102328, 45.7271209], [21.4106989, 45.7272388], [21.4111238, 45.722725], [21.4109827, 45.7225847], [21.4110022, 45.7221968], [21.4113321, 45.7214119], [21.4113626, 45.7209672], [21.4095104, 45.7208799], [21.4085099, 45.719521], [21.4088393, 45.7186318], [21.4088657, 45.7168862], [21.4091191, 45.7165343], [21.4094586, 45.716179], [21.4125376, 45.717509], [21.4138026, 45.7178141], [21.4165417, 45.7184328], [21.4199773, 45.7186619], [21.4217432, 45.7189494], [21.4228685, 45.71925], [21.4258, 45.7210545], [21.427762, 45.7218734], [21.4293671, 45.7221428], [21.4312487, 45.7220807], [21.4395388, 45.7205347], [21.4407396, 45.7201435], [21.4416881, 45.7196971], [21.4422536, 45.7212463], [21.4333565, 45.7233135], [21.4308797, 45.7238023], [21.4289212, 45.7234265], [21.4306768, 45.72777], [21.4317544, 45.7279509], [21.4318727, 45.7283995], [21.4315628, 45.7287131], [21.4317567, 45.7289689], [21.433097, 45.7298903], [21.4344726, 45.7296948], [21.4348034, 45.729801], [21.4350506, 45.7300696], [21.435116, 45.7304721], [21.4346584, 45.7307052], [21.4346969, 45.7309495], [21.4344602, 45.7309666], [21.4345102, 45.7312312], [21.4336705, 45.7317053], [21.4351417, 45.7367274], [21.4408244, 45.7358812], [21.4415474, 45.7384921], [21.4409545, 45.7388423], [21.4425375, 45.7458961], [21.4423083, 45.7461728], [21.4416713, 45.746486], [21.4373594, 45.7463637], [21.4428266, 45.7680837], [21.4398583, 45.7682046], [21.4400572, 45.7701377], [21.4395256, 45.7701766], [21.4397968, 45.773379], [21.4407109, 45.7755814], [21.440382, 45.7756324], [21.4423168, 45.7821338], [21.4412728, 45.7821814], [21.4354372, 45.7816038], [21.4340561, 45.7812274], [21.4331454, 45.7810319], [21.4324645, 45.7807208], [21.4306955, 45.7803725], [21.4289624, 45.7797519], [21.4219455, 45.7757518], [21.4191293, 45.7739904], [21.4186039, 45.7737874], [21.4177435, 45.7736782], [21.4161908, 45.7746217], [21.4153072, 45.7749924], [21.4137188, 45.7751475], [21.4127025, 45.7755443], [21.4112114, 45.775165], [21.4108972, 45.7752416], [21.4097407, 45.775984], [21.40907, 45.7762802], [21.4085777, 45.77631], [21.407936, 45.7761511], [21.4076643, 45.7759551], [21.4073824, 45.7753637], [21.4071704, 45.7752188], [21.406828, 45.7750952], [21.4055559, 45.7749613], [21.4045944, 45.7746334], [21.4036865, 45.7739971], [21.3998298, 45.772519], [21.3985271, 45.7714276], [21.3982403, 45.7713887], [21.3974609, 45.7716049], [21.3961348, 45.7722757], [21.3947321, 45.7726969], [21.3937305, 45.7738162], [21.3923979, 45.7747213], [21.3913806, 45.7759509], [21.3902031, 45.7763092], [21.3875251, 45.7761161], [21.3866706, 45.7758856], [21.3855632, 45.776064], [21.3855347, 45.7741583], [21.3857008, 45.7722518], [21.3850496, 45.7714936], [21.38321, 45.7718727], [21.3827716, 45.7721955], [21.3820297, 45.773171], [21.3818182, 45.7731503], [21.3790994, 45.7746757], [21.378913, 45.7740985], [21.3788208, 45.7740978], [21.3739196, 45.7740632], [21.3738274, 45.7740555], [21.370262, 45.7737578], [21.3661554, 45.7735621], [21.3663888, 45.773779], [21.3654473, 45.7748175], [21.3649591, 45.7751779], [21.3641586, 45.7745017], [21.3635531, 45.7743551], [21.3632336, 45.7744088], [21.3628778, 45.774633], [21.3625431, 45.7752143], [21.362388, 45.7766433], [21.3618132, 45.7770585], [21.3603734, 45.7773521], [21.3590872, 45.7773335], [21.3588564, 45.7766696], [21.3581742, 45.7757859], [21.3566812, 45.7749779], [21.3559267, 45.7747359], [21.3551777, 45.774613], [21.3548311, 45.7747215], [21.3533589, 45.7759146], [21.3527246, 45.7759332], [21.3520753, 45.7758789], [21.3510321, 45.7754221], [21.3504417, 45.7748812], [21.3502242, 45.7745099], [21.3528814, 45.771409], [21.3535565, 45.7707921], [21.3545916, 45.7702576], [21.3549047, 45.7698316], [21.3544659, 45.769498], [21.3530588, 45.769567], [21.3527053, 45.769493], [21.3512964, 45.768521], [21.3511933, 45.7684942]]]]}}, {"id": "65", "type": "Feature", "properties": {"name": "Giarmata", "judet": "TIMI\u0218", "admin_level": "8", "wikidata": null, "place": "municipality", "osm_id": 11322105, "siruta": "157246", "siruta_score": null, "pop_total": 0, "gp_count": null, "nearest_school_m": 1080.605919528458, "nearest_gp_m": null, "nearest_er_m": 12937.918287736977, "school_score": 98.84848686387916, "gp_score": null, "hospital_score": 92.65520428065756, "composite_score": 96.78405933613864, "partial_data": true, "_color_composite": "#f5ecd9", "_color_school": "#f5ecd9", "_color_gp": "#9a9a9a", "_color_hospital": "#f5ecd9", "_display_color": "#f5ecd9"}, "geometry": {"type": "MultiPolygon", "coordinates": [[[[21.2454017, 45.8784986], [21.2454042, 45.878485], [21.2445418, 45.8767827], [21.2439806, 45.8764589], [21.2434025, 45.8758143], [21.2430408, 45.8757247], [21.2427985, 45.8754891], [21.2422159, 45.8755121], [21.2413378, 45.8745463], [21.2408468, 45.8743266], [21.2406268, 45.8743463], [21.2393866, 45.8750484], [21.2390851, 45.8750777], [21.2381651, 45.8744237], [21.2368742, 45.8737357], [21.2352309, 45.8721851], [21.2312147, 45.867917], [21.2311673, 45.8677784], [21.2341108, 45.8662765], [21.234795, 45.8588188], [21.2347215, 45.8578865], [21.2323191, 45.8549282], [21.2355066, 45.8540113], [21.242881, 45.8501382], [21.2453428, 45.8487078], [21.2485162, 45.8471191], [21.2458256, 45.8454639], [21.2469779, 45.845023], [21.2491909, 45.8439105], [21.2507782, 45.8439447], [21.2501681, 45.8428298], [21.2501582, 45.8427217], [21.2507088, 45.842626], [21.2502097, 45.8416398], [21.2511874, 45.8413972], [21.2499867, 45.838473], [21.2507258, 45.8387577], [21.2511929, 45.8386922], [21.251586, 45.838771], [21.2520509, 45.838484], [21.253798, 45.8381657], [21.2559329, 45.8382718], [21.2556486, 45.8359376], [21.2543002, 45.8286919], [21.2540839, 45.8260438], [21.2532934, 45.823414], [21.2546826, 45.8231364], [21.2517663, 45.8178729], [21.2575041, 45.8168089], [21.2589716, 45.8163678], [21.2632469, 45.8237339], [21.2676571, 45.8209702], [21.2693648, 45.8223037], [21.2689706, 45.8225587], [21.2710245, 45.8241354], [21.271457, 45.8238961], [21.2721635, 45.8244875], [21.2745656, 45.8230474], [21.2713405, 45.8204949], [21.2807987, 45.8143996], [21.2838816, 45.8123926], [21.2854543, 45.8130734], [21.2866261, 45.8131923], [21.2876208, 45.8135155], [21.2887306, 45.813531], [21.2898139, 45.8137487], [21.2917663, 45.8146154], [21.2932464, 45.8158791], [21.293492, 45.8163999], [21.2943674, 45.8173713], [21.2950406, 45.81835], [21.2976498, 45.8204743], [21.2988621, 45.8197647], [21.3002047, 45.8197568], [21.3024433, 45.8187462], [21.3037781, 45.8202635], [21.3050311, 45.8196788], [21.3054675, 45.8202539], [21.3060095, 45.820457], [21.3064404, 45.8204091], [21.3070872, 45.8211825], [21.3085629, 45.8209246], [21.3101258, 45.8201884], [21.3104036, 45.8203726], [21.310918, 45.8201763], [21.3132631, 45.821277], [21.3134404, 45.8211968], [21.3138601, 45.8212448], [21.3147977, 45.8216358], [21.3154179, 45.8213564], [21.3160426, 45.8218714], [21.3181995, 45.8209241], [21.3189949, 45.8207161], [21.3261997, 45.8210097], [21.327259, 45.8208996], [21.3314173, 45.8194552], [21.336364, 45.8171402], [21.344602, 45.8140787], [21.3470118, 45.8131923], [21.3516572, 45.8113591], [21.3530269, 45.8109278], [21.3559104, 45.8096036], [21.3662929, 45.8153887], [21.3816147, 45.8225029], [21.3879128, 45.8301343], [21.3790789, 45.8324929], [21.377859, 45.832722], [21.3731642, 45.8321642], [21.367918, 45.8317335], [21.3676146, 45.8319227], [21.3674054, 45.8328405], [21.3668833, 45.8336348], [21.3668908, 45.8339997], [21.367766, 45.8352692], [21.3731448, 45.8415114], [21.3734951, 45.842147], [21.3745623, 45.8434885], [21.3752936, 45.8441833], [21.3769806, 45.845033], [21.376076, 45.8456782], [21.3764941, 45.8461192], [21.377457, 45.8466692], [21.3788467, 45.847202], [21.3790264, 45.8474554], [21.3788351, 45.847925], [21.3803083, 45.8485608], [21.3809359, 45.8490531], [21.3812567, 45.849147], [21.38122, 45.84942], [21.3815432, 45.8499042], [21.3830379, 45.8506053], [21.3838682, 45.8504397], [21.3843459, 45.8505473], [21.3848607, 45.8511491], [21.385746, 45.8518321], [21.386116, 45.8519594], [21.387563, 45.8531109], [21.3875298, 45.8533341], [21.3878191, 45.8535761], [21.3871291, 45.8543299], [21.3855696, 45.8568408], [21.385433, 45.8582233], [21.3854975, 45.8607029], [21.3873492, 45.8607731], [21.392317, 45.8614383], [21.3918893, 45.862996], [21.3919774, 45.8653649], [21.3916137, 45.8659777], [21.3939933, 45.8661687], [21.3983938, 45.8668671], [21.3988858, 45.8714266], [21.3989324, 45.8716053], [21.399773, 45.8718293], [21.3998486, 45.8729944], [21.3997376, 45.8733805], [21.4018019, 45.8735059], [21.4032432, 45.8742795], [21.4041734, 45.8746685], [21.4045224, 45.8746741], [21.4034009, 45.8761313], [21.3895855, 45.8760724], [21.3795415, 45.8735034], [21.3733512, 45.8716613], [21.3696204, 45.8732665], [21.3627826, 45.8758078], [21.3615941, 45.8761613], [21.3597173, 45.8773625], [21.3579865, 45.8780928], [21.3566348, 45.8793674], [21.3562867, 45.8802115], [21.3561909, 45.8811111], [21.355996, 45.8814198], [21.350457, 45.8869739], [21.3491155, 45.8884839], [21.3379988, 45.880928], [21.3369465, 45.8816241], [21.3320425, 45.8836516], [21.3282833, 45.8854558], [21.3237373, 45.8873712], [21.3150365, 45.8887432], [21.3145357, 45.8873895], [21.3139995, 45.8864569], [21.3132996, 45.8862377], [21.3128966, 45.885786], [21.3125504, 45.8857766], [21.312365, 45.8854547], [21.3123825, 45.885073], [21.3121011, 45.8847945], [21.3111447, 45.8845369], [21.3102548, 45.8847429], [21.3098537, 45.8844567], [21.3097818, 45.8844054], [21.3088201, 45.8840972], [21.3077562, 45.8840974], [21.3067954, 45.8838071], [21.3063446, 45.8838016], [21.3060814, 45.8836821], [21.3057837, 45.8833357], [21.3043887, 45.8835356], [21.3042408, 45.8831321], [21.3034991, 45.8825219], [21.3027385, 45.8823535], [21.30113, 45.881505], [21.2999791, 45.8806], [21.2996743, 45.8802629], [21.2998086, 45.8801252], [21.2991762, 45.8797152], [21.2989728, 45.8798342], [21.2989288, 45.8796325], [21.2985709, 45.8793296], [21.2978168, 45.8790859], [21.2974056, 45.8780008], [21.2973981, 45.8776037], [21.2976675, 45.8766097], [21.2982129, 45.8761488], [21.2985967, 45.8755533], [21.2982414, 45.8753688], [21.2977963, 45.8754363], [21.297333, 45.8753066], [21.2972218, 45.875019], [21.2974305, 45.874453], [21.2964897, 45.8742896], [21.2959882, 45.8739911], [21.295032, 45.8745403], [21.2945412, 45.8744716], [21.2940182, 45.8739868], [21.2936768, 45.8729893], [21.2931309, 45.8720936], [21.2868994, 45.8730227], [21.2862324, 45.8722916], [21.2859562, 45.8713035], [21.2856633, 45.8708098], [21.2804519, 45.8637465], [21.2552082, 45.8678163], [21.2531358, 45.8742565], [21.2534379, 45.8760884], [21.251883, 45.8786038], [21.2493166, 45.880756], [21.248383, 45.8808172], [21.2476275, 45.8806139], [21.247278, 45.8797875], [21.2458002, 45.8790261], [21.2453839, 45.8786666], [21.2454017, 45.8784986]]]]}}, {"id": "66", "type": "Feature", "properties": {"name": "Moravi\u021ba", "judet": "TIMI\u0218", "admin_level": "8", "wikidata": null, "place": "municipality", "osm_id": 11485060, "siruta": "157781", "siruta_score": null, "pop_total": 0, "gp_count": null, "nearest_school_m": 1791.7463462569035, "nearest_gp_m": null, "nearest_er_m": 52231.7678503415, "school_score": 88.68933791061566, "gp_score": null, "hospital_score": 0.0, "composite_score": 59.12622527374377, "partial_data": true, "_color_composite": "#d99080", "_color_school": "#f5ecd9", "_color_gp": "#9a9a9a", "_color_hospital": "#3b0a0a", "_display_color": "#d99080"}, "geometry": {"type": "MultiPolygon", "coordinates": [[[[21.1800218, 45.3125849], [21.1799317, 45.3125697], [21.1802761, 45.3112673], [21.1806633, 45.3097587], [21.1810406, 45.3082599], [21.1810311, 45.3080976], [21.1810008, 45.3080643], [21.1822025, 45.3072492], [21.1836195, 45.3054595], [21.184787, 45.3033297], [21.1856745, 45.3016451], [21.1866276, 45.2999299], [21.1875112, 45.2981842], [21.1878798, 45.2975896], [21.1885753, 45.2962148], [21.1894423, 45.2945198], [21.189851, 45.2930241], [21.1898182, 45.2925626], [21.1899018, 45.2925144], [21.1901738, 45.2914871], [21.1905539, 45.2899213], [21.1909388, 45.2883363], [21.1913312, 45.2867847], [21.1925968, 45.285595], [21.1938538, 45.2844199], [21.1947875, 45.2835511], [21.1957355, 45.2826729], [21.1974124, 45.2817217], [21.1993802, 45.2806006], [21.2012174, 45.2795573], [21.2030237, 45.2785259], [21.2048568, 45.27748], [21.2067998, 45.2763719], [21.2087231, 45.27527], [21.2079146, 45.2739198], [21.2070693, 45.2725078], [21.2062056, 45.2710684], [21.2053761, 45.2696758], [21.2045311, 45.2682661], [21.2036812, 45.2668514], [21.2028363, 45.2654391], [21.2039692, 45.2644047], [21.2043097, 45.2640938], [21.2059365, 45.2625903], [21.2075488, 45.2610826], [21.2091827, 45.2595829], [21.2107999, 45.2580809], [21.2124451, 45.2565797], [21.214062, 45.2550722], [21.2156984, 45.2535759], [21.2173272, 45.2520781], [21.2189845, 45.2505828], [21.2212353, 45.2517623], [21.2235366, 45.2529375], [21.2258555, 45.2521169], [21.2281371, 45.2512971], [21.2304181, 45.2504685], [21.2327135, 45.24967], [21.2349935, 45.2488582], [21.2372692, 45.2480371], [21.2396746, 45.247164], [21.2417082, 45.2464497], [21.2437977, 45.2457083], [21.2459609, 45.2449754], [21.2491893, 45.2437959], [21.2515306, 45.2426805], [21.2519786, 45.2424582], [21.2521392, 45.2420731], [21.2524284, 45.2419242], [21.2527342, 45.2418504], [21.2532333, 45.2417082], [21.2544788, 45.2413889], [21.2545849, 45.2412572], [21.2547974, 45.2408039], [21.2551786, 45.2404329], [21.2556478, 45.2401416], [21.2561656, 45.2399638], [21.256971, 45.2398055], [21.2580008, 45.2395285], [21.258217, 45.2393745], [21.2583226, 45.2391313], [21.2582947, 45.2389094], [21.2584816, 45.2388114], [21.2611975, 45.237389], [21.2637123, 45.2360051], [21.2661547, 45.2346472], [21.2681559, 45.2335355], [21.2701711, 45.2324139], [21.272187, 45.2312934], [21.2741969, 45.2301754], [21.2747494, 45.2296787], [21.2757428, 45.2296013], [21.2777229, 45.2312741], [21.2798105, 45.2330635], [21.2806354, 45.2337448], [21.2824553, 45.2351344], [21.2845608, 45.2367233], [21.2864441, 45.2381189], [21.2881365, 45.2393645], [21.2895766, 45.2404234], [21.2907626, 45.2412986], [21.2922604, 45.2424131], [21.2944917, 45.2422041], [21.2952863, 45.2420586], [21.2958376, 45.2419216], [21.2977915, 45.2414075], [21.2991532, 45.2410501], [21.3006123, 45.2406708], [21.3007659, 45.2404509], [21.3025988, 45.2402899], [21.3042323, 45.2402087], [21.3055037, 45.2400908], [21.3052393, 45.239039], [21.3084179, 45.2388544], [21.3101103, 45.2387193], [21.3117212, 45.238522], [21.3129009, 45.2384037], [21.3150446, 45.2381618], [21.3175623, 45.2378706], [21.3200084, 45.2375949], [21.32041, 45.2389442], [21.3207796, 45.2401915], [21.3228596, 45.239971], [21.3250504, 45.2397437], [21.3262015, 45.2396001], [21.3259483, 45.238737], [21.3256125, 45.2374925], [21.3252834, 45.2363198], [21.3272641, 45.2358547], [21.3290617, 45.2354363], [21.3307458, 45.2350341], [21.3327524, 45.2345543], [21.3331484, 45.2354743], [21.3335435, 45.2363919], [21.3352734, 45.23614], [21.337087, 45.2358933], [21.3390141, 45.2356232], [21.3422196, 45.2423288], [21.3469026, 45.2521391], [21.3370386, 45.2750833], [21.3299813, 45.2905866], [21.3431604, 45.2939521], [21.3405138, 45.2964046], [21.3250206, 45.3103671], [21.3232206, 45.3118417], [21.3169433, 45.3174847], [21.3136259, 45.3202642], [21.3105285, 45.3261289], [21.3100384, 45.3256592], [21.3073107, 45.3237319], [21.3053235, 45.321892], [21.2997103, 45.3177517], [21.2985694, 45.3171063], [21.2965892, 45.3156309], [21.2958188, 45.3146961], [21.2953272, 45.31367], [21.269215, 45.3060856], [21.252329, 45.3013657], [21.2484804, 45.2999475], [21.2439427, 45.2998357], [21.2408979, 45.3046292], [21.2395385, 45.3072916], [21.238946, 45.3092422], [21.2385966, 45.3115798], [21.2303728, 45.3085394], [21.1972201, 45.316428], [21.1800218, 45.3125849]]]]}}, {"id": "67", "type": "Feature", "properties": {"name": "Jamu Mare", "judet": "TIMI\u0218", "admin_level": "8", "wikidata": null, "place": "municipality", "osm_id": 11485088, "siruta": "157362", "siruta_score": null, "pop_total": 0, "gp_count": null, "nearest_school_m": 1978.6543671499005, "nearest_gp_m": null, "nearest_er_m": 55553.33137389103, "school_score": 86.01922332643001, "gp_score": null, "hospital_score": 0.0, "composite_score": 57.34614888428666, "partial_data": true, "_color_composite": "#d99080", "_color_school": "#f5ecd9", "_color_gp": "#9a9a9a", "_color_hospital": "#3b0a0a", "_display_color": "#d99080"}, "geometry": {"type": "MultiPolygon", "coordinates": [[[[21.3390141, 45.2356232], [21.3384844, 45.2344672], [21.3379471, 45.2332897], [21.3399889, 45.2327866], [21.3420632, 45.232269], [21.3439041, 45.2318232], [21.34529, 45.2309866], [21.3464528, 45.2302832], [21.3478551, 45.2294518], [21.3491991, 45.2286591], [21.3502967, 45.2279991], [21.3515452, 45.2272301], [21.3526164, 45.2266001], [21.3538695, 45.2258378], [21.3550933, 45.2251015], [21.3564878, 45.2242618], [21.3577355, 45.22351], [21.3587502, 45.2228969], [21.3600175, 45.2221018], [21.3602572, 45.2222124], [21.3602775, 45.2222093], [21.3622472, 45.223014], [21.3649214, 45.2241182], [21.3671741, 45.2250517], [21.3696343, 45.2260655], [21.3722263, 45.2253309], [21.3743106, 45.2247403], [21.3766758, 45.2240603], [21.3787921, 45.2234518], [21.3810083, 45.2228165], [21.3832892, 45.2221627], [21.3858307, 45.2214588], [21.3883017, 45.2207746], [21.3903219, 45.2201976], [21.3922731, 45.2196404], [21.3950499, 45.218864], [21.3953465, 45.2187809], [21.3967083, 45.2206079], [21.3978892, 45.2221982], [21.3991824, 45.2239609], [21.3993566, 45.2238972], [21.4004005, 45.2253223], [21.4015307, 45.2268348], [21.4027157, 45.2284087], [21.4029808, 45.2290725], [21.4030002, 45.2291306], [21.4033022, 45.2292745], [21.4034333, 45.2292706], [21.4035864, 45.2291671], [21.403715, 45.2288977], [21.4039969, 45.2287136], [21.4042055, 45.2286356], [21.4045567, 45.2286755], [21.4048345, 45.2286703], [21.4049895, 45.2286196], [21.4051915, 45.2284861], [21.4051698, 45.2282542], [21.4051957, 45.2282215], [21.4052289, 45.2282138], [21.4055272, 45.2282556], [21.4056465, 45.2281697], [21.4058328, 45.2279725], [21.4058415, 45.2278523], [21.4058153, 45.2277185], [21.4058022, 45.2272767], [21.4058687, 45.2271987], [21.4060469, 45.2271203], [21.406446, 45.2271732], [21.4065973, 45.2271046], [21.4066587, 45.2269977], [21.4066842, 45.2268512], [21.4067494, 45.2267532], [21.4068687, 45.2266937], [21.4070123, 45.2266922], [21.40735, 45.2268927], [21.4075294, 45.2269634], [21.4076601, 45.2269454], [21.4077675, 45.2268815], [21.4078251, 45.2267808], [21.4078211, 45.2266837], [21.4077487, 45.2265742], [21.4075839, 45.2264261], [21.4076789, 45.22622], [21.4077845, 45.2261174], [21.4081213, 45.2259227], [21.4082315, 45.225772], [21.4083287, 45.2257317], [21.4084252, 45.2257211], [21.4085701, 45.2257484], [21.4086504, 45.2258078], [21.4087198, 45.2259762], [21.4087731, 45.2260233], [21.408819, 45.2260353], [21.4088715, 45.2260139], [21.4089616, 45.2258763], [21.4090045, 45.2258406], [21.4090501, 45.225836], [21.4092395, 45.2258655], [21.4092991, 45.2258491], [21.4093457, 45.2257923], [21.4093625, 45.2257272], [21.4093359, 45.2255986], [21.409406, 45.2254837], [21.4096163, 45.2253882], [21.4099029, 45.225096], [21.4099899, 45.2250562], [21.4102908, 45.2250011], [21.4105827, 45.2248435], [21.4107797, 45.2247883], [21.4108411, 45.224733], [21.4108545, 45.22468], [21.4107584, 45.2245398], [21.4106424, 45.2244385], [21.4106393, 45.2243963], [21.4107485, 45.2243022], [21.4108067, 45.2242957], [21.4109106, 45.2243058], [21.4109883, 45.2242576], [21.4110616, 45.2242648], [21.4111887, 45.2241929], [21.4112794, 45.2241157], [21.4113167, 45.2239257], [21.4112946, 45.2238328], [21.4112092, 45.2238077], [21.4108174, 45.2237955], [21.4105984, 45.2239165], [21.410481, 45.223941], [21.410408, 45.2238634], [21.4104172, 45.2237166], [21.4103501, 45.2236318], [21.4101334, 45.2234897], [21.4101303, 45.2233804], [21.4104644, 45.2232847], [21.4106219, 45.2233182], [21.4109571, 45.2235006], [21.4109742, 45.2234433], [21.4108691, 45.2232954], [21.4107745, 45.2231923], [21.410775, 45.2231332], [21.4108058, 45.2230993], [21.4109792, 45.2230485], [21.4110644, 45.2230235], [21.4111292, 45.2230457], [21.4111627, 45.2230853], [21.4111621, 45.2231595], [21.4112599, 45.2231627], [21.4113454, 45.2231367], [21.4113969, 45.2230711], [21.4114859, 45.2227345], [21.4116032, 45.2226554], [21.4115837, 45.2226178], [21.4113807, 45.2225741], [21.4113572, 45.222516], [21.4114614, 45.2223641], [21.411437, 45.2222634], [21.4113145, 45.2222317], [21.4112866, 45.2221667], [21.4113955, 45.2219524], [21.4115628, 45.2218669], [21.4118235, 45.221862], [21.4119542, 45.2217737], [21.4119637, 45.2217176], [21.4117661, 45.2216231], [21.4116004, 45.2215915], [21.4115613, 45.221557], [21.4115703, 45.2214983], [21.4116176, 45.2214559], [21.4120373, 45.2212953], [21.4122469, 45.2211416], [21.4122707, 45.2210193], [21.412515, 45.2209087], [21.412595, 45.2209218], [21.4126118, 45.2209567], [21.4125701, 45.221032], [21.4126455, 45.2211041], [21.4128152, 45.2210869], [21.4129153, 45.2211152], [21.4130782, 45.2210599], [21.4132326, 45.220969], [21.4132356, 45.2208233], [21.4133441, 45.2207784], [21.4134021, 45.2208055], [21.4134804, 45.2209117], [21.4137178, 45.2209707], [21.413792, 45.2209563], [21.4138033, 45.2209292], [21.4138074, 45.2208569], [21.4139108, 45.2207062], [21.4138303, 45.2206297], [21.4138569, 45.2205437], [21.4138873, 45.2205243], [21.4144774, 45.2206106], [21.4144725, 45.2207076], [21.414415, 45.2207393], [21.4142664, 45.2206934], [21.4141968, 45.2207195], [21.4142495, 45.2207947], [21.4142487, 45.2208727], [21.4143576, 45.2209384], [21.4143541, 45.2209706], [21.4143903, 45.2209965], [21.4145244, 45.2209945], [21.414705, 45.2208787], [21.4147636, 45.2209705], [21.4148175, 45.2209824], [21.4150535, 45.2209307], [21.4150684, 45.2208824], [21.4149873, 45.2207306], [21.4150299, 45.220697], [21.4151981, 45.220751], [21.4153358, 45.2207332], [21.4154386, 45.220534], [21.4154218, 45.2204979], [21.4153185, 45.2204182], [21.4152867, 45.2201814], [21.4155423, 45.2202099], [21.415653, 45.2201979], [21.4158879, 45.2199932], [21.4158627, 45.2199009], [21.4159123, 45.2198137], [21.4161706, 45.2197339], [21.4163851, 45.2195888], [21.4165281, 45.2195996], [21.4167396, 45.2195275], [21.4169454, 45.2193274], [21.4169434, 45.2190734], [21.4171163, 45.2189664], [21.4171959, 45.2188383], [21.4173352, 45.2187808], [21.4176308, 45.2187923], [21.4176748, 45.2187383], [21.4176079, 45.2186279], [21.4175519, 45.2185958], [21.4175846, 45.2185618], [21.4176482, 45.2185358], [21.4177819, 45.2185352], [21.4179479, 45.218591], [21.4179975, 45.2185532], [21.4179738, 45.2184166], [21.4181356, 45.2181761], [21.4182856, 45.2182946], [21.4183698, 45.2182086], [21.4184172, 45.2179456], [21.4185248, 45.2178957], [21.4185815, 45.2179997], [21.4187596, 45.2180832], [21.4189703, 45.217893], [21.418993, 45.2177562], [21.4191152, 45.2176261], [21.4192746, 45.2175633], [21.4192303, 45.217718], [21.4194789, 45.2176953], [21.4196657, 45.2177464], [21.4197392, 45.2177377], [21.4198187, 45.2176279], [21.4198428, 45.2174922], [21.4198178, 45.2173856], [21.4197491, 45.2173299], [21.4197513, 45.2172815], [21.4199346, 45.2171733], [21.4200083, 45.2171569], [21.4202328, 45.21726], [21.4203197, 45.2174604], [21.4204371, 45.2174666], [21.4210838, 45.2172713], [21.4213608, 45.2173113], [21.4214114, 45.2173549], [21.421587, 45.2172745], [21.4216758, 45.2171453], [21.4216818, 45.2169338], [21.4217308, 45.2168359], [21.4218077, 45.2167392], [21.4217764, 45.2166106], [21.4218592, 45.2165648], [21.4220471, 45.2166398], [21.4221434, 45.2166546], [21.4222156, 45.2166149], [21.4222979, 45.2165246], [21.4223626, 45.2163216], [21.4224587, 45.2161958], [21.422532, 45.2161541], [21.4225996, 45.2161541], [21.4227022, 45.2163427], [21.4228015, 45.2164071], [21.4228997, 45.2163701], [21.4230105, 45.2162402], [21.423137, 45.2162167], [21.4233696, 45.2162817], [21.42356, 45.21628], [21.4237903, 45.2162372], [21.424102, 45.2159621], [21.424132, 45.2157917], [21.4242534, 45.2156456], [21.4243665, 45.2155916], [21.4245702, 45.2158031], [21.4244841, 45.2159726], [21.4246096, 45.2160862], [21.4250894, 45.2158883], [21.4249983, 45.2157232], [21.4250943, 45.2155957], [21.4251765, 45.2155719], [21.4252038, 45.2156234], [21.4254054, 45.2155921], [21.4254722, 45.215496], [21.4254209, 45.2153006], [21.4254694, 45.2152772], [21.4257074, 45.2153207], [21.4257591, 45.2152968], [21.4257337, 45.2152247], [21.4257827, 45.2150833], [21.4256461, 45.2149892], [21.4256752, 45.2149117], [21.4258557, 45.2148274], [21.4259225, 45.2148885], [21.4259152, 45.2149648], [21.4260806, 45.2149996], [21.4261441, 45.2149376], [21.4261937, 45.2148433], [21.4261815, 45.2146892], [21.4263628, 45.2145878], [21.4264664, 45.2145672], [21.4266363, 45.2146983], [21.4266687, 45.2147772], [21.4267918, 45.2148229], [21.4268151, 45.2148786], [21.4270622, 45.2149084], [21.4271851, 45.2148708], [21.4272437, 45.2148351], [21.4271116, 45.2147877], [21.4271413, 45.2147184], [21.4270983, 45.2145816], [21.4271249, 45.2145571], [21.4271626, 45.2145587], [21.42718, 45.2146118], [21.4272703, 45.2146336], [21.4275424, 45.2144738], [21.4278276, 45.2145115], [21.4280624, 45.214567], [21.4282038, 45.2144806], [21.4281834, 45.2144436], [21.4280048, 45.2144456], [21.4279774, 45.2141718], [21.4279374, 45.2140143], [21.428086, 45.2139959], [21.4283036, 45.214038], [21.4283314, 45.2139339], [21.4282342, 45.2138758], [21.4281326, 45.2137559], [21.4281476, 45.2137139], [21.4283296, 45.2136403], [21.4283749, 45.2136635], [21.4284116, 45.2137312], [21.4284453, 45.213747], [21.4285544, 45.213707], [21.4286687, 45.2137214], [21.4287564, 45.213723], [21.428777, 45.2137487], [21.4288159, 45.2137296], [21.4287128, 45.2135073], [21.4287947, 45.2134488], [21.428848, 45.2133113], [21.4289948, 45.2132599], [21.4291495, 45.2133347], [21.4292297, 45.2134288], [21.4293265, 45.2134521], [21.4293501, 45.2134053], [21.4294757, 45.2133536], [21.4296146, 45.2133596], [21.4298024, 45.2133193], [21.4297896, 45.2131809], [21.4299198, 45.2131388], [21.4299907, 45.2131986], [21.4301429, 45.2131657], [21.4303301, 45.2131956], [21.4304579, 45.2132286], [21.4305024, 45.2132569], [21.4305602, 45.2132251], [21.430566, 45.2130993], [21.4306102, 45.2130732], [21.4307401, 45.2130972], [21.4309173, 45.2129321], [21.4311653, 45.2127994], [21.4312314, 45.2126938], [21.4312139, 45.2125964], [21.4312839, 45.2125331], [21.4312554, 45.212378], [21.4313803, 45.2122705], [21.4313889, 45.2121224], [21.4315366, 45.2121259], [21.4316144, 45.2121778], [21.4317448, 45.2120188], [21.4317456, 45.2119674], [21.4316443, 45.2118299], [21.43177, 45.2117398], [21.4320711, 45.2115687], [21.4321674, 45.2114705], [21.4324696, 45.2114855], [21.4326465, 45.211333], [21.4326129, 45.2112349], [21.432708, 45.2111821], [21.4327909, 45.2112025], [21.4328572, 45.2111616], [21.4328512, 45.2110755], [21.433061, 45.2110486], [21.433101, 45.2109652], [21.4332594, 45.2109575], [21.433266, 45.2108948], [21.4331466, 45.2108816], [21.4331557, 45.2107464], [21.4333288, 45.2107429], [21.4334924, 45.2106729], [21.4335059, 45.2105257], [21.4335367, 45.2104585], [21.4337163, 45.2103343], [21.4338102, 45.2101082], [21.4340123, 45.2101208], [21.4340545, 45.209929], [21.4340096, 45.2098561], [21.4340384, 45.2098278], [21.4341831, 45.2098232], [21.434262, 45.2097368], [21.4342605, 45.2096659], [21.4341421, 45.2095585], [21.4342333, 45.2094425], [21.4342638, 45.2091819], [21.434384, 45.2090442], [21.4344247, 45.208869], [21.4344215, 45.2087363], [21.4344919, 45.2086532], [21.4346466, 45.2086342], [21.4347462, 45.2085847], [21.4348306, 45.2084284], [21.434829, 45.2083226], [21.4347627, 45.2082649], [21.4348773, 45.2081319], [21.4349738, 45.2081474], [21.435051, 45.2081082], [21.4352498, 45.2078563], [21.4352183, 45.207797], [21.4352658, 45.207758], [21.4353611, 45.2077177], [21.4353464, 45.2075848], [21.4353997, 45.2075178], [21.4354744, 45.2074964], [21.4355263, 45.2074323], [21.4355595, 45.2073329], [21.4356913, 45.207229], [21.4358901, 45.2069092], [21.4358086, 45.2067379], [21.4356901, 45.2067067], [21.4357461, 45.2066227], [21.4358676, 45.2065856], [21.4359115, 45.2065169], [21.4360825, 45.2063993], [21.4361512, 45.2062766], [21.4362794, 45.2062092], [21.436337, 45.2061071], [21.4361734, 45.205988], [21.4362021, 45.2059444], [21.4363574, 45.2058467], [21.4365275, 45.2056277], [21.4366754, 45.205192], [21.436624, 45.2051016], [21.4367506, 45.2048527], [21.4367272, 45.2047339], [21.4367838, 45.2045767], [21.4369916, 45.2042843], [21.4369899, 45.2041861], [21.4369481, 45.2041448], [21.4369754, 45.2040988], [21.4370429, 45.204035], [21.4372324, 45.2039622], [21.4375217, 45.2036995], [21.4376453, 45.2035522], [21.4378316, 45.2034018], [21.4381941, 45.2031524], [21.4388043, 45.2027982], [21.4392929, 45.2025956], [21.4401932, 45.2025209], [21.4404238, 45.2024305], [21.4405001, 45.2024176], [21.4405646, 45.2023665], [21.4410269, 45.2022689], [21.4411193, 45.2022204], [21.4411628, 45.2021637], [21.4412344, 45.2021362], [21.4416405, 45.2019577], [21.4422153, 45.2018399], [21.442777, 45.201573], [21.4433529, 45.2012023], [21.4438164, 45.2017796], [21.4461861, 45.2012327], [21.4485228, 45.2006987], [21.4506443, 45.2002221], [21.4529623, 45.1997166], [21.4552514, 45.1992048], [21.4576986, 45.19866], [21.4603986, 45.1979958], [21.4624277, 45.1974972], [21.4661941, 45.1964941], [21.4685992, 45.1958365], [21.4787408, 45.1931914], [21.4792157, 45.1930852], [21.4793879, 45.1935124], [21.4795534, 45.1939229], [21.4774079, 45.1945027], [21.4776359, 45.1949228], [21.4801894, 45.1963428], [21.4811801, 45.1962652], [21.4821744, 45.1964819], [21.4836274, 45.1971406], [21.4852907, 45.195697], [21.4870566, 45.1949576], [21.4895495, 45.1948081], [21.4904048, 45.195643], [21.4973514, 45.1957689], [21.5006708, 45.1967421], [21.5010552, 45.1970828], [21.5010599, 45.1976843], [21.5018845, 45.1983407], [21.5017055, 45.199883], [21.5040286, 45.1998885], [21.5105716, 45.2012731], [21.5140306, 45.2018057], [21.5147379, 45.2021035], [21.5124936, 45.202971], [21.5098574, 45.2034025], [21.5080466, 45.2035735], [21.5078728, 45.2037051], [21.5075258, 45.2036881], [21.5074841, 45.2039993], [21.5072708, 45.2041608], [21.5067972, 45.2065582], [21.5078635, 45.2078234], [21.5079921, 45.2084644], [21.5073033, 45.2105824], [21.5070378, 45.2119445], [21.5096467, 45.2119915], [21.5099144, 45.2121772], [21.5096079, 45.2123945], [21.5085122, 45.2125086], [21.5069093, 45.2130392], [21.5040275, 45.2128042], [21.5034799, 45.2133098], [21.5046631, 45.2153968], [21.5051484, 45.2158784], [21.505026, 45.2162788], [21.5042045, 45.2166971], [21.5042613, 45.2173593], [21.5084791, 45.2173217], [21.5103164, 45.2174079], [21.5113595, 45.2176174], [21.5161332, 45.2222554], [21.5168944, 45.2250365], [21.5188633, 45.2263426], [21.5198143, 45.2268383], [21.5198315, 45.2270483], [21.5221227, 45.2287192], [21.5225889, 45.2289837], [21.5227615, 45.2288346], [21.5242665, 45.2298648], [21.526712, 45.2318882], [21.5267779, 45.2318074], [21.5271241, 45.2318316], [21.5266845, 45.2358986], [21.5263689, 45.2369435], [21.5262699, 45.2391246], [21.5244086, 45.2409498], [21.5220987, 45.2425848], [21.5213529, 45.2442], [21.5212632, 45.2449112], [21.5223886, 45.2459435], [21.5243242, 45.2467615], [21.524891, 45.2468035], [21.5266826, 45.2465901], [21.5288372, 45.2479694], [21.530603, 45.248476], [21.5331602, 45.254466], [21.533465, 45.2548915], [21.5334255, 45.255376], [21.5335915, 45.2557673], [21.5331286, 45.2570061], [21.5329734, 45.2589455], [21.5325585, 45.259622], [21.5327037, 45.2598184], [21.5338499, 45.2604867], [21.5344246, 45.2613738], [21.5343586, 45.262019], [21.5348278, 45.2628635], [21.5347983, 45.2631309], [21.5343233, 45.2639491], [21.5351483, 45.2643928], [21.5365047, 45.264706], [21.5381789, 45.2652876], [21.5384514, 45.2655125], [21.5385714, 45.2661027], [21.5389509, 45.2665626], [21.5404229, 45.2672368], [21.5422544, 45.2677112], [21.5439531, 45.2679367], [21.5456536, 45.2673879], [21.5461833, 45.2673387], [21.5482235, 45.267472], [21.5497552, 45.2677895], [21.5501645, 45.2679998], [21.5505246, 45.2687356], [21.5515517, 45.2697863], [21.5523473, 45.2701524], [21.553696, 45.2705231], [21.5561023, 45.2724397], [21.5528126, 45.2750549], [21.552766, 45.2754455], [21.5531887, 45.2763324], [21.5532745, 45.2768207], [21.5521365, 45.2777617], [21.5514903, 45.2786717], [21.550408, 45.2794249], [21.5496528, 45.2797325], [21.5489207, 45.2798956], [21.5477745, 45.2798889], [21.546235, 45.2803179], [21.5448114, 45.281257], [21.5438946, 45.2822581], [21.5408684, 45.2841356], [21.540385, 45.284644], [21.5389069, 45.2868469], [21.5385629, 45.2871544], [21.5360621, 45.2877927], [21.5343177, 45.2886079], [21.5313165, 45.2913732], [21.535992, 45.2946342], [21.5375861, 45.2959185], [21.5392484, 45.2969158], [21.5427939, 45.299466], [21.5427976, 45.2996602], [21.5427901, 45.2997314], [21.5426406, 45.3002374], [21.5389978, 45.3053112], [21.537481, 45.3079257], [21.5340217, 45.3130538], [21.5323602, 45.3158648], [21.531576, 45.321136], [21.5311231, 45.321968], [21.5304715, 45.3225496], [21.5301248, 45.3232481], [21.5296747, 45.3254837], [21.5287948, 45.3270996], [21.5283307, 45.3284552], [21.527759, 45.3284872], [21.5271037, 45.3289266], [21.5264024, 45.3306706], [21.5258336, 45.3315822], [21.5233269, 45.3325182], [21.5151529, 45.3356413], [21.493932, 45.3428822], [21.4898448, 45.3430449], [21.4840249, 45.3432024], [21.4775455, 45.3397156], [21.4715056, 45.3361041], [21.4599541, 45.345838], [21.4439451, 45.3424151], [21.4434802, 45.3420181], [21.4367398, 45.333517], [21.4236056, 45.3174725], [21.4132701, 45.312177], [21.4123563, 45.3118404], [21.4042397, 45.3219617], [21.3903664, 45.3193525], [21.3881474, 45.3170594], [21.3882142, 45.316506], [21.3822282, 45.3150654], [21.3864628, 45.3110473], [21.3858349, 45.3051809], [21.3756965, 45.30559], [21.3734488, 45.3006561], [21.3583841, 45.2988054], [21.3594729, 45.2941], [21.3535491, 45.2934], [21.3529785, 45.2935852], [21.3506085, 45.2930303], [21.3466426, 45.293906], [21.344955, 45.2944848], [21.3449077, 45.294501], [21.3444956, 45.2944685], [21.3431604, 45.2939521], [21.3299813, 45.2905866], [21.3370386, 45.2750833], [21.3469026, 45.2521391], [21.3422196, 45.2423288], [21.3390141, 45.2356232]]]]}}, {"id": "68", "type": "Feature", "properties": {"name": "Birda", "judet": "TIMI\u0218", "admin_level": "8", "wikidata": null, "place": "municipality", "osm_id": 11485096, "siruta": "159366", "siruta_score": null, "pop_total": 0, "gp_count": null, "nearest_school_m": 489.79823020587855, "nearest_gp_m": null, "nearest_er_m": 36745.75102650827, "school_score": 100.0, "gp_score": null, "hospital_score": 33.13562243372933, "composite_score": 77.71187414457644, "partial_data": true, "_color_composite": "#e8c8b8", "_color_school": "#f5ecd9", "_color_gp": "#9a9a9a", "_color_hospital": "#b54545", "_display_color": "#e8c8b8"}, "geometry": {"type": "MultiPolygon", "coordinates": [[[[21.2822238, 45.427039], [21.2824798, 45.4263486], [21.2830441, 45.4248615], [21.2853132, 45.4252753], [21.2844421, 45.4218152], [21.2844157, 45.4212418], [21.295112, 45.4256033], [21.2976116, 45.4223674], [21.3097592, 45.4275545], [21.3164609, 45.4218664], [21.3163756, 45.4211759], [21.3174462, 45.4189758], [21.3139696, 45.4189852], [21.3155172, 45.4160279], [21.3153119, 45.4131432], [21.3148557, 45.4131714], [21.3089084, 45.4105814], [21.3062761, 45.4092552], [21.3027567, 45.4069027], [21.3023084, 45.4067188], [21.2964601, 45.4026403], [21.2941672, 45.4011715], [21.3008853, 45.3927043], [21.3033414, 45.3900894], [21.3036381, 45.3900936], [21.3044007, 45.3909068], [21.3053042, 45.3913876], [21.3055979, 45.3921989], [21.3062165, 45.3923093], [21.3069296, 45.3920248], [21.3074006, 45.3922102], [21.3079998, 45.3927124], [21.3084078, 45.3928159], [21.3096858, 45.39271], [21.3100719, 45.3927226], [21.310329, 45.3929581], [21.3105951, 45.3928615], [21.3093199, 45.3919368], [21.3089253, 45.388515], [21.3091746, 45.3885109], [21.3111885, 45.3864145], [21.3101376, 45.3852959], [21.3117785, 45.3837626], [21.3165827, 45.3797014], [21.3425275, 45.3583014], [21.3450381, 45.3561269], [21.3641874, 45.3671575], [21.3707746, 45.3731028], [21.3684571, 45.3768164], [21.3670038, 45.3794603], [21.3668674, 45.3797954], [21.3671514, 45.3800886], [21.3669246, 45.3804021], [21.3659388, 45.3830443], [21.3655811, 45.3845592], [21.3656823, 45.3854157], [21.3659201, 45.3856443], [21.367049, 45.3856034], [21.3683793, 45.3860511], [21.368867, 45.386797], [21.3692259, 45.3871049], [21.370084, 45.3871201], [21.3715693, 45.3873481], [21.3722853, 45.3875785], [21.3733014, 45.3881391], [21.3735515, 45.3880946], [21.3731341, 45.3891107], [21.3732885, 45.3892692], [21.3757459, 45.3901818], [21.3770687, 45.3905028], [21.3745193, 45.3957105], [21.3705031, 45.403347], [21.3656869, 45.4133408], [21.3637096, 45.4128976], [21.3626639, 45.4148606], [21.3633595, 45.4150284], [21.3635796, 45.4155407], [21.363536, 45.4160432], [21.3636928, 45.4164864], [21.3640284, 45.416684], [21.364382, 45.4167341], [21.3644903, 45.4169555], [21.364828, 45.4171616], [21.3648661, 45.4176499], [21.3651896, 45.4178252], [21.3662184, 45.4175557], [21.3663656, 45.4173934], [21.3663663, 45.4170396], [21.3658778, 45.4165696], [21.3660298, 45.4161142], [21.3665161, 45.415919], [21.3666048, 45.4154475], [21.3678803, 45.4163014], [21.3677205, 45.4165117], [21.3677505, 45.417146], [21.368311, 45.4174584], [21.3688217, 45.4173143], [21.3694078, 45.4176234], [21.3699465, 45.4172266], [21.370283, 45.417712], [21.3711412, 45.4175777], [21.3712856, 45.4175082], [21.3713329, 45.4172862], [21.3710025, 45.4168807], [21.3713484, 45.4168785], [21.3719369, 45.4163915], [21.3721409, 45.4163726], [21.3724092, 45.4165759], [21.3724766, 45.4169993], [21.3730444, 45.4172191], [21.3735085, 45.4176087], [21.3736149, 45.4178112], [21.3735429, 45.4182592], [21.3736953, 45.418455], [21.3741815, 45.418299], [21.3748619, 45.4184344], [21.3758749, 45.4182908], [21.3760518, 45.4181803], [21.3761968, 45.4176123], [21.3767518, 45.4173412], [21.3769413, 45.4173517], [21.3769861, 45.4178284], [21.3764501, 45.4182988], [21.3762601, 45.4187394], [21.3765091, 45.4191368], [21.3768673, 45.419337], [21.3772861, 45.419242], [21.3772152, 45.4189509], [21.3773205, 45.418833], [21.3781071, 45.4187264], [21.3781051, 45.4185556], [21.3778423, 45.418389], [21.3779519, 45.4178264], [21.3784819, 45.417761], [21.3782835, 45.418726], [21.3785807, 45.4190397], [21.3790564, 45.4188898], [21.3792834, 45.4184622], [21.3792766, 45.4180679], [21.3796735, 45.4181329], [21.3798013, 45.4183035], [21.3797853, 45.4187004], [21.3800021, 45.4187629], [21.3804829, 45.4186938], [21.3812042, 45.4190556], [21.3809527, 45.4192874], [21.3799489, 45.4193953], [21.379778, 45.4195519], [21.3798467, 45.4197584], [21.3808431, 45.4202598], [21.3808781, 45.4205007], [21.3812289, 45.420684], [21.3808843, 45.4216277], [21.3807331, 45.4233442], [21.3811495, 45.4235418], [21.3816349, 45.4231304], [21.3832163, 45.4230903], [21.3837601, 45.4232186], [21.3839251, 45.423548], [21.3844085, 45.4238864], [21.3841301, 45.4240952], [21.3844197, 45.4245963], [21.3835368, 45.4247369], [21.3834564, 45.4248587], [21.3836748, 45.4252897], [21.3831618, 45.425549], [21.3811499, 45.4282829], [21.3784984, 45.431131], [21.3782792, 45.4316842], [21.3779235, 45.431966], [21.3776648, 45.4324007], [21.3774428, 45.4324669], [21.3766354, 45.4323146], [21.3764988, 45.4329164], [21.3759893, 45.4329889], [21.3756381, 45.433483], [21.3771659, 45.4443558], [21.3729596, 45.4521608], [21.3738647, 45.4529948], [21.3752003, 45.4529886], [21.3743221, 45.4552645], [21.3745804, 45.4552727], [21.3746284, 45.4555984], [21.3763378, 45.4552533], [21.3760122, 45.4582931], [21.3775824, 45.4594152], [21.3780709, 45.4595751], [21.3782795, 45.4597682], [21.377699, 45.4597206], [21.3723511, 45.4657908], [21.3699215, 45.4678104], [21.3649401, 45.465902], [21.3590696, 45.4709165], [21.3559657, 45.4691472], [21.3559717, 45.4706073], [21.3568939, 45.4738947], [21.3571293, 45.4757536], [21.3585846, 45.4812327], [21.3586284, 45.4818206], [21.3590853, 45.4818301], [21.3584249, 45.4835186], [21.3582742, 45.4844759], [21.3588175, 45.4851344], [21.3590925, 45.4863353], [21.3589943, 45.4868216], [21.3588878, 45.4870043], [21.3587477, 45.486989], [21.3584647, 45.4870732], [21.358358, 45.4874162], [21.3578827, 45.4876556], [21.3571075, 45.487423], [21.3562968, 45.4876133], [21.3556452, 45.4874926], [21.3547195, 45.488092], [21.3542874, 45.4880468], [21.3535758, 45.4877328], [21.3530939, 45.487669], [21.3525363, 45.4871209], [21.3521363, 45.4869936], [21.3516992, 45.4871902], [21.3516279, 45.4877011], [21.3509239, 45.4877427], [21.3503056, 45.4880367], [21.3501027, 45.4879722], [21.3488673, 45.486901], [21.3484477, 45.4868593], [21.3479097, 45.4871558], [21.3475666, 45.4871543], [21.3470177, 45.4865967], [21.3466294, 45.4864753], [21.3450522, 45.4873589], [21.3446565, 45.4872896], [21.3445155, 45.4873557], [21.3444192, 45.487987], [21.3436686, 45.4879953], [21.3430548, 45.4883106], [21.3421301, 45.4879405], [21.3418919, 45.4884192], [21.3414315, 45.4885401], [21.3412036, 45.4884267], [21.3413797, 45.4880654], [21.3413119, 45.4878709], [21.3402466, 45.4869595], [21.339527, 45.4865917], [21.338921, 45.4864477], [21.3376389, 45.4865363], [21.3372417, 45.4862139], [21.3369953, 45.4861678], [21.3365944, 45.4862842], [21.3361171, 45.4866349], [21.3356503, 45.4867316], [21.335776, 45.4861037], [21.3418303, 45.4821227], [21.3234816, 45.4803873], [21.3229328, 45.4805689], [21.3198328, 45.4827002], [21.3234806, 45.4687488], [21.322411, 45.4684071], [21.3218155, 45.4684781], [21.3201194, 45.4690736], [21.3190297, 45.4692371], [21.3176764, 45.4689132], [21.3177827, 45.4686637], [21.3175085, 45.4683386], [21.3155703, 45.4679235], [21.3145344, 45.4664243], [21.3128772, 45.4663302], [21.3136979, 45.4624338], [21.3067706, 45.4565831], [21.2979728, 45.449409], [21.2911539, 45.4509888], [21.2871896, 45.4466167], [21.287528, 45.4461065], [21.2874703, 45.4449372], [21.2872484, 45.4444438], [21.2863029, 45.4388545], [21.2860837, 45.4360156], [21.2856111, 45.4329318], [21.2857333, 45.4309847], [21.2852487, 45.428903], [21.2849735, 45.4285762], [21.2850626, 45.4276219], [21.2822238, 45.427039]]]]}}, {"id": "69", "type": "Feature", "properties": {"name": "Voiteg", "judet": "TIMI\u0218", "admin_level": "8", "wikidata": null, "place": "municipality", "osm_id": 11485097, "siruta": "159339", "siruta_score": null, "pop_total": 0, "gp_count": null, "nearest_school_m": 2738.796226516714, "nearest_gp_m": null, "nearest_er_m": 30396.12782840804, "school_score": 75.16005390690408, "gp_score": null, "hospital_score": 49.00968042897991, "composite_score": 66.44326274759602, "partial_data": true, "_color_composite": "#e8c8b8", "_color_school": "#e8c8b8", "_color_gp": "#9a9a9a", "_color_hospital": "#d99080", "_display_color": "#e8c8b8"}, "geometry": {"type": "MultiPolygon", "coordinates": [[[[21.1963853, 45.4803938], [21.1948312, 45.477779], [21.1933898, 45.4748943], [21.1945378, 45.4745946], [21.1898744, 45.4657168], [21.1929083, 45.4650688], [21.1975184, 45.4639029], [21.1958692, 45.4609699], [21.2062466, 45.4576852], [21.2209047, 45.4534655], [21.22242, 45.4528911], [21.225931, 45.4527705], [21.2259374, 45.4526751], [21.2337042, 45.4514692], [21.2302561, 45.4277071], [21.2301625, 45.4269312], [21.2367593, 45.4257622], [21.244714, 45.4249676], [21.2440884, 45.4199083], [21.2547507, 45.4192409], [21.254939, 45.4221641], [21.2671971, 45.4245764], [21.2821153, 45.4270143], [21.2822238, 45.427039], [21.2850626, 45.4276219], [21.2849735, 45.4285762], [21.2852487, 45.428903], [21.2857333, 45.4309847], [21.2856111, 45.4329318], [21.2860837, 45.4360156], [21.2863029, 45.4388545], [21.2872484, 45.4444438], [21.2874703, 45.4449372], [21.287528, 45.4461065], [21.2871896, 45.4466167], [21.2911539, 45.4509888], [21.2979728, 45.449409], [21.3067706, 45.4565831], [21.3136979, 45.4624338], [21.3128772, 45.4663302], [21.3145344, 45.4664243], [21.3155703, 45.4679235], [21.3175085, 45.4683386], [21.3177827, 45.4686637], [21.3176764, 45.4689132], [21.3190297, 45.4692371], [21.3201194, 45.4690736], [21.3218155, 45.4684781], [21.322411, 45.4684071], [21.3234806, 45.4687488], [21.3198328, 45.4827002], [21.3229328, 45.4805689], [21.3234816, 45.4803873], [21.3418303, 45.4821227], [21.335776, 45.4861037], [21.3356503, 45.4867316], [21.3356056, 45.4871683], [21.3337608, 45.4941085], [21.3357335, 45.5017631], [21.3358442, 45.5026175], [21.3360726, 45.5026391], [21.3366369, 45.5022923], [21.3371789, 45.5023282], [21.3370709, 45.5021528], [21.3378992, 45.5019096], [21.3378704, 45.5014903], [21.3382487, 45.5013616], [21.3386217, 45.5014497], [21.3397158, 45.5020005], [21.3399973, 45.5020095], [21.3402893, 45.5018727], [21.3409211, 45.5021884], [21.3419529, 45.5019601], [21.3428332, 45.5019453], [21.3434266, 45.5026504], [21.3437014, 45.5027937], [21.3443358, 45.50246], [21.3456222, 45.503075], [21.3412032, 45.5205015], [21.3405801, 45.522166], [21.3395026, 45.526695], [21.3204374, 45.5233692], [21.3141947, 45.5222504], [21.3109047, 45.5215898], [21.3039062, 45.5204711], [21.29526, 45.5188345], [21.2949817, 45.5188729], [21.2769254, 45.5158962], [21.2778585, 45.5127792], [21.2782624, 45.5125489], [21.2796669, 45.5080659], [21.2796661, 45.5073117], [21.2799417, 45.5070033], [21.281388, 45.5028947], [21.2824915, 45.4991452], [21.2554656, 45.4943421], [21.2550007, 45.4953424], [21.2543374, 45.4962757], [21.2530368, 45.4989262], [21.2468979, 45.4976901], [21.2416792, 45.4976157], [21.2406808, 45.4977332], [21.2362407, 45.4966476], [21.2358914, 45.4949469], [21.2350474, 45.4909824], [21.2347724, 45.4909563], [21.2345083, 45.4907657], [21.2327903, 45.4901842], [21.2312975, 45.4887566], [21.2312363, 45.4881876], [21.2308768, 45.4874481], [21.2309672, 45.4869447], [21.2308177, 45.4868031], [21.2298332, 45.4867704], [21.229004, 45.4870221], [21.2287409, 45.4869076], [21.2276857, 45.4858389], [21.2268802, 45.4854036], [21.2266632, 45.4844524], [21.2257097, 45.4844867], [21.2243418, 45.4837908], [21.2234942, 45.4833262], [21.2229752, 45.4825302], [21.2222509, 45.4821357], [21.2203275, 45.4806082], [21.2158031, 45.4785775], [21.2157095, 45.478551], [21.2157437, 45.4787122], [21.21537, 45.4794581], [21.2154219, 45.4802269], [21.2152788, 45.4802883], [21.20597, 45.4834259], [21.2055152, 45.4827422], [21.2006385, 45.4842809], [21.1995676, 45.4823258], [21.1979446, 45.4799052], [21.1963853, 45.4803938]]]]}}, {"id": "70", "type": "Feature", "properties": {"name": "Denta", "judet": "TIMI\u0218", "admin_level": "8", "wikidata": null, "place": "municipality", "osm_id": 11485098, "siruta": "156669", "siruta_score": null, "pop_total": 0, "gp_count": null, "nearest_school_m": 1153.5149520944444, "nearest_gp_m": null, "nearest_er_m": 44103.87581236672, "school_score": 97.80692925579363, "gp_score": null, "hospital_score": 14.740310469083193, "composite_score": 70.11805632689016, "partial_data": true, "_color_composite": "#e8c8b8", "_color_school": "#f5ecd9", "_color_gp": "#9a9a9a", "_color_hospital": "#7a1a1a", "_display_color": "#e8c8b8"}, "geometry": {"type": "MultiPolygon", "coordinates": [[[[21.1759441, 45.3251585], [21.1774811, 45.3238727], [21.1790429, 45.3225744], [21.1808017, 45.3234119], [21.1823328, 45.3220765], [21.1838674, 45.3207288], [21.1822524, 45.3197765], [21.1806449, 45.3188721], [21.1820847, 45.3176378], [21.1839419, 45.3160426], [21.1826092, 45.3152728], [21.1806466, 45.3141285], [21.1800218, 45.3125849], [21.1972201, 45.316428], [21.2303728, 45.3085394], [21.2385966, 45.3115798], [21.238946, 45.3092422], [21.2395385, 45.3072916], [21.2408979, 45.3046292], [21.2439427, 45.2998357], [21.2484804, 45.2999475], [21.252329, 45.3013657], [21.269215, 45.3060856], [21.2953272, 45.31367], [21.2958188, 45.3146961], [21.2965892, 45.3156309], [21.2985694, 45.3171063], [21.2997103, 45.3177517], [21.3053235, 45.321892], [21.3073107, 45.3237319], [21.3100384, 45.3256592], [21.3105285, 45.3261289], [21.3129242, 45.3288269], [21.3128639, 45.3310805], [21.3122218, 45.3329542], [21.3181273, 45.3354501], [21.3274311, 45.3434362], [21.331617, 45.3466716], [21.345204, 45.3559836], [21.3450381, 45.3561269], [21.3425275, 45.3583014], [21.3165827, 45.3797014], [21.3117785, 45.3837626], [21.3101376, 45.3852959], [21.3111885, 45.3864145], [21.3091746, 45.3885109], [21.3089253, 45.388515], [21.3093199, 45.3919368], [21.3105951, 45.3928615], [21.310329, 45.3929581], [21.3100719, 45.3927226], [21.3096858, 45.39271], [21.3084078, 45.3928159], [21.3079998, 45.3927124], [21.3074006, 45.3922102], [21.3069296, 45.3920248], [21.3062165, 45.3923093], [21.3055979, 45.3921989], [21.3053042, 45.3913876], [21.3044007, 45.3909068], [21.3036381, 45.3900936], [21.3033414, 45.3900894], [21.3008853, 45.3927043], [21.2941672, 45.4011715], [21.2928949, 45.4009857], [21.2798275, 45.3989732], [21.2648321, 45.3968883], [21.2512645, 45.4034688], [21.2515202, 45.4030281], [21.2512201, 45.402813], [21.2504649, 45.4026176], [21.2502862, 45.4019949], [21.2496092, 45.4015988], [21.2495422, 45.4009722], [21.2493669, 45.4008366], [21.2484323, 45.4009172], [21.2484488, 45.4007992], [21.2492574, 45.4004437], [21.2492224, 45.4002267], [21.2488851, 45.4001746], [21.2484725, 45.4003139], [21.2479678, 45.4001817], [21.2478155, 45.3983865], [21.2466587, 45.3981779], [21.2461101, 45.397862], [21.245917, 45.3975214], [21.2463348, 45.3969798], [21.2462544, 45.3967557], [21.2458637, 45.3966016], [21.2453804, 45.3965919], [21.2442976, 45.3968551], [21.2439422, 45.3965547], [21.2440212, 45.3961957], [21.2439112, 45.3959276], [21.2435757, 45.3958301], [21.2431325, 45.3958857], [21.2428627, 45.3960481], [21.2420812, 45.396961], [21.2417056, 45.3969638], [21.2415117, 45.396766], [21.2416006, 45.3964681], [21.2421346, 45.3960827], [21.2423484, 45.3957402], [21.2421501, 45.3955274], [21.2428986, 45.3945252], [21.2461133, 45.3935856], [21.2491002, 45.3918699], [21.2498092, 45.3901105], [21.2467814, 45.3875408], [21.2448035, 45.3862638], [21.2432372, 45.3854997], [21.2408088, 45.3850302], [21.2394908, 45.3844098], [21.2379894, 45.3838622], [21.235158, 45.384257], [21.2339401, 45.3840453], [21.2327475, 45.3845562], [21.2319964, 45.3846342], [21.2323666, 45.3802168], [21.2313846, 45.380281], [21.2301634, 45.3797464], [21.2296376, 45.3793003], [21.2289313, 45.3791738], [21.2285514, 45.3791879], [21.2276841, 45.3794452], [21.2270249, 45.3800312], [21.2269754, 45.3802851], [21.2262092, 45.3805687], [21.2260218, 45.3803755], [21.2260071, 45.3800576], [21.22462, 45.380088], [21.224066, 45.3797911], [21.2238594, 45.3790291], [21.223117, 45.3780493], [21.2224718, 45.3779613], [21.2220322, 45.3784361], [21.2218178, 45.378162], [21.2219668, 45.3777885], [21.2217922, 45.3773613], [21.221538, 45.3773607], [21.2209588, 45.3776008], [21.220826, 45.377562], [21.2209426, 45.3764043], [21.2208377, 45.3762578], [21.2202436, 45.3760739], [21.2194782, 45.3762659], [21.2191781, 45.3758973], [21.2184806, 45.3757547], [21.2182253, 45.375605], [21.2178428, 45.3750847], [21.2169899, 45.3753556], [21.2159196, 45.3754005], [21.2149402, 45.375935], [21.2148984, 45.376235], [21.2146189, 45.3766071], [21.2131362, 45.3780978], [21.2115625, 45.3794395], [21.2099015, 45.3768397], [21.1910033, 45.3478992], [21.1911997, 45.3471084], [21.1868532, 45.3463505], [21.1853913, 45.346195], [21.1731425, 45.3428121], [21.1743346, 45.3403791], [21.1777493, 45.3355485], [21.1782044, 45.3355154], [21.1846195, 45.3300251], [21.1762507, 45.3251627], [21.1759441, 45.3251585]]]]}}, {"id": "71", "type": "Feature", "properties": {"name": "Racovi\u021ba", "judet": "TIMI\u0218", "admin_level": "8", "wikidata": null, "place": "municipality", "osm_id": 13943216, "siruta": "158243", "siruta_score": null, "pop_total": 0, "gp_count": null, "nearest_school_m": 1518.882940857526, "nearest_gp_m": null, "nearest_er_m": 21985.203141784703, "school_score": 92.5873865591782, "gp_score": null, "hospital_score": 70.03699214553825, "composite_score": 85.07058842129821, "partial_data": true, "_color_composite": "#f5ecd9", "_color_school": "#f5ecd9", "_color_gp": "#9a9a9a", "_color_hospital": "#e8c8b8", "_display_color": "#f5ecd9"}, "geometry": {"type": "MultiPolygon", "coordinates": [[[[21.5092786, 45.7258074], [21.513949, 45.71136], [21.515554, 45.7049046], [21.5176396, 45.697338], [21.5185086, 45.693959], [21.5210829, 45.6922957], [21.5317835, 45.6874501], [21.5609131, 45.6736011], [21.5615692, 45.6736308], [21.5670014, 45.6746432], [21.5806066, 45.6773109], [21.5844815, 45.6665483], [21.5918528, 45.6681394], [21.617459, 45.6740521], [21.6175379, 45.6735388], [21.619157, 45.6695602], [21.6239628, 45.6703477], [21.6517543, 45.6740559], [21.6520931, 45.6700432], [21.6531217, 45.6661351], [21.6542524, 45.6586027], [21.6546002, 45.6574671], [21.6550168, 45.6546766], [21.6559049, 45.6507422], [21.6572369, 45.6455063], [21.6573524, 45.6452615], [21.6740513, 45.6494854], [21.6758209, 45.6499699], [21.6761893, 45.650161], [21.6828692, 45.655965], [21.6919057, 45.6649106], [21.6971391, 45.6704518], [21.6974843, 45.670625], [21.6981251, 45.6707725], [21.7092249, 45.670706], [21.7098246, 45.6734293], [21.7100684, 45.6738729], [21.7098177, 45.6741749], [21.7088096, 45.6769376], [21.7088678, 45.677197], [21.7107784, 45.6805569], [21.7106714, 45.6807084], [21.7091651, 45.6813092], [21.7091511, 45.6817555], [21.708061, 45.6825744], [21.7076076, 45.6831499], [21.7073836, 45.6838306], [21.7076328, 45.6852209], [21.7078206, 45.6855699], [21.7077555, 45.6858429], [21.7069748, 45.6863761], [21.7063946, 45.6864452], [21.7000249, 45.6964669], [21.6984253, 45.6987894], [21.698016, 45.6992843], [21.6966857, 45.7002164], [21.6974366, 45.7005818], [21.6991269, 45.7006136], [21.7012775, 45.7001176], [21.7027362, 45.7001254], [21.7077576, 45.7024459], [21.7080606, 45.7025062], [21.7106367, 45.7016013], [21.7111073, 45.7013142], [21.7122889, 45.7010305], [21.7163173, 45.7030107], [21.717209, 45.7065955], [21.722797, 45.7062034], [21.7232923, 45.706283], [21.7292434, 45.7090753], [21.728326, 45.7098443], [21.727398, 45.7113084], [21.7270207, 45.7115152], [21.7223757, 45.7118505], [21.7225916, 45.7182525], [21.7181086, 45.7330506], [21.7167242, 45.7379364], [21.7151454, 45.7379517], [21.7133502, 45.7380919], [21.7121219, 45.7380207], [21.7108473, 45.7380796], [21.7101153, 45.7382037], [21.7080628, 45.7381934], [21.7052456, 45.7380012], [21.7042172, 45.7377177], [21.7025228, 45.7377269], [21.7016468, 45.7374816], [21.699616, 45.7374239], [21.6985794, 45.7373581], [21.6974734, 45.7374242], [21.6965497, 45.7376898], [21.6953096, 45.7377809], [21.6936683, 45.7375935], [21.6897409, 45.7374689], [21.687506, 45.7374929], [21.6870271, 45.7376061], [21.6841679, 45.7375508], [21.6809647, 45.7373686], [21.6761233, 45.7375579], [21.6749481, 45.7374728], [21.6739504, 45.7371513], [21.6711185, 45.7351051], [21.6694517, 45.7344335], [21.6646931, 45.732934], [21.663606, 45.7324126], [21.6589951, 45.730574], [21.6527085, 45.7283638], [21.6480968, 45.7265501], [21.6476245, 45.7271592], [21.648042, 45.7288134], [21.6497801, 45.7336166], [21.6509451, 45.7378802], [21.6505684, 45.7377461], [21.6325048, 45.7417662], [21.6321665, 45.7464334], [21.6309091, 45.7465298], [21.6298492, 45.746377], [21.6292657, 45.7465869], [21.6291743, 45.7469878], [21.6293671, 45.7481171], [21.6291556, 45.7485614], [21.628594, 45.7486858], [21.6281074, 45.7486793], [21.627481, 45.7488566], [21.6273086, 45.7490239], [21.6272015, 45.7496734], [21.6275463, 45.7498951], [21.6278777, 45.7503398], [21.6276126, 45.7505592], [21.6272544, 45.7506505], [21.6244267, 45.7496996], [21.61515, 45.7463568], [21.6131834, 45.7391858], [21.5979864, 45.7411946], [21.5978145, 45.7413545], [21.5918557, 45.7424639], [21.5927167, 45.7444584], [21.5724631, 45.7448438], [21.5721954, 45.7453832], [21.5712388, 45.7501615], [21.5708091, 45.7502123], [21.5703458, 45.7501388], [21.5693381, 45.7504834], [21.568686, 45.7505769], [21.5685267, 45.7508161], [21.5687279, 45.7514173], [21.5686901, 45.7516185], [21.5682705, 45.7518022], [21.5675999, 45.7517008], [21.5671237, 45.7513725], [21.5669992, 45.7511212], [21.5668252, 45.7507245], [21.5665408, 45.7506757], [21.5663402, 45.750978], [21.5656024, 45.751291], [21.5656201, 45.7519374], [21.5653557, 45.7521864], [21.5646479, 45.752022], [21.5645556, 45.7513935], [21.5647635, 45.7508701], [21.5644536, 45.7508205], [21.5636875, 45.7511774], [21.5633843, 45.7511749], [21.5631388, 45.7510133], [21.5625293, 45.7509011], [21.5620925, 45.7496683], [21.5618939, 45.7485044], [21.5609367, 45.7474914], [21.5599795, 45.7476015], [21.5597109, 45.747504], [21.5594834, 45.7465831], [21.5596055, 45.7458882], [21.5593378, 45.7456723], [21.5588106, 45.745625], [21.5576218, 45.7459512], [21.5560542, 45.745557], [21.5553391, 45.7444476], [21.5550004, 45.7441916], [21.5541102, 45.7437669], [21.5534308, 45.7437902], [21.553231, 45.7435093], [21.5524768, 45.7432372], [21.5526362, 45.7428286], [21.5531598, 45.7425696], [21.5526987, 45.7417476], [21.5516378, 45.7419166], [21.5512347, 45.7418776], [21.5507599, 45.7415526], [21.5506642, 45.7413441], [21.5496446, 45.7411244], [21.5495143, 45.7409596], [21.5495657, 45.7405924], [21.549048, 45.7404448], [21.5474255, 45.7407889], [21.546926, 45.7406039], [21.546462, 45.7406212], [21.5463482, 45.7408099], [21.5464745, 45.7411936], [21.5463344, 45.7414228], [21.5460097, 45.7415627], [21.5456008, 45.7414631], [21.5450789, 45.7405042], [21.5449316, 45.7398282], [21.5460564, 45.7395053], [21.5461462, 45.739394], [21.5456289, 45.7389314], [21.5457905, 45.7382279], [21.5455967, 45.7376907], [21.5445817, 45.7379951], [21.5436734, 45.7378134], [21.5424561, 45.7381519], [21.5422389, 45.737895], [21.5422187, 45.7373446], [21.5416977, 45.7367858], [21.5423132, 45.7353949], [21.5430161, 45.7349831], [21.5436783, 45.7348579], [21.5440998, 45.7348573], [21.5448781, 45.7350526], [21.5460083, 45.7345349], [21.5464274, 45.7333998], [21.5457163, 45.7324385], [21.5449033, 45.7326283], [21.5444426, 45.732592], [21.5442212, 45.7324393], [21.5441331, 45.731954], [21.5437354, 45.7318793], [21.5429521, 45.7324657], [21.5427391, 45.7325039], [21.5406297, 45.7314804], [21.5403873, 45.7302909], [21.5394707, 45.7297655], [21.5398206, 45.7276669], [21.5388686, 45.7261724], [21.5369251, 45.7268706], [21.535168, 45.7272181], [21.5320182, 45.7281426], [21.5295989, 45.7286684], [21.528096, 45.7285042], [21.5269249, 45.7277029], [21.5237254, 45.7259928], [21.5223518, 45.725863], [21.5207496, 45.7260644], [21.5182156, 45.726061], [21.51287, 45.7255352], [21.5102668, 45.7256657], [21.5093882, 45.7257917], [21.5092786, 45.7258074]]]]}}, {"id": "72", "type": "Feature", "properties": {"name": "Chevere\u0219u Mare", "judet": "TIMI\u0218", "admin_level": "8", "wikidata": null, "place": "municipality", "osm_id": 13943217, "siruta": "156311", "siruta_score": null, "pop_total": 0, "gp_count": null, "nearest_school_m": 516.8235315371393, "nearest_gp_m": null, "nearest_er_m": 21277.55062780469, "school_score": 100.0, "gp_score": null, "hospital_score": 71.80612343048827, "composite_score": 90.60204114349608, "partial_data": true, "_color_composite": "#f5ecd9", "_color_school": "#f5ecd9", "_color_gp": "#9a9a9a", "_color_hospital": "#e8c8b8", "_display_color": "#f5ecd9"}, "geometry": {"type": "MultiPolygon", "coordinates": [[[[21.3976273, 45.6949715], [21.3983693, 45.6944995], [21.4017172, 45.6917968], [21.4064624, 45.6876128], [21.4072828, 45.6868379], [21.4083811, 45.6852272], [21.4098734, 45.6852951], [21.4194611, 45.6852593], [21.4278161, 45.6851192], [21.4279809, 45.6849288], [21.4285487, 45.6846649], [21.4297804, 45.6844401], [21.4306805, 45.6837989], [21.4312489, 45.6837594], [21.4318034, 45.6838211], [21.4331403, 45.6842229], [21.4343866, 45.6841785], [21.4359224, 45.6842674], [21.4359612, 45.6843763], [21.4382031, 45.6846462], [21.4405814, 45.6850702], [21.4427419, 45.6851755], [21.4430155, 45.6850291], [21.4435282, 45.6843461], [21.4444719, 45.683839], [21.4495562, 45.6823194], [21.452914, 45.6622896], [21.4532726, 45.6606828], [21.45537, 45.6471218], [21.4574605, 45.6372175], [21.4544868, 45.6371143], [21.4553564, 45.6364824], [21.455617, 45.6356646], [21.4558533, 45.6354157], [21.4562787, 45.6352011], [21.4591845, 45.634227], [21.4594534, 45.6335519], [21.4600618, 45.6328683], [21.4599656, 45.6327391], [21.4594863, 45.6327039], [21.4592639, 45.6325505], [21.4582146, 45.6306835], [21.458599, 45.6278067], [21.4597005, 45.6216791], [21.4628843, 45.6219782], [21.4636404, 45.6222442], [21.4636748, 45.6224736], [21.4640395, 45.6226247], [21.4652532, 45.6226652], [21.4656499, 45.6228887], [21.4664868, 45.6230345], [21.4667873, 45.6231722], [21.467339, 45.6234907], [21.4670839, 45.6240534], [21.4673677, 45.6245186], [21.4673665, 45.6247326], [21.4671669, 45.625317], [21.4668431, 45.6256285], [21.4671506, 45.6257208], [21.4767508, 45.6260052], [21.4767577, 45.624667], [21.4768683, 45.6246561], [21.4768073, 45.6175394], [21.4764769, 45.6074983], [21.4768618, 45.6035899], [21.4814585, 45.6036459], [21.4813631, 45.602285], [21.4830694, 45.6022848], [21.48301, 45.6015402], [21.4832594, 45.6014931], [21.4890254, 45.6027285], [21.4903355, 45.6027047], [21.4997748, 45.6018724], [21.5027855, 45.6017044], [21.507638, 45.6027209], [21.5108286, 45.6032728], [21.5243467, 45.6035098], [21.5273124, 45.6036839], [21.5371868, 45.6048572], [21.5494088, 45.6287396], [21.5493667, 45.6288219], [21.548156, 45.6284565], [21.5434959, 45.6282551], [21.5433904, 45.635808], [21.5357027, 45.6353796], [21.5331816, 45.6388116], [21.5302941, 45.6386342], [21.5290113, 45.6439304], [21.5286946, 45.6449932], [21.5281733, 45.6460306], [21.5266883, 45.6468751], [21.5255499, 45.6483786], [21.5236539, 45.6504747], [21.5195281, 45.6556126], [21.5193307, 45.6556786], [21.5172102, 45.6584603], [21.516772, 45.6587611], [21.5120042, 45.6649216], [21.5092474, 45.6681533], [21.4985472, 45.6814356], [21.503949, 45.6871731], [21.5105454, 45.6902689], [21.5185086, 45.693959], [21.5176396, 45.697338], [21.515554, 45.7049046], [21.513949, 45.71136], [21.5092786, 45.7258074], [21.5069238, 45.7256661], [21.5032436, 45.7256928], [21.5004398, 45.7252262], [21.4974219, 45.7243666], [21.4962625, 45.7238891], [21.495548, 45.7234635], [21.4945808, 45.7226035], [21.4929616, 45.7208895], [21.4919844, 45.7201906], [21.4916175, 45.7200006], [21.4905407, 45.7197079], [21.4892969, 45.7195831], [21.487929, 45.719466], [21.4856459, 45.7195342], [21.4840032, 45.7194662], [21.4820608, 45.7198445], [21.4800173, 45.7199947], [21.4777188, 45.7195381], [21.4767483, 45.7195196], [21.4757983, 45.7196978], [21.4750551, 45.7199919], [21.4722478, 45.7215844], [21.4717792, 45.7217025], [21.4712474, 45.7217783], [21.4703106, 45.7216167], [21.4671704, 45.7216064], [21.4642823, 45.7217664], [21.4621082, 45.7220276], [21.4591223, 45.7227536], [21.4582189, 45.722714], [21.457412, 45.7224525], [21.4538936, 45.7199186], [21.4532339, 45.7196732], [21.4517864, 45.719386], [21.4495091, 45.7193265], [21.4490447, 45.7192486], [21.4466983, 45.717959], [21.4462089, 45.717886], [21.4454331, 45.7179137], [21.4445605, 45.718169], [21.4427278, 45.719017], [21.4416881, 45.7196971], [21.4407396, 45.7201435], [21.4395388, 45.7205347], [21.4312487, 45.7220807], [21.4293671, 45.7221428], [21.427762, 45.7218734], [21.4258, 45.7210545], [21.4228685, 45.71925], [21.4217432, 45.7189494], [21.4199773, 45.7186619], [21.4165417, 45.7184328], [21.4138026, 45.7178141], [21.4125376, 45.717509], [21.4094586, 45.716179], [21.4079455, 45.7154456], [21.4071234, 45.7112367], [21.4058316, 45.7080056], [21.4057473, 45.7074918], [21.4051893, 45.7066421], [21.404283, 45.7046409], [21.4039321, 45.7034573], [21.4019922, 45.7013354], [21.4017788, 45.6996185], [21.4010344, 45.6977858], [21.3999146, 45.6966839], [21.3976273, 45.6949715]]]]}}, {"id": "73", "type": "Feature", "properties": {"name": "Saco\u0219u Turcesc", "judet": "TIMI\u0218", "admin_level": "8", "wikidata": null, "place": "municipality", "osm_id": 13943218, "siruta": "158449", "siruta_score": null, "pop_total": 0, "gp_count": null, "nearest_school_m": 3471.9241475880062, "nearest_gp_m": null, "nearest_er_m": 17408.192142130985, "school_score": 64.68679789159991, "gp_score": null, "hospital_score": 81.47951964467254, "composite_score": 70.28437180929079, "partial_data": true, "_color_composite": "#e8c8b8", "_color_school": "#e8c8b8", "_color_gp": "#9a9a9a", "_color_hospital": "#f5ecd9", "_display_color": "#e8c8b8"}, "geometry": {"type": "MultiPolygon", "coordinates": [[[[21.278661, 45.655338], [21.2793881, 45.6551294], [21.2796537, 45.655117], [21.2796519, 45.655235], [21.282619, 45.6552072], [21.2846561, 45.6547025], [21.2858976, 45.6539085], [21.2865643, 45.6528718], [21.2865236, 45.6520902], [21.2859124, 45.6512983], [21.288329, 45.6381419], [21.2896779, 45.6315951], [21.2906664, 45.6317492], [21.3090497, 45.6360685], [21.3143183, 45.6373975], [21.3159458, 45.637671], [21.3224408, 45.6393032], [21.3296066, 45.6408345], [21.3349135, 45.6422393], [21.3369485, 45.6426477], [21.3401925, 45.643456], [21.3424358, 45.6441046], [21.3435873, 45.6417809], [21.3681148, 45.6291146], [21.3659617, 45.626642], [21.3519013, 45.6183172], [21.3475064, 45.6158671], [21.3522042, 45.6039019], [21.3603323, 45.5845058], [21.3556998, 45.5835989], [21.3602503, 45.5725526], [21.3658719, 45.5722407], [21.3653055, 45.5739138], [21.3734059, 45.5759133], [21.3784692, 45.5772904], [21.3871397, 45.5794083], [21.4046173, 45.5755233], [21.4129774, 45.5735457], [21.4207993, 45.5726702], [21.435727, 45.5707457], [21.4370526, 45.5704948], [21.4389942, 45.568623], [21.4418242, 45.5661089], [21.4473865, 45.5691371], [21.4475123, 45.5691313], [21.4550361, 45.5731335], [21.4549359, 45.5731745], [21.4551781, 45.5733316], [21.4549342, 45.5734415], [21.4544218, 45.5741595], [21.4540662, 45.5742708], [21.4539162, 45.5744374], [21.4541389, 45.5746646], [21.4552173, 45.5746982], [21.4552177, 45.5749135], [21.454945, 45.5750371], [21.4538274, 45.5748506], [21.45357, 45.5748426], [21.4533602, 45.5749633], [21.4533817, 45.5751744], [21.4540881, 45.5755781], [21.4541015, 45.5760287], [21.4538911, 45.5761592], [21.4534533, 45.5761357], [21.4525847, 45.5757612], [21.4523368, 45.575822], [21.4522798, 45.5759523], [21.4526838, 45.5768553], [21.4530507, 45.5768961], [21.4539008, 45.5766828], [21.4544244, 45.5767823], [21.4545244, 45.5770741], [21.4541045, 45.5773204], [21.4539493, 45.57757], [21.4541418, 45.5777229], [21.4548823, 45.5775893], [21.4549652, 45.5782623], [21.4536575, 45.5786571], [21.4535802, 45.5789973], [21.4534386, 45.579032], [21.4527154, 45.5786718], [21.452414, 45.5786966], [21.4516963, 45.5792419], [21.4516968, 45.5800051], [21.4518732, 45.5801917], [21.4524974, 45.5803531], [21.4525409, 45.5806579], [21.4528293, 45.5808381], [21.4539014, 45.5809743], [21.4541761, 45.580929], [21.4546405, 45.5805324], [21.4548223, 45.5805234], [21.4549992, 45.5808128], [21.4545958, 45.5811281], [21.4546449, 45.5813449], [21.4550412, 45.5818026], [21.4557258, 45.5821126], [21.4580063, 45.5819206], [21.4586005, 45.5817289], [21.460647, 45.5815436], [21.4607384, 45.5816282], [21.4606392, 45.5823916], [21.4609933, 45.5905628], [21.4614598, 45.5910789], [21.4625778, 45.5912853], [21.4627516, 45.5913977], [21.4644105, 45.591458], [21.4644961, 45.5916199], [21.4665221, 45.5929119], [21.4666721, 45.5931206], [21.4671678, 45.5944344], [21.4673863, 45.595638], [21.4678637, 45.5967897], [21.4680876, 45.5981], [21.4689175, 45.5988872], [21.468673, 45.5995013], [21.4681535, 45.5999231], [21.467994, 45.6005974], [21.4677043, 45.6007593], [21.466337, 45.6009582], [21.4661464, 45.6015072], [21.4657888, 45.6017225], [21.4645981, 45.601484], [21.4639745, 45.6016985], [21.4634996, 45.6014172], [21.4627201, 45.6012362], [21.4620542, 45.600887], [21.4614908, 45.6009915], [21.4610215, 45.6008972], [21.4606005, 45.6018165], [21.4591306, 45.6027412], [21.4575546, 45.6041425], [21.4560808, 45.6050237], [21.4545045, 45.6053186], [21.4531893, 45.6052473], [21.4526081, 45.6050875], [21.4506679, 45.6039544], [21.4504552, 45.6036695], [21.4504377, 45.6033755], [21.4506964, 45.6030497], [21.4512502, 45.6028444], [21.4514262, 45.6024552], [21.4510239, 45.6022049], [21.4506402, 45.6022283], [21.4502987, 45.6020406], [21.4495593, 45.6020187], [21.4490488, 45.6018814], [21.4490113, 45.6015615], [21.4485789, 45.6013304], [21.4489904, 45.6010954], [21.4490488, 45.6002877], [21.4488126, 45.6000324], [21.4473842, 45.5995882], [21.4469086, 45.5998111], [21.4468033, 45.6001063], [21.4469592, 45.600263], [21.4473522, 45.6003208], [21.4470558, 45.6007871], [21.4475065, 45.6014133], [21.4474282, 45.6016234], [21.4469701, 45.6012296], [21.4465663, 45.6011158], [21.4462332, 45.6007968], [21.4463834, 45.6001337], [21.4461603, 45.599899], [21.4457021, 45.5997329], [21.4449876, 45.5998573], [21.4448387, 45.6000449], [21.4450606, 45.6004111], [21.4448864, 45.6009976], [21.4451567, 45.6012843], [21.4451548, 45.6015423], [21.4449584, 45.6016829], [21.4433695, 45.6020632], [21.4431088, 45.6018527], [21.443276, 45.6013773], [21.4429037, 45.6011076], [21.4427757, 45.600284], [21.4424484, 45.6001018], [21.4419988, 45.6001755], [21.4410863, 45.6004657], [21.4410859, 45.6006984], [21.441544, 45.6013198], [21.4414607, 45.6016107], [21.441267, 45.6015945], [21.4402911, 45.6009518], [21.4397752, 45.6009002], [21.4395593, 45.6011212], [21.4394714, 45.6017104], [21.4390438, 45.6021978], [21.4390991, 45.6024627], [21.4388672, 45.6024807], [21.4380454, 45.6021362], [21.4374141, 45.6021974], [21.4372572, 45.6022836], [21.437235, 45.6025207], [21.4374955, 45.6031866], [21.4372215, 45.6035271], [21.4359534, 45.6033963], [21.4355772, 45.6034531], [21.4349561, 45.603808], [21.4351269, 45.6038437], [21.4344475, 45.6044346], [21.4342843, 45.6049607], [21.4334251, 45.6052972], [21.4330003, 45.6059669], [21.4321094, 45.6067079], [21.43202, 45.6069784], [21.4321426, 45.6074325], [21.4316247, 45.6079778], [21.431622, 45.6082459], [21.4318124, 45.6085402], [21.4354815, 45.6086315], [21.4357973, 45.6095622], [21.4358089, 45.6102905], [21.4356015, 45.6108304], [21.435226, 45.6133331], [21.4439262, 45.612802], [21.4621988, 45.6114346], [21.4638287, 45.6113854], [21.4654572, 45.611165], [21.4662125, 45.6111827], [21.4664049, 45.6082089], [21.4688261, 45.6081778], [21.4750447, 45.6076423], [21.4764769, 45.6074983], [21.4768073, 45.6175394], [21.4768683, 45.6246561], [21.4767577, 45.624667], [21.4767508, 45.6260052], [21.4671506, 45.6257208], [21.4668431, 45.6256285], [21.4671669, 45.625317], [21.4673665, 45.6247326], [21.4673677, 45.6245186], [21.4670839, 45.6240534], [21.467339, 45.6234907], [21.4667873, 45.6231722], [21.4664868, 45.6230345], [21.4656499, 45.6228887], [21.4652532, 45.6226652], [21.4640395, 45.6226247], [21.4636748, 45.6224736], [21.4636404, 45.6222442], [21.4628843, 45.6219782], [21.4597005, 45.6216791], [21.458599, 45.6278067], [21.4582146, 45.6306835], [21.4592639, 45.6325505], [21.4594863, 45.6327039], [21.4599656, 45.6327391], [21.4600618, 45.6328683], [21.4594534, 45.6335519], [21.4591845, 45.634227], [21.4562787, 45.6352011], [21.4558533, 45.6354157], [21.455617, 45.6356646], [21.4553564, 45.6364824], [21.4544868, 45.6371143], [21.4574605, 45.6372175], [21.45537, 45.6471218], [21.4532726, 45.6606828], [21.452914, 45.6622896], [21.4495562, 45.6823194], [21.4444719, 45.683839], [21.4435282, 45.6843461], [21.4430155, 45.6850291], [21.4427419, 45.6851755], [21.4405814, 45.6850702], [21.4382031, 45.6846462], [21.4359612, 45.6843763], [21.4359224, 45.6842674], [21.4343866, 45.6841785], [21.4331403, 45.6842229], [21.4318034, 45.6838211], [21.4312489, 45.6837594], [21.4306805, 45.6837989], [21.4297804, 45.6844401], [21.4285487, 45.6846649], [21.4279809, 45.6849288], [21.4278161, 45.6851192], [21.4194611, 45.6852593], [21.4098734, 45.6852951], [21.4083811, 45.6852272], [21.4072828, 45.6868379], [21.4064624, 45.6876128], [21.4017172, 45.6917968], [21.3983693, 45.6944995], [21.3976273, 45.6949715], [21.397502, 45.6948558], [21.3931928, 45.6917332], [21.3918972, 45.6911582], [21.3898718, 45.6905802], [21.3834419, 45.6894958], [21.381759, 45.6893224], [21.3794809, 45.6894329], [21.3749138, 45.689891], [21.3732244, 45.6897616], [21.3724488, 45.6892813], [21.3707064, 45.6875986], [21.3696558, 45.6869209], [21.3689823, 45.6866282], [21.3681297, 45.6864595], [21.3669654, 45.6865006], [21.3654459, 45.6863947], [21.3585631, 45.6841614], [21.3538984, 45.6830829], [21.3524412, 45.6829919], [21.3495452, 45.6830479], [21.3480427, 45.68286], [21.3464411, 45.6822452], [21.344496, 45.6811512], [21.3424716, 45.6808541], [21.3405676, 45.6804376], [21.3377061, 45.6793594], [21.3372574, 45.6793893], [21.3369307, 45.6796605], [21.3359083, 45.6817844], [21.3346877, 45.6830587], [21.3336699, 45.6835919], [21.3320327, 45.6837478], [21.3309573, 45.6839936], [21.3301057, 45.684433], [21.3289095, 45.6855102], [21.3275731, 45.6863018], [21.3266239, 45.6865908], [21.3257285, 45.6865619], [21.3241467, 45.6860439], [21.3232414, 45.6855795], [21.3228067, 45.6852264], [21.3221016, 45.6843429], [21.3215495, 45.6839714], [21.3189588, 45.6832851], [21.3171659, 45.6822077], [21.3154057, 45.6818587], [21.3131703, 45.681948], [21.3126294, 45.681907], [21.3119795, 45.6817138], [21.3115097, 45.6813856], [21.3099952, 45.6796416], [21.3091919, 45.679163], [21.3079253, 45.6787255], [21.3056178, 45.6783293], [21.3041112, 45.678289], [21.301615, 45.6784322], [21.3007241, 45.6783381], [21.3001542, 45.6779213], [21.2999438, 45.677612], [21.2999269, 45.6766855], [21.2997209, 45.6757977], [21.299326, 45.6746717], [21.2986193, 45.6734254], [21.2967294, 45.6722038], [21.2952801, 45.6719585], [21.2945578, 45.6720184], [21.2934965, 45.6723621], [21.292058, 45.673131], [21.2910175, 45.6734988], [21.2899482, 45.6736256], [21.2893727, 45.6734921], [21.28914, 45.6733515], [21.2890099, 45.6730682], [21.2890947, 45.6719472], [21.2889028, 45.6713045], [21.2870855, 45.6696415], [21.2869226, 45.6691594], [21.2868517, 45.6688905], [21.2865266, 45.6672598], [21.286124, 45.6664514], [21.2859025, 45.6635262], [21.2855778, 45.6626655], [21.2845801, 45.6614521], [21.2834157, 45.6607214], [21.280044, 45.6597453], [21.279578, 45.6593208], [21.2788464, 45.6581633], [21.278661, 45.655338]]]]}}, {"id": "74", "type": "Feature", "properties": {"name": "Liebling", "judet": "TIMI\u0218", "admin_level": "8", "wikidata": null, "place": "municipality", "osm_id": 13943219, "siruta": "157497", "siruta_score": null, "pop_total": 0, "gp_count": null, "nearest_school_m": 1427.366178086697, "nearest_gp_m": null, "nearest_er_m": 20088.128695318825, "school_score": 93.89476888447577, "gp_score": null, "hospital_score": 74.77967826170294, "composite_score": 87.52307201021816, "partial_data": true, "_color_composite": "#f5ecd9", "_color_school": "#f5ecd9", "_color_gp": "#9a9a9a", "_color_hospital": "#e8c8b8", "_display_color": "#f5ecd9"}, "geometry": {"type": "MultiPolygon", "coordinates": [[[[21.2371681, 45.586397], [21.2385873, 45.5846705], [21.2395188, 45.5830182], [21.2421906, 45.57965], [21.2459657, 45.5751877], [21.2482852, 45.5729952], [21.2733101, 45.5776364], [21.2754073, 45.5720869], [21.2679025, 45.5713954], [21.2691621, 45.5680096], [21.2668287, 45.5675011], [21.2700949, 45.5597313], [21.2741076, 45.5615934], [21.2745091, 45.5616761], [21.2798414, 45.5642309], [21.2810061, 45.5639549], [21.2818133, 45.5641542], [21.2834911, 45.5648356], [21.2859804, 45.5662708], [21.2886326, 45.5679531], [21.291176, 45.5689909], [21.2976193, 45.570759], [21.2984231, 45.5714298], [21.2998604, 45.5719375], [21.3020118, 45.5719082], [21.3031779, 45.5721118], [21.306139, 45.5645367], [21.3065778, 45.5630471], [21.3074503, 45.5612516], [21.3074792, 45.5608131], [21.3109029, 45.5521328], [21.3110738, 45.5514613], [21.3139657, 45.5442688], [21.3143897, 45.5438394], [21.3144988, 45.5433083], [21.3142631, 45.5424434], [21.3143112, 45.5422252], [21.3185586, 45.543004], [21.3204624, 45.5379854], [21.3207928, 45.5375864], [21.3205262, 45.5372689], [21.3205927, 45.5368503], [21.3204382, 45.5364891], [21.3195896, 45.5363419], [21.3192727, 45.5358319], [21.3186765, 45.5357007], [21.3178729, 45.5351936], [21.3176395, 45.5351445], [21.3210349, 45.5261308], [21.3208881, 45.5256764], [21.3206808, 45.5236803], [21.3204374, 45.5233692], [21.3395026, 45.526695], [21.3546822, 45.5294097], [21.3526564, 45.5362092], [21.3700206, 45.540783], [21.3743392, 45.5418254], [21.3899311, 45.5458959], [21.4040556, 45.547967], [21.4099495, 45.5489301], [21.4346417, 45.5623486], [21.439051, 45.5646291], [21.4418242, 45.5661089], [21.4389942, 45.568623], [21.4370526, 45.5704948], [21.435727, 45.5707457], [21.4207993, 45.5726702], [21.4129774, 45.5735457], [21.4046173, 45.5755233], [21.3871397, 45.5794083], [21.3784692, 45.5772904], [21.3734059, 45.5759133], [21.3653055, 45.5739138], [21.3658719, 45.5722407], [21.3602503, 45.5725526], [21.3556998, 45.5835989], [21.3603323, 45.5845058], [21.3522042, 45.6039019], [21.3475064, 45.6158671], [21.3519013, 45.6183172], [21.3659617, 45.626642], [21.3681148, 45.6291146], [21.3435873, 45.6417809], [21.3424358, 45.6441046], [21.3401925, 45.643456], [21.3369485, 45.6426477], [21.3349135, 45.6422393], [21.3296066, 45.6408345], [21.3224408, 45.6393032], [21.3159458, 45.637671], [21.3143183, 45.6373975], [21.3090497, 45.6360685], [21.2906664, 45.6317492], [21.2896779, 45.6315951], [21.2902001, 45.6291405], [21.2906088, 45.6266845], [21.2908221, 45.6263953], [21.2912543, 45.6261437], [21.2911782, 45.6258621], [21.2858936, 45.6209082], [21.3022317, 45.6120863], [21.3042131, 45.60823], [21.3031537, 45.6078864], [21.3032922, 45.6071335], [21.2906349, 45.5956609], [21.2825177, 45.594732], [21.2822098, 45.5945883], [21.2755358, 45.5938871], [21.2751257, 45.593945], [21.2497145, 45.5912983], [21.2430587, 45.590687], [21.242376, 45.59002], [21.2411642, 45.5893887], [21.2371681, 45.586397]]]]}}, {"id": "75", "type": "Feature", "properties": {"name": "Jebel", "judet": "TIMI\u0218", "admin_level": "8", "wikidata": null, "place": "municipality", "osm_id": 13943220, "siruta": "157424", "siruta_score": null, "pop_total": 0, "gp_count": null, "nearest_school_m": 3536.218028620216, "nearest_gp_m": null, "nearest_er_m": 22811.936557339923, "school_score": 63.76831387685407, "gp_score": null, "hospital_score": 67.97015860665019, "composite_score": 65.1689287867861, "partial_data": true, "_color_composite": "#e8c8b8", "_color_school": "#e8c8b8", "_color_gp": "#9a9a9a", "_color_hospital": "#e8c8b8", "_display_color": "#e8c8b8"}, "geometry": {"type": "MultiPolygon", "coordinates": [[[[21.1703509, 45.5698456], [21.172878, 45.5698228], [21.1728408, 45.5689762], [21.1784511, 45.5691517], [21.1812077, 45.5631995], [21.1797706, 45.5618871], [21.179242, 45.5615487], [21.1818627, 45.5597517], [21.1785394, 45.557151], [21.1872752, 45.5513738], [21.1788959, 45.5437323], [21.1798383, 45.5432143], [21.1825097, 45.5413573], [21.1904048, 45.5353348], [21.1916101, 45.5377016], [21.1998749, 45.5313311], [21.2041601, 45.531135], [21.2082181, 45.5317387], [21.2168925, 45.5112269], [21.2173106, 45.5098448], [21.218447, 45.5034398], [21.2192119, 45.5033426], [21.2202762, 45.5037311], [21.2221803, 45.5061288], [21.2224858, 45.5062404], [21.2225973, 45.5061045], [21.2215596, 45.5044967], [21.2217034, 45.504002], [21.2223118, 45.5034752], [21.2244263, 45.5033933], [21.2282266, 45.5046998], [21.2289479, 45.5053413], [21.2285762, 45.5065272], [21.2257667, 45.5074831], [21.2271526, 45.5080923], [21.2277972, 45.5086165], [21.2280223, 45.5089282], [21.2281691, 45.5095469], [21.2281942, 45.5105951], [21.2289468, 45.5107723], [21.2298279, 45.5108199], [21.230219, 45.5114575], [21.2361336, 45.5124626], [21.2385684, 45.5054498], [21.2364294, 45.4975364], [21.2362407, 45.4966476], [21.2406808, 45.4977332], [21.2416792, 45.4976157], [21.2468979, 45.4976901], [21.2530368, 45.4989262], [21.2543374, 45.4962757], [21.2550007, 45.4953424], [21.2554656, 45.4943421], [21.2824915, 45.4991452], [21.281388, 45.5028947], [21.2799417, 45.5070033], [21.2796661, 45.5073117], [21.2796669, 45.5080659], [21.2782624, 45.5125489], [21.2778585, 45.5127792], [21.2769254, 45.5158962], [21.2949817, 45.5188729], [21.29526, 45.5188345], [21.3039062, 45.5204711], [21.3109047, 45.5215898], [21.3141947, 45.5222504], [21.3204374, 45.5233692], [21.3206808, 45.5236803], [21.3208881, 45.5256764], [21.3210349, 45.5261308], [21.3176395, 45.5351445], [21.3178729, 45.5351936], [21.3186765, 45.5357007], [21.3192727, 45.5358319], [21.3195896, 45.5363419], [21.3204382, 45.5364891], [21.3205927, 45.5368503], [21.3205262, 45.5372689], [21.3207928, 45.5375864], [21.3204624, 45.5379854], [21.3185586, 45.543004], [21.3143112, 45.5422252], [21.3142631, 45.5424434], [21.3144988, 45.5433083], [21.3143897, 45.5438394], [21.3139657, 45.5442688], [21.3110738, 45.5514613], [21.3109029, 45.5521328], [21.3074792, 45.5608131], [21.3074503, 45.5612516], [21.3065778, 45.5630471], [21.306139, 45.5645367], [21.3031779, 45.5721118], [21.3020118, 45.5719082], [21.2998604, 45.5719375], [21.2984231, 45.5714298], [21.2976193, 45.570759], [21.291176, 45.5689909], [21.2886326, 45.5679531], [21.2859804, 45.5662708], [21.2834911, 45.5648356], [21.2818133, 45.5641542], [21.2810061, 45.5639549], [21.2798414, 45.5642309], [21.2745091, 45.5616761], [21.2741076, 45.5615934], [21.2700949, 45.5597313], [21.2668287, 45.5675011], [21.2691621, 45.5680096], [21.2679025, 45.5713954], [21.2754073, 45.5720869], [21.2733101, 45.5776364], [21.2482852, 45.5729952], [21.2459657, 45.5751877], [21.2421906, 45.57965], [21.2395188, 45.5830182], [21.2385873, 45.5846705], [21.2371681, 45.586397], [21.2365535, 45.5860156], [21.2357229, 45.5853784], [21.2356824, 45.5852122], [21.2360396, 45.5845766], [21.2360425, 45.5837578], [21.2353001, 45.5828566], [21.2352631, 45.5823496], [21.2348976, 45.5815684], [21.2341967, 45.5808847], [21.2339554, 45.5800086], [21.2339961, 45.5795419], [21.2344511, 45.5789258], [21.236, 45.5778829], [21.2360617, 45.5775138], [21.2359352, 45.5771602], [21.2351459, 45.5766793], [21.2344989, 45.5765952], [21.2334461, 45.5766927], [21.2310149, 45.5771724], [21.2306362, 45.576939], [21.2306426, 45.5765635], [21.2312526, 45.5760103], [21.229232, 45.5749488], [21.2289426, 45.5749237], [21.2277478, 45.5752085], [21.2272187, 45.5751414], [21.2263219, 45.5748393], [21.2257155, 45.5743315], [21.2256087, 45.5735603], [21.2242084, 45.5732043], [21.22099, 45.5728962], [21.211004, 45.5725798], [21.21146, 45.5730591], [21.2115611, 45.5734556], [21.2113461, 45.5745496], [21.2110029, 45.5745382], [21.2107241, 45.5754968], [21.2104122, 45.5758703], [21.2096064, 45.5763108], [21.2093308, 45.5770599], [21.206261, 45.5767127], [21.2065838, 45.5751894], [21.2049593, 45.5750207], [21.2050344, 45.574692], [21.2033703, 45.5745117], [21.2038162, 45.5724105], [21.2011605, 45.5728554], [21.1997629, 45.572917], [21.194822, 45.572377], [21.1945115, 45.5724835], [21.1938705, 45.5724621], [21.1931319, 45.5726057], [21.1914013, 45.5735174], [21.1903222, 45.5745788], [21.1887501, 45.5744935], [21.1879036, 45.5741082], [21.1868526, 45.5730629], [21.1862445, 45.5726825], [21.1862568, 45.571801], [21.1869718, 45.5715825], [21.1883017, 45.5717685], [21.1891765, 45.57202], [21.1900491, 45.5718809], [21.1906933, 45.5715726], [21.1911499, 45.571204], [21.1913454, 45.5707258], [21.1912967, 45.5704548], [21.1906086, 45.5698421], [21.1886236, 45.5695601], [21.1878458, 45.5695744], [21.1852832, 45.5708757], [21.1822704, 45.5717742], [21.18171, 45.5718362], [21.1809363, 45.57179], [21.1802438, 45.5715378], [21.1795852, 45.5709298], [21.179188, 45.5702835], [21.1789284, 45.5701536], [21.1786641, 45.5702323], [21.1775935, 45.5711659], [21.1766164, 45.5723201], [21.1756061, 45.5729326], [21.1749212, 45.5731318], [21.1745114, 45.5735153], [21.1744325, 45.5736877], [21.1753995, 45.5745552], [21.1756218, 45.574958], [21.1755178, 45.5752171], [21.175022, 45.5753149], [21.1744871, 45.5752835], [21.1725516, 45.5738514], [21.1721354, 45.5734028], [21.1715932, 45.5734843], [21.1700732, 45.5732715], [21.1696705, 45.57313], [21.1694886, 45.572702], [21.1698701, 45.5721738], [21.1706468, 45.5714728], [21.1709892, 45.5708109], [21.1709657, 45.5704532], [21.1703509, 45.5698456]]]]}}, {"id": "76", "type": "Feature", "properties": {"name": "B\u00e2rna", "judet": "TIMI\u0218", "admin_level": "8", "wikidata": null, "place": "municipality", "osm_id": 13943243, "siruta": "155957", "siruta_score": null, "pop_total": 0, "gp_count": null, "nearest_school_m": 1677.7084162468364, "nearest_gp_m": null, "nearest_er_m": 13291.54607524467, "school_score": 90.31845119647376, "gp_score": null, "hospital_score": 91.77113481188832, "composite_score": 90.8026790682786, "partial_data": true, "_color_composite": "#f5ecd9", "_color_school": "#f5ecd9", "_color_gp": "#9a9a9a", "_color_hospital": "#f5ecd9", "_display_color": "#f5ecd9"}, "geometry": {"type": "MultiPolygon", "coordinates": [[[[22.0210504, 45.747489], [22.0214395, 45.7466046], [21.9964339, 45.7200611], [21.9962173, 45.7197723], [21.9957322, 45.7183004], [21.9952326, 45.7178416], [21.9972351, 45.7183372], [21.9979809, 45.7183849], [21.9987689, 45.7181703], [22.0006609, 45.7173417], [22.0016929, 45.7171279], [22.0045472, 45.7169557], [22.0050256, 45.7163181], [22.0064805, 45.7134704], [22.0064705, 45.7115621], [22.0063036, 45.7103444], [22.0063727, 45.7094271], [22.0071925, 45.7084651], [22.0080173, 45.7077834], [22.0103016, 45.7064008], [22.0109735, 45.7045608], [22.0127184, 45.7026367], [22.013913, 45.7015782], [22.0145888, 45.7012849], [22.0158201, 45.7010033], [22.0185799, 45.7010918], [22.0212735, 45.7000974], [22.0246012, 45.6982825], [22.0251547, 45.698091], [22.0270864, 45.6982535], [22.0279243, 45.6981465], [22.0282509, 45.697872], [22.0285306, 45.6969864], [22.0283439, 45.6952362], [22.028427, 45.6945014], [22.0292326, 45.6936453], [22.0306301, 45.6910859], [22.0319832, 45.6900264], [22.0324968, 45.6897374], [22.0356882, 45.6896106], [22.0367866, 45.6893093], [22.0377196, 45.6888033], [22.0396629, 45.6872296], [22.0399024, 45.6873075], [22.0406238, 45.6854964], [22.0411555, 45.6849594], [22.0424947, 45.6841409], [22.0432187, 45.6839734], [22.0442273, 45.6841307], [22.0464052, 45.6839195], [22.04728, 45.6836034], [22.0485543, 45.6828974], [22.0490918, 45.682481], [22.0494869, 45.6815569], [22.0493584, 45.6811826], [22.0494452, 45.6807456], [22.0502579, 45.6796719], [22.0520137, 45.6782541], [22.0534547, 45.6772989], [22.0535122, 45.6771209], [22.0534788, 45.6763851], [22.0538494, 45.6749902], [22.0538004, 45.6742387], [22.0535342, 45.6730594], [22.0531757, 45.6721132], [22.0529976, 45.6717959], [22.0517387, 45.6707647], [22.0504877, 45.6703452], [22.0500144, 45.6697551], [22.0499616, 45.6693891], [22.0500556, 45.6683895], [22.0509652, 45.6675379], [22.0518731, 45.665992], [22.0522247, 45.6647893], [22.052619, 45.6644461], [22.0543027, 45.6623253], [22.054909, 45.6619091], [22.0554274, 45.6617934], [22.0574937, 45.661931], [22.0577685, 45.661882], [22.0579437, 45.6617463], [22.0580349, 45.6604696], [22.0592604, 45.6574744], [22.0597169, 45.6571665], [22.0604688, 45.6568717], [22.0608017, 45.656325], [22.0615198, 45.6556086], [22.06372, 45.6544665], [22.0641597, 45.6540179], [22.0647536, 45.6538368], [22.0653968, 45.6534776], [22.065828, 45.6531914], [22.0667461, 45.6522463], [22.0697293, 45.6512236], [22.0713695, 45.6503178], [22.0721481, 45.6495542], [22.0724832, 45.6489625], [22.0730522, 45.6484891], [22.0732619, 45.6480315], [22.074085, 45.6477498], [22.075303, 45.6469564], [22.0754604, 45.6467024], [22.0754732, 45.6463045], [22.075879, 45.6458885], [22.076185, 45.6452401], [22.0762103, 45.6441482], [22.0765389, 45.6432198], [22.0790054, 45.6392209], [22.0794052, 45.639074], [22.0795141, 45.6391329], [22.0804174, 45.6405424], [22.0804323, 45.6407167], [22.0800876, 45.6413569], [22.0799547, 45.6422174], [22.0792174, 45.6433292], [22.079843, 45.6434575], [22.0810205, 45.6438972], [22.0811018, 45.6441798], [22.081359, 45.6444668], [22.0813881, 45.6446752], [22.0812538, 45.6447951], [22.0816132, 45.64573], [22.0818624, 45.6460169], [22.0824529, 45.6464064], [22.0846361, 45.649102], [22.086233, 45.6496365], [22.0869899, 45.6498579], [22.0880774, 45.6503401], [22.0913296, 45.6534302], [22.0932498, 45.6548624], [22.0943325, 45.6576257], [22.0947012, 45.6602595], [22.0957255, 45.6616544], [22.0960108, 45.6629556], [22.0970038, 45.6649556], [22.0969083, 45.6663434], [22.097516, 45.6672846], [22.0980098, 45.6687711], [22.0991944, 45.6697045], [22.0993906, 45.670708], [22.0992419, 45.6716061], [22.0998154, 45.6725913], [22.0999882, 45.6732745], [22.1009087, 45.6735896], [22.1022829, 45.6743277], [22.1039564, 45.6749481], [22.1043637, 45.6749697], [22.1067674, 45.6744137], [22.1077002, 45.6743364], [22.1082017, 45.674394], [22.1096726, 45.6747511], [22.1103632, 45.6753353], [22.1110894, 45.6757376], [22.1113839, 45.6757732], [22.1116958, 45.6760896], [22.1120034, 45.6761816], [22.1127514, 45.6762735], [22.1136446, 45.6761895], [22.1147127, 45.6762839], [22.1154643, 45.6766171], [22.1159559, 45.6770223], [22.1160946, 45.6772838], [22.1161257, 45.6780853], [22.1164243, 45.6786001], [22.1176554, 45.6790868], [22.1179067, 45.6793727], [22.118319, 45.6802631], [22.1196164, 45.6823522], [22.1200556, 45.683295], [22.1200301, 45.6837913], [22.1197906, 45.6841372], [22.1192052, 45.6845986], [22.1174978, 45.6853215], [22.116886, 45.6857202], [22.1160767, 45.6859378], [22.1155736, 45.6862356], [22.1141004, 45.6863817], [22.1138825, 45.6865936], [22.1138701, 45.6871212], [22.1154048, 45.6897483], [22.1168521, 45.6906339], [22.1171542, 45.6909444], [22.1174352, 45.6909411], [22.1182454, 45.6912826], [22.1195972, 45.691441], [22.1198928, 45.691728], [22.1202789, 45.6925556], [22.1202295, 45.6932273], [22.1205737, 45.6934327], [22.1205197, 45.6950567], [22.1209703, 45.6943434], [22.1214624, 45.6939728], [22.1223363, 45.6936532], [22.1233178, 45.6929637], [22.1236451, 45.6920609], [22.1239969, 45.6918317], [22.1244134, 45.6917801], [22.1256991, 45.6905657], [22.1259695, 45.6901194], [22.1262781, 45.6889275], [22.1289313, 45.6876616], [22.1294317, 45.687181], [22.1303444, 45.6857111], [22.1307667, 45.6852686], [22.131694, 45.6849987], [22.1328194, 45.6849471], [22.1336642, 45.6859147], [22.1359007, 45.6890633], [22.1366907, 45.6899895], [22.1374746, 45.6906624], [22.1376883, 45.6916521], [22.1371383, 45.6927313], [22.1356058, 45.6944122], [22.1349803, 45.6954761], [22.1351274, 45.6963195], [22.1353748, 45.6967478], [22.1358928, 45.7000131], [22.1354968, 45.7014363], [22.1360368, 45.7035292], [22.1365941, 45.7041697], [22.1367215, 45.7053992], [22.137232, 45.7062117], [22.1371375, 45.7065692], [22.1367756, 45.7068609], [22.1363529, 45.7084231], [22.12345, 45.7141924], [22.1083546, 45.7204127], [22.1105274, 45.721592], [22.1110797, 45.7217886], [22.1118886, 45.7219118], [22.1140092, 45.7227498], [22.1143483, 45.7226556], [22.1152534, 45.7228098], [22.116434, 45.7233133], [22.117576, 45.7247672], [22.1182765, 45.7252529], [22.1183406, 45.7255912], [22.1187319, 45.7259092], [22.1184991, 45.7267858], [22.118539, 45.7298324], [22.1188298, 45.7305189], [22.1198795, 45.7319834], [22.1196603, 45.7327295], [22.119119, 45.7334234], [22.1188817, 45.7340736], [22.1167613, 45.7379677], [22.1181902, 45.7392547], [22.1188474, 45.7401169], [22.1180058, 45.740814], [22.1145571, 45.7443882], [22.1107148, 45.7473786], [22.1102643, 45.7477293], [22.1102195, 45.7477641], [22.1098231, 45.7478905], [22.1005229, 45.7492048], [22.0961031, 45.7498096], [22.0948739, 45.7500654], [22.0926094, 45.7503137], [22.0919443, 45.7507815], [22.0906197, 45.7519819], [22.0904175, 45.7524232], [22.0898639, 45.7527251], [22.0895539, 45.7530332], [22.0895868, 45.7533652], [22.0889732, 45.7539805], [22.0892007, 45.7545683], [22.0891524, 45.7548079], [22.087864, 45.7579094], [22.086895, 45.7609343], [22.0845527, 45.7667617], [22.0838595, 45.7680621], [22.0823886, 45.7720582], [22.0819237, 45.7719695], [22.0768282, 45.7696128], [22.0727664, 45.7674567], [22.0723281, 45.767335], [22.0721572, 45.7668615], [22.071595, 45.76623], [22.0713423, 45.7650262], [22.0704544, 45.7624064], [22.069607, 45.7603387], [22.0676605, 45.7547757], [22.0674054, 45.7536056], [22.0676507, 45.7518009], [22.0442286, 45.7495741], [22.0420579, 45.749507], [22.0387761, 45.7491628], [22.0358778, 45.7489773], [22.0353599, 45.7488559], [22.0311828, 45.7485314], [22.02943, 45.7482929], [22.0210504, 45.747489]]]]}}, {"id": "77", "type": "Feature", "properties": {"name": "Criciova", "judet": "TIMI\u0218", "admin_level": "8", "wikidata": "Q5053706", "place": "municipality", "osm_id": 13943244, "siruta": "156534", "siruta_score": null, "pop_total": 0, "gp_count": null, "nearest_school_m": 764.5497311796086, "nearest_gp_m": null, "nearest_er_m": 14456.442337090128, "school_score": 100.0, "gp_score": null, "hospital_score": 88.85889415727469, "composite_score": 96.28629805242488, "partial_data": true, "_color_composite": "#f5ecd9", "_color_school": "#f5ecd9", "_color_gp": "#9a9a9a", "_color_hospital": "#f5ecd9", "_display_color": "#f5ecd9"}, "geometry": {"type": "MultiPolygon", "coordinates": [[[[22.002755, 45.6506888], [22.0025124, 45.6501917], [22.0008051, 45.6484717], [22.0002834, 45.6466485], [21.999795, 45.646129], [21.9997421, 45.6454659], [22.0002012, 45.6448783], [22.0005216, 45.6446799], [22.0016028, 45.6445947], [22.0024579, 45.6448757], [22.0030865, 45.6452542], [22.003618, 45.6457955], [22.004359, 45.6462803], [22.0053367, 45.6467506], [22.0059628, 45.6477287], [22.0065601, 45.6478684], [22.0101842, 45.6481166], [22.0110987, 45.6478408], [22.011604, 45.6474921], [22.0123264, 45.6472216], [22.0131029, 45.6467664], [22.0134408, 45.6462376], [22.0136084, 45.6450322], [22.0131179, 45.6439806], [22.0122477, 45.6434305], [22.0113102, 45.6430336], [22.0101223, 45.6429094], [22.008989, 45.6425901], [22.0085899, 45.6423315], [22.0082887, 45.6416204], [22.0086022, 45.640998], [22.0107179, 45.6400403], [22.0112127, 45.6398878], [22.0120587, 45.639786], [22.0149323, 45.6403784], [22.0157853, 45.6404214], [22.0172342, 45.6402575], [22.0181157, 45.6400428], [22.0190082, 45.6396216], [22.019592, 45.6391819], [22.0202624, 45.6376692], [22.0202517, 45.6370382], [22.0200349, 45.6364018], [22.0196447, 45.6356989], [22.0183272, 45.6349243], [22.0175498, 45.6342938], [22.016639, 45.6331223], [22.0165794, 45.6325376], [22.0168503, 45.6316038], [22.0173316, 45.6308719], [22.0180331, 45.6304354], [22.0191163, 45.6300295], [22.0203663, 45.6298141], [22.0211063, 45.6297611], [22.0233683, 45.6299671], [22.0238995, 45.6302166], [22.0246482, 45.6311704], [22.0250641, 45.6314087], [22.0284809, 45.6317508], [22.0289859, 45.6320564], [22.0294901, 45.6325976], [22.0301627, 45.6330214], [22.0307737, 45.6332973], [22.0313654, 45.6332802], [22.0325374, 45.6325878], [22.0327513, 45.6320491], [22.0324137, 45.6296763], [22.0325684, 45.6291604], [22.0330355, 45.6284334], [22.0346921, 45.6265125], [22.0354303, 45.6261337], [22.0375297, 45.6259676], [22.0382464, 45.625775], [22.0398573, 45.6248827], [22.0410127, 45.6244985], [22.042259, 45.6243684], [22.0429654, 45.6241512], [22.0436787, 45.6236857], [22.044801, 45.6215133], [22.0454049, 45.6206029], [22.0463955, 45.6182903], [22.0471086, 45.6175046], [22.0477533, 45.6171395], [22.0491454, 45.6166557], [22.049849, 45.6166137], [22.0505622, 45.6167053], [22.0516922, 45.6170189], [22.0522482, 45.617017], [22.0530454, 45.6168346], [22.0538669, 45.6164091], [22.0551067, 45.6155151], [22.0569293, 45.613748], [22.0578244, 45.6134624], [22.0605086, 45.6128494], [22.0611158, 45.6124389], [22.0615714, 45.6119226], [22.0621319, 45.6116122], [22.0626613, 45.6114553], [22.0660246, 45.6109165], [22.0670529, 45.6109593], [22.0678352, 45.61128], [22.0686455, 45.6114215], [22.0695543, 45.6113149], [22.0700934, 45.6109714], [22.0706381, 45.6100756], [22.0712383, 45.6094493], [22.0727858, 45.6088636], [22.0739669, 45.6086421], [22.0761566, 45.6085102], [22.0798868, 45.6075906], [22.0818104, 45.6073394], [22.0829321, 45.6075028], [22.0841407, 45.6080862], [22.0847461, 45.6089141], [22.0851194, 45.6097673], [22.0860537, 45.6105061], [22.0866994, 45.6107826], [22.0876149, 45.6109928], [22.0895054, 45.6109356], [22.0923052, 45.6099958], [22.0937274, 45.6098128], [22.094456, 45.6098314], [22.0953578, 45.6100819], [22.0966381, 45.6106263], [22.0976958, 45.6108922], [22.0984021, 45.610894], [22.0989235, 45.6106636], [22.0993451, 45.6103494], [22.1000586, 45.609539], [22.1028377, 45.6073136], [22.1031025, 45.6066705], [22.1031086, 45.6036683], [22.1035175, 45.6024795], [22.103991, 45.6016061], [22.1046032, 45.6007362], [22.1053632, 45.5999188], [22.1060201, 45.5995294], [22.1075679, 45.5990043], [22.107851, 45.5986785], [22.1078625, 45.5975577], [22.1076193, 45.5968854], [22.1063462, 45.595736], [22.1060897, 45.5953234], [22.1063687, 45.5953626], [22.1099698, 45.5937958], [22.1105811, 45.5933652], [22.1116091, 45.5922217], [22.1132347, 45.591885], [22.1148992, 45.5908718], [22.1174099, 45.5922465], [22.1185579, 45.5924731], [22.1196524, 45.5928979], [22.1211269, 45.5930168], [22.1215837, 45.5936322], [22.1218965, 45.5935803], [22.1225694, 45.5956177], [22.1228555, 45.595935], [22.1230104, 45.5959389], [22.1236023, 45.5955839], [22.1242206, 45.5956213], [22.1250318, 45.5959205], [22.1257762, 45.5959983], [22.1260356, 45.5957883], [22.1257263, 45.5954678], [22.1260019, 45.5951078], [22.1266022, 45.5954357], [22.1269235, 45.595522], [22.1270987, 45.5954483], [22.1272297, 45.5948983], [22.1273704, 45.5948296], [22.127235, 45.5946277], [22.1273353, 45.59451], [22.1269272, 45.5941043], [22.1270343, 45.5938544], [22.1257941, 45.592969], [22.1264225, 45.5924135], [22.1288733, 45.5925896], [22.1290472, 45.5925399], [22.1291806, 45.5922786], [22.1319664, 45.5938538], [22.1325851, 45.5939897], [22.1346002, 45.5941195], [22.1347502, 45.5944775], [22.1357012, 45.5955051], [22.1371965, 45.5959499], [22.137898, 45.5963344], [22.1384399, 45.5967865], [22.1391796, 45.5979521], [22.1397608, 45.5997711], [22.1412733, 45.6005175], [22.1423614, 45.6017543], [22.1426167, 45.6027601], [22.1424754, 45.6045854], [22.1428009, 45.6057441], [22.1429501, 45.6074177], [22.1428872, 45.6082967], [22.1434432, 45.6103601], [22.14307, 45.6112147], [22.1431523, 45.6117228], [22.1441684, 45.6123091], [22.1452579, 45.6138678], [22.1458906, 45.6141908], [22.1469114, 45.615196], [22.1475693, 45.6155443], [22.1480958, 45.6160288], [22.1483443, 45.6163368], [22.148763, 45.6165644], [22.1504337, 45.619089], [22.1521028, 45.6207087], [22.153913, 45.6228765], [22.1546278, 45.623964], [22.1549438, 45.6242843], [22.155692, 45.6247161], [22.1564067, 45.6254213], [22.1565043, 45.6260273], [22.1571333, 45.6270227], [22.1571851, 45.62749], [22.1567097, 45.6288272], [22.15612, 45.6298821], [22.1582057, 45.6312304], [22.1594193, 45.6323144], [22.1591981, 45.6325032], [22.1583114, 45.6332599], [22.1577938, 45.6337016], [22.1572405, 45.6347787], [22.1572084, 45.634927], [22.1568308, 45.6366701], [22.1565435, 45.6373529], [22.156202, 45.6374003], [22.1543516, 45.6371769], [22.1514382, 45.6373526], [22.1505776, 45.6371493], [22.1493501, 45.6358436], [22.1492774, 45.6357663], [22.1476894, 45.6348653], [22.1473775, 45.6346884], [22.145356, 45.6338478], [22.1449479, 45.6337676], [22.1449408, 45.6333851], [22.1446884, 45.632817], [22.1430565, 45.6314172], [22.1422745, 45.6304605], [22.140993, 45.6295095], [22.1400825, 45.6282792], [22.1392526, 45.627862], [22.1367429, 45.6270014], [22.1357931, 45.6261126], [22.1354017, 45.6253146], [22.1305057, 45.6250312], [22.1260714, 45.6240032], [22.125424, 45.6239501], [22.1209253, 45.6225273], [22.1196368, 45.6225021], [22.1185296, 45.6228067], [22.1182415, 45.6227868], [22.1170089, 45.6219944], [22.1164811, 45.6222801], [22.1178143, 45.6243453], [22.118854, 45.6241128], [22.1194498, 45.6242216], [22.1197178, 45.6244537], [22.1204261, 45.6257517], [22.1208261, 45.6269462], [22.1213595, 45.6277828], [22.1212891, 45.6282876], [22.1209393, 45.6288941], [22.1208605, 45.6293116], [22.1209967, 45.6295717], [22.1218053, 45.6299618], [22.1215815, 45.6305386], [22.1210496, 45.6308922], [22.1204857, 45.6309672], [22.1196517, 45.6313433], [22.1192156, 45.6312229], [22.1181658, 45.6305708], [22.1176299, 45.63041], [22.1164599, 45.6305483], [22.1160893, 45.6304519], [22.1157011, 45.6298092], [22.1149052, 45.6295078], [22.1138961, 45.629576], [22.1131127, 45.6297977], [22.1119669, 45.6299248], [22.1107913, 45.6292959], [22.109572, 45.6297719], [22.1086797, 45.6303286], [22.1079331, 45.6311063], [22.1062204, 45.6317648], [22.105521, 45.6325274], [22.1048403, 45.632952], [22.1046372, 45.6331878], [22.1054282, 45.634131], [22.105325, 45.6342183], [22.1000357, 45.6372125], [22.1008262, 45.6379266], [22.0997848, 45.6385576], [22.0997991, 45.6386494], [22.1016293, 45.6401355], [22.1017137, 45.6405951], [22.1015871, 45.641011], [22.0990609, 45.641368], [22.0978932, 45.6418221], [22.096874, 45.6424108], [22.0963033, 45.6429007], [22.0957269, 45.6447766], [22.0950886, 45.6454535], [22.0938873, 45.6461944], [22.0922522, 45.6469879], [22.0921209, 45.6474815], [22.0913642, 45.6478023], [22.0907817, 45.6482408], [22.0900854, 45.648308], [22.089258, 45.6485527], [22.0884267, 45.6489993], [22.0872031, 45.6496567], [22.0869899, 45.6498579], [22.086233, 45.6496365], [22.0846361, 45.649102], [22.0824529, 45.6464064], [22.0818624, 45.6460169], [22.0816132, 45.64573], [22.0812538, 45.6447951], [22.0813881, 45.6446752], [22.081359, 45.6444668], [22.0811018, 45.6441798], [22.0810205, 45.6438972], [22.079843, 45.6434575], [22.0792174, 45.6433292], [22.0799547, 45.6422174], [22.0800876, 45.6413569], [22.0804323, 45.6407167], [22.0804174, 45.6405424], [22.0795141, 45.6391329], [22.0794052, 45.639074], [22.0790054, 45.6392209], [22.0765389, 45.6432198], [22.0762103, 45.6441482], [22.076185, 45.6452401], [22.075879, 45.6458885], [22.0754732, 45.6463045], [22.0754604, 45.6467024], [22.075303, 45.6469564], [22.074085, 45.6477498], [22.0732619, 45.6480315], [22.0730522, 45.6484891], [22.0724832, 45.6489625], [22.0721481, 45.6495542], [22.0713695, 45.6503178], [22.0697293, 45.6512236], [22.0667461, 45.6522463], [22.065828, 45.6531914], [22.0653968, 45.6534776], [22.0647536, 45.6538368], [22.0641597, 45.6540179], [22.06372, 45.6544665], [22.0615198, 45.6556086], [22.0608017, 45.656325], [22.0604688, 45.6568717], [22.0597169, 45.6571665], [22.0592604, 45.6574744], [22.0580349, 45.6604696], [22.0579437, 45.6617463], [22.0577685, 45.661882], [22.0574937, 45.661931], [22.0554274, 45.6617934], [22.054909, 45.6619091], [22.0543027, 45.6623253], [22.052619, 45.6644461], [22.0522247, 45.6647893], [22.0518731, 45.665992], [22.0509652, 45.6675379], [22.0500556, 45.6683895], [22.0499616, 45.6693891], [22.0500144, 45.6697551], [22.0504877, 45.6703452], [22.0517387, 45.6707647], [22.0529976, 45.6717959], [22.0531757, 45.6721132], [22.0535342, 45.6730594], [22.0538004, 45.6742387], [22.0538494, 45.6749902], [22.0534788, 45.6763851], [22.0535122, 45.6771209], [22.0534547, 45.6772989], [22.0520137, 45.6782541], [22.0502579, 45.6796719], [22.0494452, 45.6807456], [22.0493584, 45.6811826], [22.0494869, 45.6815569], [22.0490918, 45.682481], [22.0485543, 45.6828974], [22.04728, 45.6836034], [22.0464052, 45.6839195], [22.0442273, 45.6841307], [22.0432187, 45.6839734], [22.0424947, 45.6841409], [22.0411555, 45.6849594], [22.0406238, 45.6854964], [22.0399024, 45.6873075], [22.0396629, 45.6872296], [22.0377196, 45.6888033], [22.0367866, 45.6893093], [22.0356882, 45.6896106], [22.0324968, 45.6897374], [22.0319832, 45.6900264], [22.0306301, 45.6910859], [22.0288892, 45.6910265], [22.0273895, 45.6907184], [22.0255137, 45.6896726], [22.023071, 45.6874324], [22.0218319, 45.6855087], [22.0207328, 45.6842727], [22.015289, 45.6807429], [22.0145828, 45.6793625], [22.0146394, 45.6786668], [22.0142484, 45.6771388], [22.0146501, 45.6748578], [22.0169705, 45.6743594], [22.0180594, 45.6745616], [22.0177899, 45.6730872], [22.0181024, 45.6724761], [22.0192998, 45.6714936], [22.0190856, 45.6704091], [22.0165384, 45.6670706], [22.0162294, 45.6662584], [22.0157799, 45.6657647], [22.0153112, 45.664808], [22.0141298, 45.6632502], [22.0140242, 45.662757], [22.0131812, 45.6618972], [22.0105256, 45.6579078], [22.0098343, 45.6570798], [22.0092347, 45.6559783], [22.0090079, 45.6546755], [22.0092258, 45.6538501], [22.0089124, 45.6532113], [22.0087552, 45.6530926], [22.007826, 45.6536485], [22.0068381, 45.653773], [22.0053314, 45.6528951], [22.0044417, 45.6516348], [22.0030184, 45.6507303], [22.002755, 45.6506888]]]]}}, {"id": "78", "type": "Feature", "properties": {"name": "G\u0103vojdia", "judet": "TIMI\u0218", "admin_level": "8", "wikidata": null, "place": "municipality", "osm_id": 13943245, "siruta": "157031", "siruta_score": null, "pop_total": 0, "gp_count": null, "nearest_school_m": 1083.173523147497, "nearest_gp_m": null, "nearest_er_m": 11882.895381969587, "school_score": 98.8118068121786, "gp_score": null, "hospital_score": 95.29276154507605, "composite_score": 97.6387917231444, "partial_data": true, "_color_composite": "#f5ecd9", "_color_school": "#f5ecd9", "_color_gp": "#9a9a9a", "_color_hospital": "#f5ecd9", "_display_color": "#f5ecd9"}, "geometry": {"type": "MultiPolygon", "coordinates": [[[[21.9278476, 45.6534804], [21.9272203, 45.6523557], [21.9265176, 45.6517013], [21.9254927, 45.6501909], [21.9235473, 45.6477143], [21.9218069, 45.6457844], [21.9204574, 45.6436661], [21.9173015, 45.6398438], [21.9314526, 45.6253437], [21.9324592, 45.6242062], [21.9336695, 45.6229211], [21.9344466, 45.6263158], [21.9348969, 45.627694], [21.9393634, 45.6280056], [21.9402471, 45.6281721], [21.9439205, 45.6285301], [21.9474709, 45.6286077], [21.9497413, 45.628903], [21.9615331, 45.6273529], [21.9629267, 45.6271525], [21.9636427, 45.6267752], [21.9643775, 45.6268057], [21.9657623, 45.624134], [21.966375, 45.6221087], [21.9678918, 45.6204304], [21.9678863, 45.620057], [21.9673802, 45.6197245], [21.9671847, 45.6187293], [21.9669524, 45.6184899], [21.96682, 45.6180673], [21.967095, 45.6175929], [21.9674351, 45.6157474], [21.9677022, 45.6150714], [21.9682548, 45.6143612], [21.9689937, 45.6137473], [21.9715653, 45.6108645], [21.9720355, 45.6105207], [21.9750722, 45.6073001], [21.9764548, 45.6060112], [21.9785441, 45.6036897], [21.9801339, 45.6022286], [21.9808668, 45.6012012], [21.9856473, 45.5997778], [21.9902109, 45.5989272], [21.990025, 45.598622], [21.9903324, 45.5982465], [21.9900279, 45.5978794], [21.9903754, 45.597354], [21.9907127, 45.5972538], [21.9907339, 45.5970998], [21.9911047, 45.5969969], [21.9913087, 45.5967678], [21.9912501, 45.5964651], [21.9908262, 45.596303], [21.9909759, 45.5961197], [21.9915085, 45.5959466], [21.9917735, 45.5955525], [21.9916408, 45.5952255], [21.9917908, 45.5949411], [21.9917385, 45.594758], [21.9985004, 45.5946086], [22.0062137, 45.5946083], [22.0068161, 45.5903699], [22.010222, 45.569657], [22.0106305, 45.5685267], [22.0117803, 45.5669921], [22.0150917, 45.5606477], [22.0149861, 45.5604493], [22.0152817, 45.5601311], [22.0150619, 45.5598971], [22.0155962, 45.5594547], [22.0154913, 45.5588093], [22.016162, 45.5584194], [22.0164509, 45.5573512], [22.0169121, 45.5569721], [22.0209507, 45.5500803], [22.0234648, 45.549736], [22.0212687, 45.5452911], [22.025563, 45.5453137], [22.0286804, 45.5455085], [22.0291599, 45.5454725], [22.0300655, 45.5452225], [22.0319493, 45.5463221], [22.0344203, 45.5452957], [22.0344126, 45.5459179], [22.0346676, 45.5459686], [22.0350067, 45.5462114], [22.0352623, 45.546249], [22.0353505, 45.5465828], [22.0362769, 45.5472721], [22.0376952, 45.5477635], [22.0381509, 45.5481024], [22.0383297, 45.5484931], [22.0385848, 45.5487436], [22.0390869, 45.5489507], [22.0393049, 45.5491559], [22.0395049, 45.5497042], [22.0390457, 45.5503297], [22.0397124, 45.5510066], [22.0398001, 45.5514784], [22.0401048, 45.5513866], [22.0405263, 45.5516248], [22.0454302, 45.5522684], [22.0456846, 45.5523014], [22.0455942, 45.5539024], [22.0448833, 45.5557401], [22.0454998, 45.5568286], [22.0463738, 45.5576783], [22.0467126, 45.5587119], [22.0449035, 45.5607444], [22.0475275, 45.5614072], [22.0495352, 45.5614427], [22.0490129, 45.5628462], [22.0476415, 45.565649], [22.0441795, 45.5718085], [22.0491653, 45.5739864], [22.0366416, 45.5871148], [22.0452571, 45.5915216], [22.0610898, 45.5805729], [22.0740421, 45.5719428], [22.0814161, 45.5766397], [22.0866174, 45.5801444], [22.103477, 45.5919649], [22.103642, 45.5925543], [22.1044198, 45.593583], [22.1058708, 45.5941804], [22.1055954, 45.5952538], [22.1060897, 45.5953234], [22.1063462, 45.595736], [22.1076193, 45.5968854], [22.1078625, 45.5975577], [22.107851, 45.5986785], [22.1075679, 45.5990043], [22.1060201, 45.5995294], [22.1053632, 45.5999188], [22.1046032, 45.6007362], [22.103991, 45.6016061], [22.1035175, 45.6024795], [22.1031086, 45.6036683], [22.1031025, 45.6066705], [22.1028377, 45.6073136], [22.1000586, 45.609539], [22.0993451, 45.6103494], [22.0989235, 45.6106636], [22.0984021, 45.610894], [22.0976958, 45.6108922], [22.0966381, 45.6106263], [22.0953578, 45.6100819], [22.094456, 45.6098314], [22.0937274, 45.6098128], [22.0923052, 45.6099958], [22.0895054, 45.6109356], [22.0876149, 45.6109928], [22.0866994, 45.6107826], [22.0860537, 45.6105061], [22.0851194, 45.6097673], [22.0847461, 45.6089141], [22.0841407, 45.6080862], [22.0829321, 45.6075028], [22.0818104, 45.6073394], [22.0798868, 45.6075906], [22.0761566, 45.6085102], [22.0739669, 45.6086421], [22.0727858, 45.6088636], [22.0712383, 45.6094493], [22.0706381, 45.6100756], [22.0700934, 45.6109714], [22.0695543, 45.6113149], [22.0686455, 45.6114215], [22.0678352, 45.61128], [22.0670529, 45.6109593], [22.0660246, 45.6109165], [22.0626613, 45.6114553], [22.0621319, 45.6116122], [22.0615714, 45.6119226], [22.0611158, 45.6124389], [22.0605086, 45.6128494], [22.0578244, 45.6134624], [22.0569293, 45.613748], [22.0551067, 45.6155151], [22.0538669, 45.6164091], [22.0530454, 45.6168346], [22.0522482, 45.617017], [22.0516922, 45.6170189], [22.0505622, 45.6167053], [22.049849, 45.6166137], [22.0491454, 45.6166557], [22.0477533, 45.6171395], [22.0471086, 45.6175046], [22.0463955, 45.6182903], [22.0454049, 45.6206029], [22.044801, 45.6215133], [22.0436787, 45.6236857], [22.0429654, 45.6241512], [22.042259, 45.6243684], [22.0410127, 45.6244985], [22.0398573, 45.6248827], [22.0382464, 45.625775], [22.0375297, 45.6259676], [22.0354303, 45.6261337], [22.0346921, 45.6265125], [22.0330355, 45.6284334], [22.0325684, 45.6291604], [22.0324137, 45.6296763], [22.0327513, 45.6320491], [22.0325374, 45.6325878], [22.0313654, 45.6332802], [22.0307737, 45.6332973], [22.0301627, 45.6330214], [22.0294901, 45.6325976], [22.0289859, 45.6320564], [22.0284809, 45.6317508], [22.0250641, 45.6314087], [22.0246482, 45.6311704], [22.0238995, 45.6302166], [22.0233683, 45.6299671], [22.0211063, 45.6297611], [22.0203663, 45.6298141], [22.0191163, 45.6300295], [22.0180331, 45.6304354], [22.0173316, 45.6308719], [22.0168503, 45.6316038], [22.0165794, 45.6325376], [22.016639, 45.6331223], [22.0175498, 45.6342938], [22.0183272, 45.6349243], [22.0196447, 45.6356989], [22.0200349, 45.6364018], [22.0202517, 45.6370382], [22.0202624, 45.6376692], [22.019592, 45.6391819], [22.0190082, 45.6396216], [22.0181157, 45.6400428], [22.0172342, 45.6402575], [22.0157853, 45.6404214], [22.0149323, 45.6403784], [22.0120587, 45.639786], [22.0112127, 45.6398878], [22.0107179, 45.6400403], [22.0086022, 45.640998], [22.0082887, 45.6416204], [22.0085899, 45.6423315], [22.008989, 45.6425901], [22.0101223, 45.6429094], [22.0113102, 45.6430336], [22.0122477, 45.6434305], [22.0131179, 45.6439806], [22.0136084, 45.6450322], [22.0134408, 45.6462376], [22.0131029, 45.6467664], [22.0123264, 45.6472216], [22.011604, 45.6474921], [22.0110987, 45.6478408], [22.0101842, 45.6481166], [22.0065601, 45.6478684], [22.0059628, 45.6477287], [22.0053367, 45.6467506], [22.004359, 45.6462803], [22.003618, 45.6457955], [22.0030865, 45.6452542], [22.0024579, 45.6448757], [22.0016028, 45.6445947], [22.0005216, 45.6446799], [22.0002012, 45.6448783], [21.9997421, 45.6454659], [21.999795, 45.646129], [22.0002834, 45.6466485], [22.0008051, 45.6484717], [22.0025124, 45.6501917], [22.002755, 45.6506888], [22.0026757, 45.6510222], [22.0024836, 45.6515545], [22.0020784, 45.6520598], [22.0011805, 45.6526021], [22.0002651, 45.6529004], [21.9981411, 45.6530522], [21.996253, 45.6528607], [21.9948947, 45.6524595], [21.9938702, 45.6525041], [21.9934954, 45.6526303], [21.9931036, 45.652885], [21.9929093, 45.6532668], [21.9924363, 45.6547853], [21.9915333, 45.6558003], [21.9892126, 45.6571361], [21.9873786, 45.6579761], [21.9866737, 45.658158], [21.9851019, 45.6583027], [21.9823258, 45.658222], [21.9815056, 45.6583199], [21.9807898, 45.6590819], [21.9807057, 45.6595025], [21.9807135, 45.6603052], [21.9812246, 45.6614437], [21.9811522, 45.6625953], [21.9802909, 45.6639966], [21.9794242, 45.6659667], [21.9787528, 45.6664639], [21.9776154, 45.6667589], [21.9770767, 45.6667085], [21.9764785, 45.6665661], [21.9754554, 45.6660534], [21.9747699, 45.6658385], [21.9734923, 45.6658616], [21.9709555, 45.6660958], [21.9685912, 45.6667942], [21.9677591, 45.6671146], [21.9669823, 45.6675824], [21.9664638, 45.6684632], [21.9659983, 45.6687836], [21.9649776, 45.6699111], [21.9627199, 45.6719225], [21.9616297, 45.6721599], [21.9610128, 45.6721815], [21.9598247, 45.6720546], [21.9591476, 45.6718525], [21.9552951, 45.6695379], [21.9506197, 45.6672874], [21.9484296, 45.6666564], [21.9477791, 45.6666326], [21.9459397, 45.6668307], [21.9449493, 45.6672292], [21.9441857, 45.668116], [21.9439764, 45.6690851], [21.9438164, 45.671682], [21.9433542, 45.6725197], [21.942483, 45.6734295], [21.9415619, 45.6725438], [21.9416277, 45.6724916], [21.9408207, 45.671477], [21.940411, 45.6705854], [21.9397539, 45.6697146], [21.9397672, 45.6692171], [21.9395954, 45.6687734], [21.9365331, 45.6638726], [21.939284, 45.6630786], [21.938216, 45.6611479], [21.9374913, 45.6603047], [21.9360285, 45.6577178], [21.9332484, 45.6535588], [21.9307698, 45.6502503], [21.9278476, 45.6534804]]]]}}, {"id": "79", "type": "Feature", "properties": {"name": "\u0218tiuca", "judet": "TIMI\u0218", "admin_level": "8", "wikidata": null, "place": "municipality", "osm_id": 13943246, "siruta": "158804", "siruta_score": null, "pop_total": 0, "gp_count": null, "nearest_school_m": 1338.568201915868, "nearest_gp_m": null, "nearest_er_m": 16194.74780634154, "school_score": 95.1633114012019, "gp_score": null, "hospital_score": 84.51313048414616, "composite_score": 91.61325109551665, "partial_data": true, "_color_composite": "#f5ecd9", "_color_school": "#f5ecd9", "_color_gp": "#9a9a9a", "_color_hospital": "#f5ecd9", "_display_color": "#f5ecd9"}, "geometry": {"type": "MultiPolygon", "coordinates": [[[[21.9235201, 45.5668815], [21.9235821, 45.566742], [21.9238817, 45.5666753], [21.9246627, 45.566105], [21.925013, 45.5656704], [21.9259135, 45.5649928], [21.9259035, 45.5647761], [21.9262203, 45.5647131], [21.9273595, 45.5635432], [21.9284246, 45.5627315], [21.9283318, 45.5623373], [21.9289222, 45.5622709], [21.9293899, 45.5620128], [21.9296662, 45.5616361], [21.931312, 45.5602737], [21.9315774, 45.5599092], [21.933133, 45.5587618], [21.935088, 45.5564933], [21.925564, 45.5544333], [21.9204582, 45.5530711], [21.9218153, 45.5498519], [21.9228442, 45.5483833], [21.9229202, 45.5475446], [21.9235344, 45.5471151], [21.9246043, 45.5458233], [21.9251025, 45.5445618], [21.9250551, 45.5442595], [21.9286739, 45.5403119], [21.9298148, 45.5393616], [21.9303235, 45.5390772], [21.9315406, 45.5379942], [21.933774, 45.5364608], [21.936589, 45.5341038], [21.937815, 45.5331725], [21.9388397, 45.5325639], [21.9401845, 45.5314215], [21.9407065, 45.530393], [21.9411868, 45.5286501], [21.9417138, 45.5276125], [21.9423809, 45.5255977], [21.9441886, 45.521806], [21.9444124, 45.5209991], [21.9421652, 45.5179602], [21.941219, 45.5139718], [21.9442728, 45.5083957], [21.9447801, 45.5070788], [21.9452078, 45.5066348], [21.9453666, 45.505986], [21.9453016, 45.5056657], [21.947573, 45.506281], [21.9481185, 45.5065209], [21.9500556, 45.5065922], [21.9537336, 45.5072519], [21.9538549, 45.5072616], [21.9592997, 45.5075428], [21.9665874, 45.5081492], [21.9672736, 45.5084121], [21.9675693, 45.5092261], [21.968001, 45.5097106], [21.9694241, 45.5108131], [21.9702134, 45.5112042], [21.9718666, 45.5115346], [21.9748616, 45.5124428], [21.9758322, 45.5121561], [21.9760101, 45.5122905], [21.9773442, 45.5112054], [21.9786726, 45.5108164], [21.9806313, 45.5098364], [21.9812401, 45.5096469], [21.9908539, 45.5030881], [21.9909139, 45.5038536], [21.9913575, 45.5048369], [21.9926538, 45.5091005], [22.0002437, 45.5066609], [22.0070798, 45.5041414], [22.0071335, 45.5044022], [22.0082651, 45.5043513], [22.0084234, 45.5067822], [22.0077793, 45.5068971], [22.0079461, 45.5078058], [22.0074261, 45.5078691], [22.0086671, 45.5102892], [22.0090602, 45.5102555], [22.0097772, 45.5082555], [22.0096281, 45.507674], [22.0097998, 45.507684], [22.011183, 45.5086131], [22.0116304, 45.5087563], [22.0123429, 45.5080729], [22.011993, 45.5078004], [22.0121362, 45.5076166], [22.0119776, 45.5074141], [22.0120069, 45.5067656], [22.012418, 45.5065636], [22.0129564, 45.5065353], [22.0133511, 45.5067803], [22.0139787, 45.5069345], [22.0142094, 45.5067623], [22.0138098, 45.5061244], [22.0148174, 45.506053], [22.0158012, 45.5051831], [22.0161674, 45.5054463], [22.0167068, 45.5054803], [22.0169438, 45.5052646], [22.0174511, 45.5051591], [22.0177872, 45.5053066], [22.0183089, 45.5052489], [22.0185436, 45.5049698], [22.018828, 45.5050287], [22.0199903, 45.5047718], [22.0202275, 45.5046171], [22.0204598, 45.5042161], [22.0208397, 45.5040778], [22.0210048, 45.5037206], [22.0252957, 45.5009906], [22.0270057, 45.4996895], [22.0290723, 45.4984023], [22.0305306, 45.4974241], [22.0428216, 45.4982932], [22.0432997, 45.5053517], [22.0452947, 45.5060367], [22.0478204, 45.5057119], [22.0487467, 45.5069331], [22.049544, 45.5076923], [22.0506326, 45.5084688], [22.0537068, 45.5097263], [22.0548146, 45.5098755], [22.0586566, 45.5091229], [22.0602146, 45.5086843], [22.0609359, 45.5093811], [22.0621542, 45.5087996], [22.0623152, 45.5089984], [22.0626198, 45.5089761], [22.063438, 45.5087068], [22.0642837, 45.5086317], [22.0645966, 45.509472], [22.0642384, 45.5095642], [22.0643253, 45.50981], [22.064824, 45.5098032], [22.0651355, 45.5101789], [22.064628, 45.5114962], [22.0646755, 45.5119989], [22.0663253, 45.5118164], [22.0662592, 45.5123707], [22.0659139, 45.5123296], [22.0655001, 45.5132557], [22.0656893, 45.5137973], [22.065597, 45.5142415], [22.0658024, 45.5144661], [22.0657314, 45.5147082], [22.0654107, 45.5150096], [22.0649542, 45.5158589], [22.0642076, 45.5164316], [22.0640176, 45.5168615], [22.0632038, 45.5175754], [22.0619503, 45.5182185], [22.061511, 45.518603], [22.0612529, 45.5183909], [22.0609829, 45.5183426], [22.060538, 45.5186493], [22.0600763, 45.5201104], [22.0608098, 45.5205165], [22.0613421, 45.5202999], [22.063098, 45.5207775], [22.0630379, 45.5208884], [22.0638682, 45.5211931], [22.0645618, 45.5203236], [22.0662487, 45.521072], [22.0661547, 45.521453], [22.065004, 45.5228588], [22.0647078, 45.5235733], [22.0635599, 45.5248127], [22.0664566, 45.5259892], [22.0664278, 45.5273587], [22.0662821, 45.5274953], [22.0657098, 45.5273074], [22.065611, 45.5276034], [22.0651641, 45.5279933], [22.0648915, 45.5287347], [22.0761193, 45.5317251], [22.0760614, 45.5322386], [22.0751715, 45.5327321], [22.0743967, 45.5330849], [22.0704387, 45.5341978], [22.0689858, 45.5348393], [22.0671965, 45.5352418], [22.0664645, 45.5355266], [22.0663276, 45.5357026], [22.0664764, 45.5358346], [22.0647497, 45.538047], [22.0648001, 45.5382355], [22.0644147, 45.5387013], [22.064437, 45.5388244], [22.0624915, 45.5413232], [22.0609158, 45.5450009], [22.0574267, 45.5521118], [22.0473135, 45.549658], [22.0455761, 45.5520398], [22.0456846, 45.5523014], [22.0454302, 45.5522684], [22.0405263, 45.5516248], [22.0401048, 45.5513866], [22.0398001, 45.5514784], [22.0397124, 45.5510066], [22.0390457, 45.5503297], [22.0395049, 45.5497042], [22.0393049, 45.5491559], [22.0390869, 45.5489507], [22.0385848, 45.5487436], [22.0383297, 45.5484931], [22.0381509, 45.5481024], [22.0376952, 45.5477635], [22.0362769, 45.5472721], [22.0353505, 45.5465828], [22.0352623, 45.546249], [22.0350067, 45.5462114], [22.0346676, 45.5459686], [22.0344126, 45.5459179], [22.0344203, 45.5452957], [22.0319493, 45.5463221], [22.0300655, 45.5452225], [22.0291599, 45.5454725], [22.0286804, 45.5455085], [22.025563, 45.5453137], [22.0212687, 45.5452911], [22.0234648, 45.549736], [22.0209507, 45.5500803], [22.0169121, 45.5569721], [22.0164509, 45.5573512], [22.016162, 45.5584194], [22.0154913, 45.5588093], [22.0155962, 45.5594547], [22.0150619, 45.5598971], [22.0152817, 45.5601311], [22.0149861, 45.5604493], [22.0150917, 45.5606477], [22.0117803, 45.5669921], [22.0106305, 45.5685267], [22.010222, 45.569657], [22.0068161, 45.5903699], [22.0062137, 45.5946083], [21.9985004, 45.5946086], [21.9917385, 45.594758], [21.9917908, 45.5949411], [21.9916408, 45.5952255], [21.9917735, 45.5955525], [21.9915085, 45.5959466], [21.9909759, 45.5961197], [21.9908262, 45.596303], [21.9912501, 45.5964651], [21.9913087, 45.5967678], [21.9911047, 45.5969969], [21.9907339, 45.5970998], [21.9907127, 45.5972538], [21.9903754, 45.597354], [21.9900279, 45.5978794], [21.9903324, 45.5982465], [21.990025, 45.598622], [21.9902109, 45.5989272], [21.9856473, 45.5997778], [21.9808668, 45.6012012], [21.9801339, 45.6022286], [21.9785441, 45.6036897], [21.9764548, 45.6060112], [21.9750722, 45.6073001], [21.9720355, 45.6105207], [21.9715653, 45.6108645], [21.9689937, 45.6137473], [21.9682548, 45.6143612], [21.9677022, 45.6150714], [21.9674351, 45.6157474], [21.967095, 45.6175929], [21.96682, 45.6180673], [21.9669524, 45.6184899], [21.9671847, 45.6187293], [21.9673802, 45.6197245], [21.9678863, 45.620057], [21.9678918, 45.6204304], [21.966375, 45.6221087], [21.9657623, 45.624134], [21.9643775, 45.6268057], [21.9636427, 45.6267752], [21.9629267, 45.6271525], [21.9615331, 45.6273529], [21.9497413, 45.628903], [21.9474709, 45.6286077], [21.9439205, 45.6285301], [21.9402471, 45.6281721], [21.9393634, 45.6280056], [21.9348969, 45.627694], [21.9344466, 45.6263158], [21.9336695, 45.6229211], [21.9333819, 45.6217774], [21.9326618, 45.6193233], [21.9322984, 45.6175334], [21.9320767, 45.6171131], [21.9315193, 45.6152217], [21.930087, 45.6099255], [21.9298057, 45.6093712], [21.9295391, 45.6079523], [21.9288742, 45.6064342], [21.9282989, 45.6038476], [21.9249352, 45.5921451], [21.9245745, 45.5916762], [21.922664, 45.5898797], [21.9221955, 45.5890185], [21.9211944, 45.5882902], [21.920912, 45.5877112], [21.9201683, 45.5868159], [21.9200739, 45.5855363], [21.9203727, 45.5850997], [21.9208348, 45.5837603], [21.9213846, 45.5831225], [21.9226935, 45.580381], [21.9232259, 45.5786386], [21.9239627, 45.5768851], [21.9243562, 45.5753084], [21.9247589, 45.5723372], [21.9247198, 45.5716967], [21.9248596, 45.5712694], [21.9247983, 45.5703153], [21.9243768, 45.5692152], [21.9242813, 45.5683049], [21.9236489, 45.567805], [21.9235201, 45.5668815]]]]}}, {"id": "80", "type": "Feature", "properties": {"name": "Victor Vlad Delamarina", "judet": "TIMI\u0218", "admin_level": "8", "wikidata": null, "place": "municipality", "osm_id": 13943247, "siruta": "159259", "siruta_score": null, "pop_total": 0, "gp_count": null, "nearest_school_m": 2071.5243575218874, "nearest_gp_m": null, "nearest_er_m": 10661.842489965566, "school_score": 84.69250917825875, "gp_score": null, "hospital_score": 98.34539377508608, "composite_score": 89.24347071053451, "partial_data": true, "_color_composite": "#f5ecd9", "_color_school": "#f5ecd9", "_color_gp": "#9a9a9a", "_color_hospital": "#f5ecd9", "_display_color": "#f5ecd9"}, "geometry": {"type": "MultiPolygon", "coordinates": [[[[21.747279, 45.5446361], [21.7485364, 45.5443285], [21.7487755, 45.54427], [21.7530974, 45.5430779], [21.7558624, 45.5420427], [21.7598719, 45.5410002], [21.7650295, 45.5394294], [21.7660715, 45.5392285], [21.7685779, 45.5383746], [21.7708606, 45.5377857], [21.7726679, 45.5371407], [21.7743408, 45.5367405], [21.7792493, 45.535186], [21.7849434, 45.5335205], [21.7868546, 45.5331288], [21.7872504, 45.5329458], [21.7959653, 45.5330575], [21.8091875, 45.5310677], [21.8102513, 45.5308333], [21.8110715, 45.5304783], [21.8133145, 45.5299331], [21.8141177, 45.5293787], [21.8157826, 45.5285325], [21.8170294, 45.5271449], [21.8180022, 45.5278436], [21.8191829, 45.5284984], [21.8201308, 45.5293334], [21.8211313, 45.5296698], [21.8217856, 45.5297428], [21.8271062, 45.5301258], [21.8282881, 45.5297688], [21.8313558, 45.5285792], [21.8322116, 45.5297665], [21.8355873, 45.5329351], [21.8364565, 45.5336059], [21.8377956, 45.5350525], [21.8391253, 45.5362328], [21.8406273, 45.5362126], [21.842299, 45.5364417], [21.8434941, 45.5364025], [21.8471702, 45.5366924], [21.8489832, 45.5366487], [21.8499269, 45.5364643], [21.8512396, 45.535591], [21.853229, 45.5348498], [21.8571983, 45.5353287], [21.8596142, 45.5350386], [21.861741, 45.5349751], [21.8633059, 45.5343404], [21.8643652, 45.5342431], [21.8661973, 45.5342963], [21.8676808, 45.5344549], [21.8694216, 45.534809], [21.8732491, 45.5362332], [21.8737005, 45.5362574], [21.875725, 45.5356898], [21.875665, 45.5366986], [21.8765315, 45.5387599], [21.8770052, 45.5407007], [21.8768003, 45.5424862], [21.8765792, 45.5430982], [21.8759171, 45.54429], [21.875586, 45.5446256], [21.8750576, 45.5448984], [21.8732781, 45.5454182], [21.8723242, 45.5458345], [21.8718662, 45.5461239], [21.8713293, 45.5470786], [21.8716193, 45.5500912], [21.8743707, 45.5516791], [21.8749896, 45.552373], [21.8750931, 45.5529245], [21.8750753, 45.5551003], [21.8749229, 45.5559026], [21.8745565, 45.5564789], [21.8728062, 45.5579024], [21.8722081, 45.5587906], [21.8717465, 45.560267], [21.8716989, 45.5613689], [21.8744328, 45.5615071], [21.8745159, 45.5613398], [21.8748238, 45.5614119], [21.8752123, 45.5613398], [21.8755344, 45.5614655], [21.877824, 45.561823], [21.8780597, 45.5615686], [21.878351, 45.561455], [21.8799102, 45.5614491], [21.8807796, 45.5617144], [21.8823672, 45.5619968], [21.882724, 45.5622069], [21.8855079, 45.5626023], [21.886297, 45.5626752], [21.8867041, 45.5625886], [21.8869615, 45.5627494], [21.889782, 45.563013], [21.8911831, 45.5629919], [21.8931829, 45.5632627], [21.8938616, 45.5634456], [21.8946012, 45.5634885], [21.8957705, 45.5635482], [21.8958458, 45.5632477], [21.8961963, 45.563203], [21.896715, 45.5634051], [21.8994224, 45.5638514], [21.9038553, 45.5641601], [21.9037047, 45.5644291], [21.9063141, 45.5645158], [21.9088756, 45.564761], [21.9142761, 45.5656088], [21.9192909, 45.5661828], [21.9203231, 45.5664211], [21.9235201, 45.5668815], [21.9236489, 45.567805], [21.9242813, 45.5683049], [21.9243768, 45.5692152], [21.9247983, 45.5703153], [21.9248596, 45.5712694], [21.9247198, 45.5716967], [21.9247589, 45.5723372], [21.9243562, 45.5753084], [21.9239627, 45.5768851], [21.9232259, 45.5786386], [21.9226935, 45.580381], [21.9213846, 45.5831225], [21.9208348, 45.5837603], [21.9203727, 45.5850997], [21.9200739, 45.5855363], [21.9201683, 45.5868159], [21.920912, 45.5877112], [21.9211944, 45.5882902], [21.9221955, 45.5890185], [21.922664, 45.5898797], [21.9245745, 45.5916762], [21.9249352, 45.5921451], [21.9282989, 45.6038476], [21.9288742, 45.6064342], [21.9295391, 45.6079523], [21.9298057, 45.6093712], [21.930087, 45.6099255], [21.9315193, 45.6152217], [21.9320767, 45.6171131], [21.9322984, 45.6175334], [21.9326618, 45.6193233], [21.9333819, 45.6217774], [21.9336695, 45.6229211], [21.9324592, 45.6242062], [21.9314526, 45.6253437], [21.9173015, 45.6398438], [21.9204574, 45.6436661], [21.9218069, 45.6457844], [21.9235473, 45.6477143], [21.9254927, 45.6501909], [21.9265176, 45.6517013], [21.9272203, 45.6523557], [21.9278476, 45.6534804], [21.9268378, 45.6535783], [21.8772202, 45.6591826], [21.8766245, 45.6595711], [21.8756585, 45.6599195], [21.8753707, 45.6603729], [21.8756207, 45.6618589], [21.8759703, 45.6624942], [21.8763196, 45.66635], [21.8770426, 45.669711], [21.8772905, 45.6712835], [21.8772331, 45.6716843], [21.876798, 45.6717018], [21.8764775, 45.6715482], [21.8760234, 45.671656], [21.8755018, 45.6715288], [21.874999, 45.6718193], [21.874314, 45.671484], [21.873789, 45.6714255], [21.8734461, 45.6717351], [21.8725844, 45.6719935], [21.8721803, 45.6727498], [21.8713856, 45.6731254], [21.8706751, 45.6733095], [21.8702324, 45.6736506], [21.8697171, 45.6737861], [21.8694176, 45.6742165], [21.8689682, 45.6742385], [21.8686842, 45.6743705], [21.8681217, 45.6751009], [21.8683461, 45.6754702], [21.8678613, 45.6755623], [21.8673744, 45.6762355], [21.867349, 45.6763771], [21.8676505, 45.6765571], [21.867506, 45.6767004], [21.8666017, 45.6767785], [21.8654673, 45.6772445], [21.8646193, 45.6773806], [21.8641291, 45.6775683], [21.8632297, 45.6775607], [21.8625092, 45.6777346], [21.8613182, 45.6783093], [21.8608796, 45.678388], [21.860305, 45.6787696], [21.8600368, 45.6788064], [21.8597394, 45.678678], [21.8593121, 45.6787423], [21.8586613, 45.6794211], [21.8584916, 45.6793869], [21.8580641, 45.6787692], [21.8574559, 45.6786367], [21.8571998, 45.6784579], [21.8563779, 45.6784426], [21.8559185, 45.6787047], [21.8552168, 45.6787295], [21.8548666, 45.6789799], [21.853962, 45.6790015], [21.8532316, 45.6789181], [21.8519489, 45.6782546], [21.851246, 45.6784879], [21.8501079, 45.6784294], [21.8498181, 45.6785492], [21.8497017, 45.6783791], [21.849461, 45.6785491], [21.8480614, 45.6782005], [21.8475394, 45.6777715], [21.8473065, 45.6777405], [21.8469025, 45.6778274], [21.846587, 45.678145], [21.8460203, 45.6781342], [21.8460774, 45.6789233], [21.8459544, 45.6789935], [21.845368, 45.678792], [21.8446392, 45.6787399], [21.8444604, 45.6786196], [21.8433158, 45.6786124], [21.8427621, 45.6782487], [21.8411852, 45.6782143], [21.8406048, 45.6783846], [21.8396538, 45.6781743], [21.8393306, 45.6783174], [21.8390191, 45.6783161], [21.8387468, 45.678549], [21.8385115, 45.6785621], [21.8376124, 45.6780558], [21.837233, 45.6779545], [21.8360466, 45.6781914], [21.8355837, 45.678576], [21.8350749, 45.6786575], [21.8345214, 45.6789895], [21.833776, 45.6788584], [21.8336154, 45.6790355], [21.8337272, 45.6792888], [21.8331699, 45.6794843], [21.8325678, 45.6791094], [21.8319086, 45.6789414], [21.8316996, 45.6789209], [21.8311819, 45.6791592], [21.8307672, 45.6791422], [21.8306734, 45.6788206], [21.8303257, 45.6787152], [21.8301508, 45.6785264], [21.8290374, 45.6784022], [21.8281886, 45.678614], [21.8271234, 45.6785744], [21.8266372, 45.6789362], [21.8259877, 45.6790899], [21.8254427, 45.6790495], [21.8252237, 45.6792703], [21.82042, 45.6788722], [21.8202171, 45.6768516], [21.8198443, 45.673668], [21.819621, 45.6656557], [21.8194783, 45.6647032], [21.8194566, 45.6626952], [21.8192406, 45.6615165], [21.8191085, 45.659728], [21.8193156, 45.6584774], [21.8184813, 45.6495515], [21.8184443, 45.6467395], [21.8137211, 45.6412889], [21.8160395, 45.634031], [21.812301, 45.6300826], [21.8132617, 45.628109], [21.8139875, 45.6261567], [21.8134374, 45.6243736], [21.8127182, 45.6227183], [21.813412, 45.6195991], [21.8135342, 45.61813], [21.8140258, 45.6159709], [21.8139472, 45.6154082], [21.8141037, 45.6150332], [21.8141567, 45.61432], [21.8139278, 45.6138049], [21.8142223, 45.613382], [21.8142531, 45.6126241], [21.8148734, 45.6116585], [21.8161105, 45.6038107], [21.8186414, 45.5920641], [21.8190923, 45.588787], [21.8132807, 45.5861734], [21.8118164, 45.5856785], [21.8086078, 45.584091], [21.8061577, 45.583013], [21.8036108, 45.5821384], [21.8028114, 45.581676], [21.8020306, 45.5814097], [21.8010451, 45.5808138], [21.7984523, 45.5797004], [21.7980859, 45.580542], [21.7977767, 45.5808349], [21.7975194, 45.580793], [21.7972804, 45.5809367], [21.7975035, 45.581721], [21.7963369, 45.5825029], [21.7958201, 45.5823871], [21.792064, 45.5798833], [21.7893053, 45.5782253], [21.788114, 45.5772763], [21.7864663, 45.5761526], [21.7790619, 45.5715765], [21.7788654, 45.5713321], [21.7775437, 45.5705003], [21.7752498, 45.5698153], [21.7689058, 45.5622656], [21.7692316, 45.5619003], [21.769902, 45.5607219], [21.7702932, 45.5608165], [21.7704121, 45.5605878], [21.7708369, 45.5605581], [21.771536, 45.5601277], [21.771544, 45.5595291], [21.7717983, 45.55936], [21.7718758, 45.5591626], [21.771686, 45.5589165], [21.771708, 45.558764], [21.7723455, 45.5588285], [21.7730841, 45.5585152], [21.7707603, 45.557312], [21.7696808, 45.5564273], [21.7689373, 45.5556287], [21.7678765, 45.5553387], [21.767728, 45.5545568], [21.766919, 45.5536843], [21.7655046, 45.5528782], [21.7644784, 45.5526427], [21.7639995, 45.5522345], [21.7636446, 45.5520851], [21.7629926, 45.5513564], [21.7617384, 45.5511566], [21.7595783, 45.5512483], [21.7579253, 45.5510294], [21.7567741, 45.5506375], [21.7556722, 45.55049], [21.7548922, 45.5501475], [21.7541187, 45.5500372], [21.7533193, 45.549717], [21.7523371, 45.5496704], [21.7509059, 45.5482201], [21.7503451, 45.5472897], [21.7499907, 45.5469036], [21.750074, 45.5467203], [21.7495342, 45.5464542], [21.7489651, 45.5458594], [21.7487554, 45.5454867], [21.7485485, 45.5454065], [21.7487182, 45.5452164], [21.7486509, 45.5451217], [21.7478345, 45.544727], [21.747279, 45.5446361]]]]}}, {"id": "81", "type": "Feature", "properties": {"name": "Darova", "judet": "TIMI\u0218", "admin_level": "8", "wikidata": null, "place": "municipality", "osm_id": 13943248, "siruta": "156623", "siruta_score": null, "pop_total": 0, "gp_count": null, "nearest_school_m": 3417.284001369941, "nearest_gp_m": null, "nearest_er_m": 14563.667911722292, "school_score": 65.46737140900085, "gp_score": null, "hospital_score": 88.59083022069427, "composite_score": 73.17519101289865, "partial_data": true, "_color_composite": "#e8c8b8", "_color_school": "#e8c8b8", "_color_gp": "#9a9a9a", "_color_hospital": "#f5ecd9", "_display_color": "#e8c8b8"}, "geometry": {"type": "MultiPolygon", "coordinates": [[[[21.6672609, 45.5851134], [21.6740313, 45.5858951], [21.6744149, 45.5858434], [21.681415, 45.580487], [21.6860808, 45.5786677], [21.6875685, 45.5786257], [21.6887078, 45.5774578], [21.6910459, 45.5752033], [21.6938126, 45.573103], [21.6961527, 45.573212], [21.6997576, 45.5736627], [21.7020393, 45.5737472], [21.7016693, 45.5710557], [21.7009592, 45.5691714], [21.6984986, 45.5675197], [21.6994128, 45.5647859], [21.7001335, 45.563438], [21.7012015, 45.5625758], [21.7034544, 45.5617481], [21.7053338, 45.5615051], [21.7072341, 45.5609053], [21.7087181, 45.5601744], [21.7100051, 45.5599141], [21.7111516, 45.5606026], [21.7128907, 45.5613084], [21.7159665, 45.5623509], [21.7185868, 45.5624868], [21.7209566, 45.5625559], [21.7229948, 45.5624962], [21.7243907, 45.5618214], [21.7252648, 45.5613699], [21.7264171, 45.5605093], [21.7274917, 45.5595276], [21.7278926, 45.558467], [21.7283815, 45.5573494], [21.7294491, 45.5564865], [21.7310175, 45.555757], [21.7322369, 45.5551962], [21.7353994, 45.5547503], [21.737871, 45.5545229], [21.7404375, 45.5541196], [21.742263, 45.5533378], [21.7440142, 45.5523753], [21.7452644, 45.5512794], [21.7457771, 45.5497456], [21.7458632, 45.5482592], [21.7462169, 45.5465422], [21.7471569, 45.5448897], [21.747279, 45.5446361], [21.7478345, 45.544727], [21.7486509, 45.5451217], [21.7487182, 45.5452164], [21.7485485, 45.5454065], [21.7487554, 45.5454867], [21.7489651, 45.5458594], [21.7495342, 45.5464542], [21.750074, 45.5467203], [21.7499907, 45.5469036], [21.7503451, 45.5472897], [21.7509059, 45.5482201], [21.7523371, 45.5496704], [21.7533193, 45.549717], [21.7541187, 45.5500372], [21.7548922, 45.5501475], [21.7556722, 45.55049], [21.7567741, 45.5506375], [21.7579253, 45.5510294], [21.7595783, 45.5512483], [21.7617384, 45.5511566], [21.7629926, 45.5513564], [21.7636446, 45.5520851], [21.7639995, 45.5522345], [21.7644784, 45.5526427], [21.7655046, 45.5528782], [21.766919, 45.5536843], [21.767728, 45.5545568], [21.7678765, 45.5553387], [21.7689373, 45.5556287], [21.7696808, 45.5564273], [21.7707603, 45.557312], [21.7730841, 45.5585152], [21.7723455, 45.5588285], [21.771708, 45.558764], [21.771686, 45.5589165], [21.7718758, 45.5591626], [21.7717983, 45.55936], [21.771544, 45.5595291], [21.771536, 45.5601277], [21.7708369, 45.5605581], [21.7704121, 45.5605878], [21.7702932, 45.5608165], [21.769902, 45.5607219], [21.7692316, 45.5619003], [21.7689058, 45.5622656], [21.7752498, 45.5698153], [21.7775437, 45.5705003], [21.7788654, 45.5713321], [21.7790619, 45.5715765], [21.7864663, 45.5761526], [21.788114, 45.5772763], [21.7893053, 45.5782253], [21.792064, 45.5798833], [21.7958201, 45.5823871], [21.7963369, 45.5825029], [21.7975035, 45.581721], [21.7972804, 45.5809367], [21.7975194, 45.580793], [21.7977767, 45.5808349], [21.7980859, 45.580542], [21.7984523, 45.5797004], [21.8010451, 45.5808138], [21.8020306, 45.5814097], [21.8028114, 45.581676], [21.8036108, 45.5821384], [21.8061577, 45.583013], [21.8086078, 45.584091], [21.8118164, 45.5856785], [21.8132807, 45.5861734], [21.8190923, 45.588787], [21.8186414, 45.5920641], [21.8161105, 45.6038107], [21.8148734, 45.6116585], [21.8142531, 45.6126241], [21.8142223, 45.613382], [21.8139278, 45.6138049], [21.8141567, 45.61432], [21.8141037, 45.6150332], [21.8139472, 45.6154082], [21.8140258, 45.6159709], [21.8135342, 45.61813], [21.813412, 45.6195991], [21.8127182, 45.6227183], [21.8134374, 45.6243736], [21.8139875, 45.6261567], [21.8132617, 45.628109], [21.812301, 45.6300826], [21.8160395, 45.634031], [21.8137211, 45.6412889], [21.8184443, 45.6467395], [21.8184813, 45.6495515], [21.8193156, 45.6584774], [21.8191085, 45.659728], [21.8192406, 45.6615165], [21.8194566, 45.6626952], [21.8194783, 45.6647032], [21.819621, 45.6656557], [21.8198443, 45.673668], [21.8202171, 45.6768516], [21.82042, 45.6788722], [21.811143, 45.6779264], [21.7715098, 45.6741666], [21.7714103, 45.6741568], [21.7713361, 45.6741507], [21.7712735, 45.6741474], [21.7711942, 45.674143], [21.7711164, 45.6741411], [21.7710402, 45.6741417], [21.770964, 45.6741418], [21.770911, 45.6741446], [21.7708323, 45.6741526], [21.770753, 45.674165], [21.7706854, 45.6741782], [21.7706068, 45.6741954], [21.7705333, 45.6742149], [21.7689713, 45.6747143], [21.7686404, 45.6731855], [21.7735078, 45.6635085], [21.7752211, 45.6604477], [21.7769291, 45.6567746], [21.7788346, 45.6533115], [21.7702032, 45.6517406], [21.764984, 45.6511048], [21.7644515, 45.6509538], [21.76169, 45.6505282], [21.7547859, 45.6491296], [21.7538403, 45.6488592], [21.7498616, 45.6471924], [21.7473883, 45.6488882], [21.7468944, 45.6489081], [21.746398, 45.6493001], [21.7458595, 45.6493923], [21.7458046, 45.6497814], [21.7459699, 45.650273], [21.7458592, 45.6503718], [21.7455637, 45.6503124], [21.7452678, 45.6501228], [21.7450165, 45.6501382], [21.7447424, 45.6502663], [21.744702, 45.6504066], [21.7449331, 45.6506001], [21.7431993, 45.650409], [21.7377614, 45.6495053], [21.7374951, 45.6496392], [21.7350369, 45.6491544], [21.7330155, 45.6489095], [21.7320572, 45.648582], [21.7317055, 45.6486568], [21.7291059, 45.6482239], [21.7279111, 45.6479348], [21.7271392, 45.647873], [21.7241126, 45.6473332], [21.72349, 45.6473435], [21.723007, 45.6474542], [21.7194323, 45.6467554], [21.7182387, 45.6465851], [21.7179925, 45.6466516], [21.7169562, 45.6465538], [21.7163946, 45.6463507], [21.7161824, 45.6461125], [21.7155528, 45.6462415], [21.7123486, 45.6456945], [21.7121898, 45.6453728], [21.7118159, 45.6449996], [21.7109534, 45.6449691], [21.7105696, 45.6447655], [21.7099184, 45.6441635], [21.7092155, 45.6442377], [21.7069229, 45.6439393], [21.7055513, 45.6436391], [21.6997868, 45.6442553], [21.7004276, 45.6312036], [21.7006445, 45.6290456], [21.70058, 45.6253761], [21.6996751, 45.6251107], [21.6989566, 45.6251135], [21.6982801, 45.6249758], [21.6970441, 45.6246172], [21.6939982, 45.6236286], [21.6926758, 45.6230235], [21.6843906, 45.6183255], [21.6804853, 45.6154138], [21.6796875, 45.6146743], [21.6785371, 45.6139029], [21.678242, 45.6136957], [21.6779972, 45.6135366], [21.6776788, 45.6130028], [21.6774691, 45.6118666], [21.676531, 45.6091523], [21.6766837, 45.6090402], [21.6755906, 45.6071674], [21.6757565, 45.6064468], [21.674471, 45.6045074], [21.6744377, 45.6043474], [21.6747868, 45.6042293], [21.6745037, 45.6038678], [21.6734326, 45.6033232], [21.6730251, 45.6026384], [21.6721926, 45.6022224], [21.6717164, 45.6017634], [21.6711904, 45.6015925], [21.6706844, 45.6012358], [21.6705192, 45.6004631], [21.670753, 45.5996628], [21.6706675, 45.5989734], [21.6702962, 45.5985281], [21.6695085, 45.5981292], [21.6690596, 45.5968659], [21.6687767, 45.596545], [21.6689994, 45.5959711], [21.668643, 45.5951906], [21.6689457, 45.5948039], [21.66881, 45.593147], [21.669, 45.5927869], [21.6691452, 45.5919103], [21.6685245, 45.5903656], [21.6685731, 45.5903087], [21.6687603, 45.5904626], [21.6688113, 45.5903669], [21.6684885, 45.5893991], [21.6681039, 45.5887031], [21.6678026, 45.5885636], [21.6678006, 45.588258], [21.6674635, 45.5877821], [21.6675523, 45.5867502], [21.6672609, 45.5851134]]]]}}, {"id": "82", "type": "Feature", "properties": {"name": "Boldur", "judet": "TIMI\u0218", "admin_level": "8", "wikidata": null, "place": "municipality", "osm_id": 13943249, "siruta": "156106", "siruta_score": null, "pop_total": 0, "gp_count": null, "nearest_school_m": 2658.1153041882026, "nearest_gp_m": null, "nearest_er_m": 11952.49484113749, "school_score": 76.31263851159711, "gp_score": null, "hospital_score": 95.11876289715626, "composite_score": 82.58134664011682, "partial_data": true, "_color_composite": "#f5ecd9", "_color_school": "#e8c8b8", "_color_gp": "#9a9a9a", "_color_hospital": "#f5ecd9", "_display_color": "#f5ecd9"}, "geometry": {"type": "MultiPolygon", "coordinates": [[[[21.6573524, 45.6452615], [21.6585581, 45.6402951], [21.6584774, 45.6398742], [21.6580869, 45.6393682], [21.6590339, 45.637477], [21.6585362, 45.6372063], [21.6586384, 45.6369677], [21.6606765, 45.6335207], [21.66084, 45.632726], [21.661994, 45.6311723], [21.6626306, 45.6299636], [21.6627515, 45.6296687], [21.6626884, 45.6289571], [21.66326, 45.6285359], [21.6635347, 45.6280409], [21.6643359, 45.6272749], [21.6643694, 45.6270538], [21.6658337, 45.6248874], [21.6675859, 45.6217889], [21.6682066, 45.6202959], [21.6694635, 45.6184494], [21.6696885, 45.6184348], [21.671808, 45.6174536], [21.6775053, 45.6144488], [21.6785371, 45.6139029], [21.6796875, 45.6146743], [21.6804853, 45.6154138], [21.6843906, 45.6183255], [21.6926758, 45.6230235], [21.6939982, 45.6236286], [21.6970441, 45.6246172], [21.6982801, 45.6249758], [21.6989566, 45.6251135], [21.6996751, 45.6251107], [21.70058, 45.6253761], [21.7006445, 45.6290456], [21.7004276, 45.6312036], [21.6997868, 45.6442553], [21.7055513, 45.6436391], [21.7069229, 45.6439393], [21.7092155, 45.6442377], [21.7099184, 45.6441635], [21.7105696, 45.6447655], [21.7109534, 45.6449691], [21.7118159, 45.6449996], [21.7121898, 45.6453728], [21.7123486, 45.6456945], [21.7155528, 45.6462415], [21.7161824, 45.6461125], [21.7163946, 45.6463507], [21.7169562, 45.6465538], [21.7179925, 45.6466516], [21.7182387, 45.6465851], [21.7194323, 45.6467554], [21.723007, 45.6474542], [21.72349, 45.6473435], [21.7241126, 45.6473332], [21.7271392, 45.647873], [21.7279111, 45.6479348], [21.7291059, 45.6482239], [21.7317055, 45.6486568], [21.7320572, 45.648582], [21.7330155, 45.6489095], [21.7350369, 45.6491544], [21.7374951, 45.6496392], [21.7377614, 45.6495053], [21.7431993, 45.650409], [21.7449331, 45.6506001], [21.744702, 45.6504066], [21.7447424, 45.6502663], [21.7450165, 45.6501382], [21.7452678, 45.6501228], [21.7455637, 45.6503124], [21.7458592, 45.6503718], [21.7459699, 45.650273], [21.7458046, 45.6497814], [21.7458595, 45.6493923], [21.746398, 45.6493001], [21.7468944, 45.6489081], [21.7473883, 45.6488882], [21.7498616, 45.6471924], [21.7538403, 45.6488592], [21.7547859, 45.6491296], [21.76169, 45.6505282], [21.7644515, 45.6509538], [21.764984, 45.6511048], [21.7702032, 45.6517406], [21.7788346, 45.6533115], [21.7769291, 45.6567746], [21.7752211, 45.6604477], [21.7735078, 45.6635085], [21.7686404, 45.6731855], [21.7689713, 45.6747143], [21.7705333, 45.6742149], [21.7706068, 45.6741954], [21.7706854, 45.6741782], [21.770753, 45.674165], [21.7708323, 45.6741526], [21.770911, 45.6741446], [21.770964, 45.6741418], [21.7710402, 45.6741417], [21.7711164, 45.6741411], [21.7711942, 45.674143], [21.7712735, 45.6741474], [21.7713361, 45.6741507], [21.7714103, 45.6741568], [21.7715098, 45.6741666], [21.811143, 45.6779264], [21.82042, 45.6788722], [21.8252237, 45.6792703], [21.8250477, 45.6795316], [21.8219286, 45.6824374], [21.8261644, 45.687744], [21.8299816, 45.6928124], [21.8352884, 45.6912149], [21.8402561, 45.6979468], [21.8430875, 45.7015624], [21.8445852, 45.7037256], [21.8393733, 45.7054171], [21.8375551, 45.7070789], [21.8282993, 45.713705], [21.8271394, 45.7143352], [21.8294215, 45.7158921], [21.8213235, 45.7213546], [21.8121572, 45.7279248], [21.8116952, 45.7279401], [21.8111395, 45.7273301], [21.8084205, 45.7250478], [21.8077201, 45.723983], [21.8066629, 45.7231197], [21.8061367, 45.7224199], [21.8058967, 45.722232], [21.805428, 45.7220829], [21.8048237, 45.7220433], [21.8030629, 45.7221412], [21.8021107, 45.7226152], [21.801578, 45.7230192], [21.8008527, 45.7238198], [21.8002076, 45.7243508], [21.7996455, 45.7247031], [21.7987322, 45.7250422], [21.79792, 45.7252401], [21.7956239, 45.725504], [21.7932542, 45.725607], [21.7931343, 45.7255804], [21.7918694, 45.7255602], [21.7903022, 45.726225], [21.789303, 45.7268793], [21.7885212, 45.7277296], [21.7867517, 45.729014], [21.7857178, 45.7294001], [21.7829546, 45.7298355], [21.7825977, 45.7299783], [21.7807455, 45.731231], [21.7797774, 45.7324004], [21.7792834, 45.7327985], [21.7788503, 45.7330381], [21.7779177, 45.7332542], [21.7757656, 45.7332327], [21.774572, 45.7328151], [21.7743821, 45.7326661], [21.7731135, 45.7321652], [21.7722281, 45.7319892], [21.7714337, 45.7319528], [21.7691917, 45.7324519], [21.7670268, 45.7333078], [21.7657017, 45.7336341], [21.7617284, 45.7336201], [21.7589336, 45.7338358], [21.7549401, 45.7345142], [21.752911, 45.7349962], [21.7517414, 45.7351212], [21.7501367, 45.7351081], [21.7484276, 45.7349693], [21.7478258, 45.735093], [21.7462625, 45.7350843], [21.7445901, 45.7354347], [21.7411189, 45.7355917], [21.7397698, 45.7358928], [21.737677, 45.7365469], [21.7354271, 45.7368418], [21.7340448, 45.7372858], [21.7332931, 45.7372254], [21.7318403, 45.737392], [21.7295629, 45.7372541], [21.7284561, 45.7373547], [21.7251283, 45.7379224], [21.7223722, 45.7381044], [21.7199354, 45.7380472], [21.71908, 45.7379251], [21.7167242, 45.7379364], [21.7181086, 45.7330506], [21.7225916, 45.7182525], [21.7223757, 45.7118505], [21.7270207, 45.7115152], [21.727398, 45.7113084], [21.728326, 45.7098443], [21.7292434, 45.7090753], [21.7232923, 45.706283], [21.722797, 45.7062034], [21.717209, 45.7065955], [21.7163173, 45.7030107], [21.7122889, 45.7010305], [21.7111073, 45.7013142], [21.7106367, 45.7016013], [21.7080606, 45.7025062], [21.7077576, 45.7024459], [21.7027362, 45.7001254], [21.7012775, 45.7001176], [21.6991269, 45.7006136], [21.6974366, 45.7005818], [21.6966857, 45.7002164], [21.698016, 45.6992843], [21.6984253, 45.6987894], [21.7000249, 45.6964669], [21.7063946, 45.6864452], [21.7069748, 45.6863761], [21.7077555, 45.6858429], [21.7078206, 45.6855699], [21.7076328, 45.6852209], [21.7073836, 45.6838306], [21.7076076, 45.6831499], [21.708061, 45.6825744], [21.7091511, 45.6817555], [21.7091651, 45.6813092], [21.7106714, 45.6807084], [21.7107784, 45.6805569], [21.7088678, 45.677197], [21.7088096, 45.6769376], [21.7098177, 45.6741749], [21.7100684, 45.6738729], [21.7098246, 45.6734293], [21.7092249, 45.670706], [21.6981251, 45.6707725], [21.6974843, 45.670625], [21.6971391, 45.6704518], [21.6919057, 45.6649106], [21.6828692, 45.655965], [21.6761893, 45.650161], [21.6758209, 45.6499699], [21.6740513, 45.6494854], [21.6573524, 45.6452615]]]]}}, {"id": "83", "type": "Feature", "properties": {"name": "M\u0103n\u0103\u0219tiur", "judet": "TIMI\u0218", "admin_level": "8", "wikidata": null, "place": "municipality", "osm_id": 13943282, "siruta": "157736", "siruta_score": null, "pop_total": 0, "gp_count": null, "nearest_school_m": 764.9797671591468, "nearest_gp_m": null, "nearest_er_m": 9889.046227608693, "school_score": 100.0, "gp_score": null, "hospital_score": 100.0, "composite_score": 100.0, "partial_data": true, "_color_composite": "#f5ecd9", "_color_school": "#f5ecd9", "_color_gp": "#9a9a9a", "_color_hospital": "#f5ecd9", "_display_color": "#f5ecd9"}, "geometry": {"type": "MultiPolygon", "coordinates": [[[[22.0196699, 45.8781734], [22.0194139, 45.8776869], [22.0194689, 45.8769809], [22.0200761, 45.8764435], [22.0201829, 45.8760274], [22.0200352, 45.8758617], [22.0202769, 45.8758812], [22.0203927, 45.8757956], [22.0207344, 45.8741919], [22.0211473, 45.873212], [22.0213624, 45.8729683], [22.0216731, 45.8719399], [22.0219597, 45.8715898], [22.0221852, 45.8708369], [22.0230887, 45.8691843], [22.0233432, 45.8685544], [22.0233599, 45.8681549], [22.0234878, 45.8682095], [22.0238353, 45.8678107], [22.0244753, 45.8676404], [22.024731, 45.867427], [22.0248499, 45.8670504], [22.0251643, 45.8669033], [22.0252368, 45.8664773], [22.0255365, 45.8660968], [22.0259726, 45.8644619], [22.0265352, 45.863612], [22.0269693, 45.8633057], [22.0278309, 45.8611625], [22.0266934, 45.8603084], [22.0262123, 45.8595095], [22.0259462, 45.859359], [22.0254317, 45.8578987], [22.0257377, 45.8575067], [22.0256289, 45.8571325], [22.0257297, 45.85663], [22.0255043, 45.8562317], [22.0256038, 45.8558572], [22.025451, 45.8556389], [22.025607, 45.855333], [22.0255114, 45.8549151], [22.0259602, 45.8543124], [22.0258818, 45.8542359], [22.0257054, 45.854306], [22.0256436, 45.8542316], [22.0257087, 45.8539883], [22.0260649, 45.8538866], [22.0267091, 45.8530979], [22.0266503, 45.8526636], [22.0267352, 45.8524981], [22.0265714, 45.8523771], [22.0267555, 45.8513251], [22.0265524, 45.8506872], [22.0270133, 45.8499183], [22.0269374, 45.8496319], [22.0263912, 45.8492186], [22.0265671, 45.8485991], [22.0263663, 45.8484306], [22.026391, 45.8475694], [22.0266508, 45.847313], [22.0270775, 45.8472901], [22.0267966, 45.8469732], [22.026901, 45.8464409], [22.0267287, 45.8458527], [22.0269583, 45.8451398], [22.0264279, 45.8448861], [22.0265175, 45.8447441], [22.0264374, 45.8444182], [22.0265931, 45.8443479], [22.0264888, 45.8441966], [22.0268308, 45.8439381], [22.0269783, 45.8434602], [22.0274751, 45.8433755], [22.0276402, 45.8431867], [22.0276421, 45.8429235], [22.0273941, 45.8429574], [22.0272381, 45.842862], [22.0273492, 45.8426038], [22.027564, 45.8424502], [22.0274179, 45.8422657], [22.0274582, 45.8421506], [22.0275691, 45.8419883], [22.0278784, 45.8418638], [22.0278068, 45.8416074], [22.0280391, 45.8410539], [22.0298249, 45.8409291], [22.0328095, 45.8412586], [22.033775, 45.8370296], [22.0334017, 45.8368383], [22.0330717, 45.8363863], [22.0337006, 45.8320841], [22.0337289, 45.8319265], [22.0342036, 45.8322363], [22.0350249, 45.8321862], [22.0358523, 45.8325056], [22.036175, 45.8324227], [22.0364341, 45.8318257], [22.0368738, 45.8313605], [22.0371351, 45.8312561], [22.0374698, 45.8312687], [22.0382177, 45.8311015], [22.0383985, 45.8313365], [22.0383354, 45.8316685], [22.0386379, 45.8318591], [22.038661, 45.8316373], [22.0397649, 45.8316815], [22.0400495, 45.828071], [22.0402005, 45.8238371], [22.0400293, 45.8237617], [22.0402274, 45.821095], [22.040587, 45.8197059], [22.0410998, 45.8161444], [22.0470965, 45.8165181], [22.0473044, 45.8148834], [22.0554152, 45.8115198], [22.0559313, 45.8122226], [22.0595133, 45.8162314], [22.05985, 45.8164072], [22.0608434, 45.8166346], [22.0612258, 45.8166394], [22.0615056, 45.8162607], [22.0621855, 45.8162328], [22.0627047, 45.816448], [22.0630316, 45.816385], [22.0633955, 45.8161219], [22.0637533, 45.8162497], [22.0644156, 45.8160776], [22.0647259, 45.8161461], [22.0648495, 45.816061], [22.0648286, 45.815841], [22.0651265, 45.8157717], [22.0652701, 45.8159923], [22.0654937, 45.8157887], [22.0653245, 45.8154388], [22.0654271, 45.8154086], [22.0658001, 45.8155897], [22.0660964, 45.8155141], [22.0662372, 45.8152403], [22.0664716, 45.8152438], [22.0668572, 45.8150054], [22.0671084, 45.8146209], [22.0677016, 45.8142527], [22.0681311, 45.814458], [22.0682076, 45.814238], [22.0690263, 45.8143171], [22.0693671, 45.8141793], [22.0715476, 45.8144148], [22.0725204, 45.8137979], [22.0727386, 45.8137008], [22.0744011, 45.8152877], [22.0726937, 45.8167205], [22.0721627, 45.8177286], [22.0713311, 45.8183358], [22.0732493, 45.8187514], [22.0728422, 45.8199574], [22.0727715, 45.8203411], [22.0729015, 45.8204922], [22.081945, 45.8227017], [22.081517, 45.8235725], [22.0820221, 45.828228], [22.0819344, 45.8292391], [22.0820304, 45.8293579], [22.0823519, 45.8294089], [22.082786, 45.8296388], [22.083108, 45.8295057], [22.0832127, 45.82955], [22.0822306, 45.8310438], [22.0826185, 45.8316976], [22.082949, 45.8317435], [22.0834891, 45.8314208], [22.0837488, 45.8314565], [22.0837476, 45.8315935], [22.0831789, 45.8319929], [22.0833005, 45.8320542], [22.0827113, 45.8332023], [22.0833456, 45.8333515], [22.0820503, 45.83593], [22.0815965, 45.837329], [22.081141, 45.8381846], [22.0810213, 45.8387673], [22.0798558, 45.8411286], [22.07902, 45.8425425], [22.0786784, 45.8434997], [22.0782519, 45.8441493], [22.0775677, 45.8456215], [22.0753637, 45.8485743], [22.0746323, 45.8493656], [22.0740912, 45.8502698], [22.0730745, 45.8513845], [22.0728059, 45.8518553], [22.0715078, 45.8532123], [22.0710651, 45.8538282], [22.070708, 45.8539648], [22.0700715, 45.8544179], [22.0700619, 45.8546193], [22.0741701, 45.8546541], [22.0703876, 45.8658895], [22.0811989, 45.8677508], [22.0815282, 45.867812], [22.0814818, 45.8680549], [22.0818777, 45.8681854], [22.0818097, 45.8685261], [22.082006, 45.8688998], [22.0818428, 45.8689514], [22.0812964, 45.8687112], [22.0812491, 45.8691919], [22.081625, 45.869416], [22.0817132, 45.8696237], [22.0811141, 45.8701657], [22.0814973, 45.8702756], [22.081845, 45.8702453], [22.0818648, 45.8704095], [22.0821767, 45.8704267], [22.0824693, 45.8700634], [22.0827165, 45.8704281], [22.0832428, 45.8706889], [22.0830963, 45.8708318], [22.0827112, 45.8708137], [22.0831496, 45.871112], [22.0831431, 45.8712086], [22.0826897, 45.87145], [22.0827915, 45.8715105], [22.0829264, 45.871421], [22.0830025, 45.8714997], [22.0830783, 45.8720206], [22.0828595, 45.87218], [22.0832666, 45.8724454], [22.0828087, 45.872631], [22.0829593, 45.8728718], [22.0825498, 45.8732272], [22.0827835, 45.8736062], [22.0825577, 45.8737354], [22.0826269, 45.8738902], [22.0823195, 45.8739363], [22.0822932, 45.8740286], [22.0824981, 45.8742978], [22.0823761, 45.8745766], [22.0824688, 45.8746929], [22.0821995, 45.8749972], [22.0824422, 45.875177], [22.0823094, 45.8754068], [22.0824042, 45.8756365], [22.0820417, 45.875843], [22.0820151, 45.8762143], [22.0814262, 45.8763708], [22.0805881, 45.8758931], [22.0802837, 45.8761432], [22.0798536, 45.8761202], [22.0796706, 45.8764255], [22.0787236, 45.8767842], [22.0785491, 45.8769286], [22.0784592, 45.8772883], [22.0781977, 45.8773288], [22.0781171, 45.8774433], [22.0783344, 45.8778447], [22.0780364, 45.877971], [22.0783232, 45.8780577], [22.0783452, 45.8782467], [22.0781579, 45.8783634], [22.0780756, 45.8786465], [22.0779283, 45.8787444], [22.0776311, 45.8786306], [22.0774091, 45.8787315], [22.0771382, 45.8790197], [22.0767646, 45.8790994], [22.0766915, 45.8793388], [22.0763136, 45.8796351], [22.0765836, 45.8801083], [22.0765231, 45.880449], [22.0768058, 45.8805455], [22.0766963, 45.8808814], [22.0770537, 45.8810419], [22.0767966, 45.8817464], [22.0772102, 45.882124], [22.0768172, 45.8824364], [22.0767755, 45.8830315], [22.0773168, 45.883276], [22.0772942, 45.8836464], [22.0778061, 45.8837091], [22.0777506, 45.8838193], [22.0774706, 45.8838741], [22.0773954, 45.8840879], [22.0778366, 45.8842108], [22.0780745, 45.8845474], [22.0776542, 45.8847027], [22.077427, 45.8852263], [22.0768779, 45.8856016], [22.0770228, 45.8863039], [22.0775516, 45.8865184], [22.0775468, 45.88661], [22.0771414, 45.8866839], [22.0769907, 45.8868487], [22.0772078, 45.887193], [22.077133, 45.8875358], [22.0774022, 45.8876196], [22.0777596, 45.8874428], [22.0779775, 45.887488], [22.0777076, 45.8877564], [22.0775788, 45.8882064], [22.0775951, 45.8883356], [22.0778693, 45.8883828], [22.0779675, 45.8886167], [22.0782578, 45.8887972], [22.0781896, 45.8892179], [22.0787961, 45.8894145], [22.0794851, 45.8892471], [22.0796239, 45.8895685], [22.0798726, 45.8896634], [22.0794862, 45.8899955], [22.0792505, 45.8905304], [22.079109, 45.8910298], [22.0794153, 45.8912348], [22.0790248, 45.8912047], [22.0790299, 45.8916288], [22.078454, 45.891948], [22.0781162, 45.8920118], [22.0773425, 45.8931176], [22.077281, 45.8934098], [22.0767778, 45.8937711], [22.0766421, 45.8940493], [22.0765904, 45.8943739], [22.0768589, 45.8949702], [22.0767263, 45.8955181], [22.0768287, 45.8956535], [22.0766725, 45.8957742], [22.0766223, 45.8965115], [22.0762707, 45.8966192], [22.0763883, 45.8983303], [22.0758492, 45.8995857], [22.0755573, 45.9010808], [22.074754, 45.9025231], [22.0748004, 45.9037243], [22.0746635, 45.9042439], [22.074873, 45.9061696], [22.0745876, 45.9077597], [22.0746707, 45.9084927], [22.0744604, 45.9092035], [22.0745726, 45.9099215], [22.0743148, 45.911985], [22.0743415, 45.9129031], [22.0742796, 45.9129819], [22.0731689, 45.9130019], [22.0696578, 45.9128716], [22.0694742, 45.9128477], [22.0680527, 45.9128495], [22.0414258, 45.9128192], [22.0407883, 45.9127454], [22.0382564, 45.9128691], [22.0376203, 45.9126814], [22.0364665, 45.9127504], [22.0351168, 45.9125868], [22.0334415, 45.912586], [22.0321897, 45.9126392], [22.0319441, 45.9133162], [22.0313031, 45.9131938], [22.0311112, 45.9131057], [22.031034, 45.9129238], [22.0287283, 45.9124413], [22.0285028, 45.9125613], [22.0280507, 45.9132071], [22.0275966, 45.9135055], [22.0267242, 45.9147434], [22.0267348, 45.9143031], [22.0257672, 45.9149859], [22.0254422, 45.9150382], [22.0248035, 45.9147136], [22.0249458, 45.9145217], [22.0250944, 45.9145143], [22.0254035, 45.9147], [22.0259187, 45.9143425], [22.0251006, 45.9133107], [22.0252214, 45.9130379], [22.0258273, 45.9126738], [22.0257704, 45.912533], [22.0249718, 45.9123436], [22.0219305, 45.9123046], [22.0205725, 45.9122261], [22.0203556, 45.9121011], [22.0202236, 45.9093528], [22.0205097, 45.9084862], [22.0204964, 45.9076359], [22.0208102, 45.9069343], [22.0210194, 45.905442], [22.0214568, 45.9041861], [22.0223002, 45.9027174], [22.0226339, 45.9027503], [22.0233085, 45.9018154], [22.0234594, 45.9011575], [22.0244254, 45.8999638], [22.0252139, 45.8984528], [22.0258127, 45.897637], [22.0258706, 45.8963435], [22.0254069, 45.895282], [22.025339, 45.8937385], [22.0251707, 45.8932095], [22.0255628, 45.892932], [22.0254455, 45.8928178], [22.0252182, 45.8928258], [22.0250718, 45.8927331], [22.0246026, 45.891004], [22.0243885, 45.8901556], [22.0242392, 45.8879292], [22.0238656, 45.8863676], [22.0230825, 45.8859601], [22.0232172, 45.8849645], [22.0219473, 45.8814274], [22.0208045, 45.8789042], [22.020861, 45.878672], [22.0196699, 45.8781734]]]]}}, {"id": "84", "type": "Feature", "properties": {"name": "Dumbrava", "judet": "TIMI\u0218", "admin_level": "8", "wikidata": null, "place": "municipality", "osm_id": 13943283, "siruta": "156767", "siruta_score": null, "pop_total": 0, "gp_count": null, "nearest_school_m": 1154.8313704224777, "nearest_gp_m": null, "nearest_er_m": 5855.060334100187, "school_score": 97.78812327967889, "gp_score": null, "hospital_score": 100.0, "composite_score": 98.52541551978592, "partial_data": true, "_color_composite": "#f5ecd9", "_color_school": "#f5ecd9", "_color_gp": "#9a9a9a", "_color_hospital": "#f5ecd9", "_display_color": "#f5ecd9"}, "geometry": {"type": "MultiPolygon", "coordinates": [[[[22.0727386, 45.8137008], [22.0718032, 45.8122082], [22.0714502, 45.8111589], [22.0715314, 45.8100786], [22.0719764, 45.8087785], [22.0772381, 45.8070328], [22.076355, 45.8048715], [22.0856209, 45.796487], [22.0998562, 45.7863752], [22.1020841, 45.7871463], [22.106653, 45.7889859], [22.115354, 45.7840508], [22.116468, 45.7828456], [22.1184478, 45.7811047], [22.1190802, 45.7806151], [22.1197862, 45.7802302], [22.1203212, 45.7796276], [22.120729, 45.7795224], [22.1216164, 45.7785952], [22.1227113, 45.7777565], [22.123444, 45.7763059], [22.1258094, 45.7752525], [22.126678, 45.7745722], [22.1291003, 45.7741686], [22.1305881, 45.7740302], [22.1364614, 45.7727609], [22.1382849, 45.7733408], [22.1395379, 45.773544], [22.141926, 45.7745549], [22.1480235, 45.7776428], [22.1507836, 45.7791625], [22.1515604, 45.7790538], [22.1522845, 45.7789525], [22.1531638, 45.7790591], [22.1540777, 45.7788539], [22.1572095, 45.7793018], [22.1576849, 45.7798413], [22.1591375, 45.780581], [22.1594595, 45.7810255], [22.1599027, 45.7812841], [22.1622076, 45.7821548], [22.1639429, 45.7822827], [22.164933, 45.7827763], [22.1658459, 45.7827524], [22.1665417, 45.7829912], [22.1670427, 45.7830297], [22.1682689, 45.7829104], [22.1692575, 45.782518], [22.170424, 45.7826577], [22.171664, 45.7831835], [22.1731769, 45.783053], [22.1735646, 45.7829388], [22.173966, 45.7831051], [22.1744033, 45.7834808], [22.1764641, 45.7839878], [22.1776217, 45.7841207], [22.1785882, 45.7841641], [22.1791222, 45.78406], [22.1805672, 45.7836658], [22.1813096, 45.7833519], [22.1821254, 45.7819745], [22.1830022, 45.7808432], [22.1834189, 45.7805213], [22.1852881, 45.7796555], [22.1859415, 45.7801797], [22.2034878, 45.7892302], [22.209245, 45.7923041], [22.2112421, 45.7933693], [22.2111145, 45.7940773], [22.2106176, 45.794566], [22.2099163, 45.7952558], [22.2096682, 45.7956842], [22.2093785, 45.796996], [22.2093283, 45.7980169], [22.2099093, 45.8004246], [22.2098822, 45.8018994], [22.2104233, 45.8036524], [22.2076267, 45.8036182], [22.2014961, 45.8033373], [22.1996104, 45.8032441], [22.1985266, 45.8030765], [22.1981288, 45.8042573], [22.1967611, 45.8057272], [22.1951224, 45.8062331], [22.1938005, 45.8063501], [22.1934401, 45.8064998], [22.192636, 45.8069499], [22.1920146, 45.80761], [22.1918271, 45.8081481], [22.191201, 45.8085673], [22.1888857, 45.8091127], [22.188104, 45.8091169], [22.1874139, 45.8093054], [22.1870371, 45.8101125], [22.1865057, 45.8106515], [22.1858026, 45.8109988], [22.1775988, 45.8076303], [22.1715959, 45.8148865], [22.1699971, 45.8165865], [22.1657444, 45.8148399], [22.1631467, 45.8178664], [22.1588774, 45.8160965], [22.1591013, 45.815834], [22.1580542, 45.815348], [22.1528212, 45.8131611], [22.1504313, 45.8157691], [22.1488247, 45.8178773], [22.1456035, 45.8216919], [22.1427085, 45.8207946], [22.1410866, 45.8201783], [22.1347477, 45.8277809], [22.132346, 45.8306018], [22.1320519, 45.8308114], [22.1305108, 45.8330207], [22.128538, 45.8355113], [22.1242212, 45.835766], [22.1242225, 45.8359384], [22.1244524, 45.8361631], [22.1242847, 45.8362271], [22.1240904, 45.8393997], [22.1241795, 45.840772], [22.1240737, 45.843131], [22.1245233, 45.8431802], [22.1249773, 45.8430381], [22.1248427, 45.8426665], [22.1252377, 45.84239], [22.1255177, 45.8423561], [22.1261115, 45.8424836], [22.1267362, 45.8424379], [22.1270537, 45.842671], [22.1275041, 45.8435929], [22.1268945, 45.8437719], [22.1261008, 45.8436854], [22.1252336, 45.8439697], [22.1245423, 45.8449763], [22.1222629, 45.8501825], [22.1192908, 45.8493771], [22.1167457, 45.8532089], [22.1161915, 45.854248], [22.1160483, 45.8554981], [22.1161465, 45.8558915], [22.1170805, 45.8562953], [22.1164396, 45.8572266], [22.116653, 45.8574297], [22.1161478, 45.8580286], [22.1164594, 45.8582834], [22.1168924, 45.8581885], [22.1171716, 45.8582646], [22.1172108, 45.8583989], [22.1169119, 45.8585753], [22.1169999, 45.8586558], [22.1173426, 45.8586506], [22.1173769, 45.8587527], [22.1171955, 45.8588217], [22.117021, 45.8591392], [22.1173484, 45.8591751], [22.117592, 45.8599401], [22.1180121, 45.860222], [22.117999, 45.8606034], [22.1168511, 45.860636], [22.1139916, 45.8596973], [22.1134887, 45.8602157], [22.1117391, 45.8639625], [22.1084359, 45.8702544], [22.1086261, 45.8705646], [22.1094402, 45.8711502], [22.1096679, 45.872413], [22.1012683, 45.8710424], [22.098982, 45.8705772], [22.0954358, 45.8700658], [22.0940712, 45.8696997], [22.0926036, 45.8694786], [22.0920905, 45.8692651], [22.0888266, 45.8690944], [22.0821957, 45.8677962], [22.0821261, 45.8679339], [22.0815282, 45.867812], [22.0811989, 45.8677508], [22.0703876, 45.8658895], [22.0741701, 45.8546541], [22.0700619, 45.8546193], [22.0700715, 45.8544179], [22.070708, 45.8539648], [22.0710651, 45.8538282], [22.0715078, 45.8532123], [22.0728059, 45.8518553], [22.0730745, 45.8513845], [22.0740912, 45.8502698], [22.0746323, 45.8493656], [22.0753637, 45.8485743], [22.0775677, 45.8456215], [22.0782519, 45.8441493], [22.0786784, 45.8434997], [22.07902, 45.8425425], [22.0798558, 45.8411286], [22.0810213, 45.8387673], [22.081141, 45.8381846], [22.0815965, 45.837329], [22.0820503, 45.83593], [22.0833456, 45.8333515], [22.0827113, 45.8332023], [22.0833005, 45.8320542], [22.0831789, 45.8319929], [22.0837476, 45.8315935], [22.0837488, 45.8314565], [22.0834891, 45.8314208], [22.082949, 45.8317435], [22.0826185, 45.8316976], [22.0822306, 45.8310438], [22.0832127, 45.82955], [22.083108, 45.8295057], [22.082786, 45.8296388], [22.0823519, 45.8294089], [22.0820304, 45.8293579], [22.0819344, 45.8292391], [22.0820221, 45.828228], [22.081517, 45.8235725], [22.081945, 45.8227017], [22.0729015, 45.8204922], [22.0727715, 45.8203411], [22.0728422, 45.8199574], [22.0732493, 45.8187514], [22.0713311, 45.8183358], [22.0721627, 45.8177286], [22.0726937, 45.8167205], [22.0744011, 45.8152877], [22.0727386, 45.8137008]]]]}}, {"id": "85", "type": "Feature", "properties": {"name": "Traian Vuia", "judet": "TIMI\u0218", "admin_level": "8", "wikidata": null, "place": "municipality", "osm_id": 13943284, "siruta": "159071", "siruta_score": null, "pop_total": 0, "gp_count": null, "nearest_school_m": 983.3836690928736, "nearest_gp_m": null, "nearest_er_m": 12990.8552638317, "school_score": 100.0, "gp_score": null, "hospital_score": 92.52286184042076, "composite_score": 97.50762061347358, "partial_data": true, "_color_composite": "#f5ecd9", "_color_school": "#f5ecd9", "_color_gp": "#9a9a9a", "_color_hospital": "#f5ecd9", "_display_color": "#f5ecd9"}, "geometry": {"type": "MultiPolygon", "coordinates": [[[[21.9774044, 45.7649994], [21.9786288, 45.7644363], [21.979811, 45.7635774], [21.9808935, 45.763113], [21.982144, 45.7613519], [21.9835056, 45.7601885], [21.9842317, 45.7590709], [21.9844904, 45.7582696], [21.9866384, 45.7571885], [21.9885884, 45.7565049], [21.9901025, 45.754513], [21.9914216, 45.7531923], [21.9924798, 45.7522955], [21.9928997, 45.7520372], [21.9944916, 45.7514416], [21.9952375, 45.751312], [21.9957254, 45.7503312], [21.9961487, 45.7502447], [21.9964171, 45.750292], [21.9966377, 45.7504671], [21.9968075, 45.7509591], [21.9974893, 45.7517809], [21.9982978, 45.7524189], [21.9990046, 45.7527542], [21.9996248, 45.7529135], [22.0055728, 45.7533252], [22.0066236, 45.7535832], [22.0077326, 45.7540383], [22.0107718, 45.7558858], [22.0126775, 45.7580258], [22.0157309, 45.7598988], [22.017268, 45.7560442], [22.0207964, 45.7480641], [22.0210504, 45.747489], [22.02943, 45.7482929], [22.0311828, 45.7485314], [22.0353599, 45.7488559], [22.0358778, 45.7489773], [22.0387761, 45.7491628], [22.0420579, 45.749507], [22.0442286, 45.7495741], [22.0676507, 45.7518009], [22.0674054, 45.7536056], [22.0676605, 45.7547757], [22.069607, 45.7603387], [22.0704544, 45.7624064], [22.0713423, 45.7650262], [22.071595, 45.76623], [22.0721572, 45.7668615], [22.0723281, 45.767335], [22.0727664, 45.7674567], [22.0768282, 45.7696128], [22.0819237, 45.7719695], [22.0823886, 45.7720582], [22.0838595, 45.7680621], [22.0845527, 45.7667617], [22.086895, 45.7609343], [22.087864, 45.7579094], [22.0891524, 45.7548079], [22.0892007, 45.7545683], [22.0889732, 45.7539805], [22.0895868, 45.7533652], [22.0895539, 45.7530332], [22.0898639, 45.7527251], [22.0904175, 45.7524232], [22.0906197, 45.7519819], [22.0919443, 45.7507815], [22.0926094, 45.7503137], [22.0948739, 45.7500654], [22.0961031, 45.7498096], [22.1005229, 45.7492048], [22.1098231, 45.7478905], [22.1166794, 45.7554517], [22.1199135, 45.7599344], [22.1222672, 45.7645282], [22.1234024, 45.767619], [22.126678, 45.7745722], [22.1258094, 45.7752525], [22.123444, 45.7763059], [22.1227113, 45.7777565], [22.1216164, 45.7785952], [22.120729, 45.7795224], [22.1203212, 45.7796276], [22.1197862, 45.7802302], [22.1190802, 45.7806151], [22.1184478, 45.7811047], [22.116468, 45.7828456], [22.115354, 45.7840508], [22.106653, 45.7889859], [22.1020841, 45.7871463], [22.0998562, 45.7863752], [22.0856209, 45.796487], [22.076355, 45.8048715], [22.0772381, 45.8070328], [22.0719764, 45.8087785], [22.0715314, 45.8100786], [22.0714502, 45.8111589], [22.0718032, 45.8122082], [22.0727386, 45.8137008], [22.0725204, 45.8137979], [22.0715476, 45.8144148], [22.0693671, 45.8141793], [22.0690263, 45.8143171], [22.0682076, 45.814238], [22.0681311, 45.814458], [22.0677016, 45.8142527], [22.0671084, 45.8146209], [22.0668572, 45.8150054], [22.0664716, 45.8152438], [22.0662372, 45.8152403], [22.0660964, 45.8155141], [22.0658001, 45.8155897], [22.0654271, 45.8154086], [22.0653245, 45.8154388], [22.0654937, 45.8157887], [22.0652701, 45.8159923], [22.0651265, 45.8157717], [22.0648286, 45.815841], [22.0648495, 45.816061], [22.0647259, 45.8161461], [22.0644156, 45.8160776], [22.0637533, 45.8162497], [22.0633955, 45.8161219], [22.0630316, 45.816385], [22.0627047, 45.816448], [22.0621855, 45.8162328], [22.0615056, 45.8162607], [22.0612258, 45.8166394], [22.0608434, 45.8166346], [22.05985, 45.8164072], [22.0595133, 45.8162314], [22.0559313, 45.8122226], [22.0554152, 45.8115198], [22.0473044, 45.8148834], [22.0470965, 45.8165181], [22.0410998, 45.8161444], [22.040587, 45.8197059], [22.0402274, 45.821095], [22.0400293, 45.8237617], [22.0402005, 45.8238371], [22.0400495, 45.828071], [22.0397649, 45.8316815], [22.038661, 45.8316373], [22.0386379, 45.8318591], [22.0383354, 45.8316685], [22.0383985, 45.8313365], [22.0382177, 45.8311015], [22.0374698, 45.8312687], [22.0371351, 45.8312561], [22.0368738, 45.8313605], [22.0364341, 45.8318257], [22.036175, 45.8324227], [22.0358523, 45.8325056], [22.0350249, 45.8321862], [22.0342036, 45.8322363], [22.0337289, 45.8319265], [22.0337229, 45.8318518], [22.0331309, 45.8315099], [22.0320077, 45.8314954], [22.0316763, 45.8317496], [22.0314316, 45.8324191], [22.0311609, 45.8327614], [22.0309312, 45.832775], [22.030086, 45.8324102], [22.0298, 45.8324713], [22.0296265, 45.8326562], [22.0294354, 45.8322864], [22.0294373, 45.8317224], [22.0295745, 45.8316278], [22.0269825, 45.8292105], [22.0263122, 45.8287648], [22.0210445, 45.8241647], [22.019127, 45.8250694], [22.0186739, 45.8250441], [22.018508, 45.8249542], [22.0184961, 45.8242107], [22.0182575, 45.8240333], [22.0178565, 45.8241197], [22.0179929, 45.8248142], [22.0177304, 45.8250446], [22.0172253, 45.8250664], [22.0166318, 45.8246687], [22.0127765, 45.8286196], [22.0092969, 45.8286557], [22.0086691, 45.8289047], [22.0067299, 45.8292734], [22.005742, 45.8291001], [22.0051904, 45.8294274], [22.0050008, 45.828899], [22.0042262, 45.8289285], [22.0034717, 45.8288062], [22.0027736, 45.828457], [22.0021672, 45.8279398], [22.0002966, 45.8280069], [21.999222, 45.8277931], [21.9981546, 45.8271102], [21.997724, 45.8262015], [21.997381, 45.8258221], [21.9969986, 45.8256348], [21.996629, 45.8257275], [21.9959197, 45.8261658], [21.9955252, 45.8262773], [21.9947092, 45.8260481], [21.9942705, 45.8260974], [21.9940262, 45.826512], [21.9938522, 45.8273315], [21.9936455, 45.8274175], [21.9933161, 45.8273506], [21.9929492, 45.8270252], [21.9928465, 45.8266513], [21.9929151, 45.8259662], [21.992327, 45.8254558], [21.9905938, 45.8256233], [21.9894945, 45.8254281], [21.988478, 45.8254622], [21.9879729, 45.8251996], [21.9875254, 45.8247581], [21.985954, 45.8243509], [21.9854193, 45.8245639], [21.9848142, 45.8251268], [21.9841283, 45.8252028], [21.9832805, 45.8247702], [21.9835404, 45.8245084], [21.9835256, 45.824195], [21.9828944, 45.8234083], [21.9823967, 45.8233037], [21.9819126, 45.8234599], [21.9816673, 45.8234534], [21.9807777, 45.8230121], [21.9806521, 45.8227706], [21.9798363, 45.8222449], [21.9797339, 45.8220871], [21.9798129, 45.8215795], [21.9790094, 45.8211653], [21.978551, 45.820336], [21.9783934, 45.820246], [21.9777905, 45.8202549], [21.9774638, 45.8203598], [21.9770498, 45.8202464], [21.9764637, 45.8199456], [21.9761661, 45.8195859], [21.9749048, 45.8200585], [21.9740775, 45.8201141], [21.9735038, 45.8199494], [21.9732411, 45.8197513], [21.9726213, 45.8197791], [21.9712683, 45.8193848], [21.9709764, 45.8191388], [21.9711329, 45.8186666], [21.9708517, 45.8183711], [21.9703433, 45.8183188], [21.9695599, 45.818514], [21.9691119, 45.8185159], [21.9718942, 45.8146431], [21.9756118, 45.8103285], [21.9760065, 45.8100195], [21.9762697, 45.8099466], [21.9759131, 45.8090692], [21.9838126, 45.7986902], [21.9870238, 45.7940704], [21.9884127, 45.7923334], [21.9890208, 45.7913589], [21.9930941, 45.7858389], [21.9948739, 45.7837852], [21.9953814, 45.7829065], [21.9976426, 45.7799787], [21.9870336, 45.7760339], [21.9876202, 45.7753702], [21.9875001, 45.775111], [21.9862833, 45.7747621], [21.9850707, 45.7742361], [21.9849215, 45.7743817], [21.983118, 45.7681608], [21.9819789, 45.7674138], [21.9774044, 45.7649994]]]]}}, {"id": "86", "type": "Feature", "properties": {"name": "Co\u0219teiu", "judet": "TIMI\u0218", "admin_level": "8", "wikidata": null, "place": "municipality", "osm_id": 13943285, "siruta": "156473", "siruta_score": null, "pop_total": 0, "gp_count": null, "nearest_school_m": 3145.689775739651, "nearest_gp_m": null, "nearest_er_m": 6888.6638988416735, "school_score": 69.34728891800498, "gp_score": null, "hospital_score": 100.0, "composite_score": 79.56485927866997, "partial_data": true, "_color_composite": "#e8c8b8", "_color_school": "#e8c8b8", "_color_gp": "#9a9a9a", "_color_hospital": "#f5ecd9", "_display_color": "#e8c8b8"}, "geometry": {"type": "MultiPolygon", "coordinates": [[[[21.7932542, 45.725607], [21.7956239, 45.725504], [21.79792, 45.7252401], [21.7987322, 45.7250422], [21.7996455, 45.7247031], [21.8002076, 45.7243508], [21.8008527, 45.7238198], [21.801578, 45.7230192], [21.8021107, 45.7226152], [21.8030629, 45.7221412], [21.8048237, 45.7220433], [21.805428, 45.7220829], [21.8058967, 45.722232], [21.8061367, 45.7224199], [21.8066629, 45.7231197], [21.8077201, 45.723983], [21.8084205, 45.7250478], [21.8111395, 45.7273301], [21.8116952, 45.7279401], [21.8121572, 45.7279248], [21.8213235, 45.7213546], [21.8294215, 45.7158921], [21.8271394, 45.7143352], [21.8282993, 45.713705], [21.8375551, 45.7070789], [21.8393733, 45.7054171], [21.8731118, 45.7201091], [21.8763582, 45.7213573], [21.8866154, 45.7258058], [21.8882606, 45.7250912], [21.892814, 45.7227711], [21.897761, 45.7269698], [21.9006794, 45.728547], [21.9034996, 45.7312947], [21.9105719, 45.7223634], [21.9128137, 45.7216477], [21.9177519, 45.7194255], [21.9211703, 45.7180887], [21.9230167, 45.7171785], [21.9239615, 45.7170485], [21.92621, 45.7161881], [21.9289281, 45.7148504], [21.9308536, 45.714146], [21.9374814, 45.711157], [21.9381028, 45.7111439], [21.9403378, 45.7137024], [21.9413033, 45.7150207], [21.9421221, 45.7156248], [21.9451877, 45.7193137], [21.9472242, 45.7214871], [21.9475719, 45.7220957], [21.9489939, 45.7236822], [21.9515774, 45.7269912], [21.9550601, 45.7309467], [21.9555942, 45.7317467], [21.9561643, 45.732261], [21.9566329, 45.7330159], [21.959701, 45.7367745], [21.9599589, 45.7367785], [21.9609899, 45.7364303], [21.9615761, 45.7366496], [21.9631643, 45.7367522], [21.9632315, 45.7370981], [21.965613, 45.7373691], [21.9674405, 45.7374017], [21.9683194, 45.7377552], [21.9687402, 45.7378004], [21.9689266, 45.7380563], [21.9695859, 45.7383308], [21.9697569, 45.7385751], [21.9703599, 45.7385956], [21.9706812, 45.7388665], [21.9723667, 45.7393025], [21.9728526, 45.7391414], [21.9730813, 45.7387359], [21.9740316, 45.7386684], [21.9741992, 45.7389149], [21.9748462, 45.739079], [21.9748534, 45.7386473], [21.9752549, 45.738572], [21.9756134, 45.738082], [21.9760711, 45.7379832], [21.9766321, 45.7388393], [21.9769432, 45.7388227], [21.9773511, 45.7391049], [21.9772903, 45.7393927], [21.977989, 45.7392575], [21.9785526, 45.7389332], [21.9785586, 45.7387027], [21.979357, 45.7383866], [21.9811276, 45.7401493], [21.9814267, 45.7406218], [21.9811451, 45.7409602], [21.9827128, 45.7418647], [21.9837085, 45.7432259], [21.9844567, 45.7438668], [21.9849727, 45.7446903], [21.9858588, 45.745451], [21.9871617, 45.7474742], [21.9942014, 45.7440679], [21.994272, 45.7454482], [21.9962537, 45.7473163], [21.996547, 45.7478449], [21.9966216, 45.7502452], [21.9966377, 45.7504671], [21.9964171, 45.750292], [21.9961487, 45.7502447], [21.9957254, 45.7503312], [21.9952375, 45.751312], [21.9944916, 45.7514416], [21.9928997, 45.7520372], [21.9924798, 45.7522955], [21.9914216, 45.7531923], [21.9901025, 45.754513], [21.9885884, 45.7565049], [21.9866384, 45.7571885], [21.9844904, 45.7582696], [21.9842317, 45.7590709], [21.9835056, 45.7601885], [21.982144, 45.7613519], [21.9808935, 45.763113], [21.979811, 45.7635774], [21.9786288, 45.7644363], [21.9774044, 45.7649994], [21.9768163, 45.7648875], [21.9696264, 45.7635519], [21.9651115, 45.762282], [21.9632236, 45.7616235], [21.9535451, 45.7663386], [21.9492397, 45.7674533], [21.9496133, 45.7665838], [21.9443081, 45.7682785], [21.9429474, 45.7685157], [21.942881, 45.7672138], [21.9388529, 45.7677663], [21.9369277, 45.7678164], [21.9351144, 45.7676715], [21.9307653, 45.7668466], [21.9295238, 45.7668258], [21.9265944, 45.7672032], [21.9266069, 45.7673708], [21.9247959, 45.7675103], [21.9220287, 45.7673647], [21.9220389, 45.7677705], [21.9182295, 45.766821], [21.9166676, 45.7666461], [21.9167383, 45.7658902], [21.9146053, 45.7660522], [21.914513, 45.7658216], [21.9140181, 45.7661736], [21.9136383, 45.7668172], [21.9124037, 45.7680172], [21.9082461, 45.7714597], [21.9001834, 45.7795039], [21.895269, 45.7795227], [21.8932763, 45.7794253], [21.8917857, 45.7863219], [21.891537, 45.7862985], [21.8911475, 45.7864633], [21.8909464, 45.7867705], [21.8908336, 45.7867703], [21.8905895, 45.7864247], [21.8903085, 45.7863673], [21.8900112, 45.7864472], [21.889905, 45.7863768], [21.8898617, 45.7861638], [21.8896397, 45.7859459], [21.8886058, 45.7857154], [21.888321, 45.7853899], [21.8875948, 45.7853219], [21.886417, 45.7844616], [21.8859637, 45.7844395], [21.8855156, 45.7838302], [21.8844249, 45.783509], [21.8839865, 45.7834681], [21.8834866, 45.7835411], [21.8826458, 45.7833063], [21.8818229, 45.7832452], [21.8814316, 45.7830997], [21.8790643, 45.7903503], [21.8783122, 45.7902526], [21.8772949, 45.7936627], [21.8667157, 45.7921666], [21.8663311, 45.7926903], [21.8660971, 45.7928306], [21.86576, 45.7929869], [21.8653228, 45.7928689], [21.8645837, 45.7933791], [21.864212, 45.7934817], [21.8640297, 45.7934692], [21.8636366, 45.7930896], [21.8627994, 45.7929126], [21.8620557, 45.7926438], [21.8619073, 45.7929859], [21.8620473, 45.7935579], [21.8618312, 45.7936686], [21.8610255, 45.7937367], [21.8608287, 45.7938855], [21.8602956, 45.7940517], [21.8594185, 45.7927107], [21.8588435, 45.792217], [21.8571154, 45.7927037], [21.8565024, 45.7932662], [21.855761, 45.7942563], [21.8556122, 45.7942467], [21.8554189, 45.7941176], [21.8548945, 45.7941444], [21.8546255, 45.7938027], [21.8542636, 45.7936662], [21.8539173, 45.7933928], [21.8530863, 45.7932792], [21.8529341, 45.7931898], [21.8528708, 45.7930561], [21.8531354, 45.792256], [21.8529728, 45.791864], [21.8528098, 45.7916863], [21.8520743, 45.7914818], [21.8517807, 45.7911109], [21.8516026, 45.7910257], [21.850785, 45.7909536], [21.8503445, 45.7910267], [21.8487217, 45.7904993], [21.8480846, 45.7901875], [21.8478343, 45.7902023], [21.8474511, 45.7906386], [21.8463712, 45.7909902], [21.8459942, 45.7913176], [21.8453037, 45.791515], [21.8445573, 45.7921347], [21.8443589, 45.7921973], [21.8437378, 45.7921529], [21.8431242, 45.7923198], [21.8424501, 45.7926962], [21.8414756, 45.7926965], [21.8400991, 45.7932578], [21.8395371, 45.7932014], [21.8394265, 45.793483], [21.8380681, 45.7931843], [21.8201292, 45.7893348], [21.8199008, 45.7889279], [21.8199045, 45.7881069], [21.8203222, 45.7876791], [21.8202286, 45.7868325], [21.8200827, 45.7865271], [21.8201046, 45.7858617], [21.8197798, 45.7854091], [21.8196302, 45.7846866], [21.8192317, 45.7843068], [21.818734, 45.7840253], [21.8180689, 45.7841985], [21.8177996, 45.7841816], [21.8173383, 45.7835418], [21.8170504, 45.7834757], [21.8163388, 45.7835195], [21.8161237, 45.7833956], [21.8161364, 45.7826532], [21.8155819, 45.7821942], [21.8157842, 45.7817432], [21.8162756, 45.7813867], [21.816171, 45.7806876], [21.8157742, 45.7804053], [21.8153691, 45.7798157], [21.8146615, 45.7794142], [21.8143806, 45.7791223], [21.8210963, 45.7740538], [21.8219326, 45.7740734], [21.8231997, 45.7717662], [21.8245279, 45.7702971], [21.8227599, 45.769273], [21.8215875, 45.7687668], [21.8206656, 45.7678808], [21.8206459, 45.7671934], [21.8214613, 45.7672031], [21.8215238, 45.7667747], [21.8250736, 45.7670574], [21.8255655, 45.7673929], [21.8270335, 45.7680001], [21.8255856, 45.7624324], [21.8261186, 45.7623275], [21.8248387, 45.7603195], [21.8254285, 45.7595893], [21.8219232, 45.7547652], [21.8229556, 45.7544346], [21.8200532, 45.7507551], [21.8205928, 45.7506937], [21.8211121, 45.7503709], [21.8223856, 45.7498711], [21.822964, 45.7497491], [21.8138166, 45.7438975], [21.8022604, 45.7453706], [21.8009415, 45.7398692], [21.8000065, 45.7399557], [21.8019805, 45.7383198], [21.8042103, 45.7360839], [21.8084944, 45.7323903], [21.7942373, 45.7259485], [21.7940553, 45.7259492], [21.7932542, 45.725607]]]]}}, {"id": "87", "type": "Feature", "properties": {"name": "Bethausen", "judet": "TIMI\u0218", "admin_level": "8", "wikidata": null, "place": "municipality", "osm_id": 13943286, "siruta": "155840", "siruta_score": null, "pop_total": 0, "gp_count": null, "nearest_school_m": 880.5639003163872, "nearest_gp_m": null, "nearest_er_m": 15998.920693954758, "school_score": 100.0, "gp_score": null, "hospital_score": 85.0026982651131, "composite_score": 95.00089942170436, "partial_data": true, "_color_composite": "#f5ecd9", "_color_school": "#f5ecd9", "_color_gp": "#9a9a9a", "_color_hospital": "#f5ecd9", "_display_color": "#f5ecd9"}, "geometry": {"type": "MultiPolygon", "coordinates": [[[[21.8917857, 45.7863219], [21.8932763, 45.7794253], [21.895269, 45.7795227], [21.9001834, 45.7795039], [21.9082461, 45.7714597], [21.9124037, 45.7680172], [21.9136383, 45.7668172], [21.9140181, 45.7661736], [21.914513, 45.7658216], [21.9146053, 45.7660522], [21.9167383, 45.7658902], [21.9166676, 45.7666461], [21.9182295, 45.766821], [21.9220389, 45.7677705], [21.9220287, 45.7673647], [21.9247959, 45.7675103], [21.9266069, 45.7673708], [21.9265944, 45.7672032], [21.9295238, 45.7668258], [21.9307653, 45.7668466], [21.9351144, 45.7676715], [21.9369277, 45.7678164], [21.9388529, 45.7677663], [21.942881, 45.7672138], [21.9429474, 45.7685157], [21.9443081, 45.7682785], [21.9496133, 45.7665838], [21.9492397, 45.7674533], [21.9535451, 45.7663386], [21.9632236, 45.7616235], [21.9651115, 45.762282], [21.9696264, 45.7635519], [21.9768163, 45.7648875], [21.9774044, 45.7649994], [21.9819789, 45.7674138], [21.983118, 45.7681608], [21.9849215, 45.7743817], [21.9850707, 45.7742361], [21.9862833, 45.7747621], [21.9875001, 45.775111], [21.9876202, 45.7753702], [21.9870336, 45.7760339], [21.9976426, 45.7799787], [21.9953814, 45.7829065], [21.9948739, 45.7837852], [21.9930941, 45.7858389], [21.9890208, 45.7913589], [21.9884127, 45.7923334], [21.9870238, 45.7940704], [21.9838126, 45.7986902], [21.9759131, 45.8090692], [21.9762697, 45.8099466], [21.9760065, 45.8100195], [21.9756118, 45.8103285], [21.9718942, 45.8146431], [21.9691119, 45.8185159], [21.9695599, 45.818514], [21.9703433, 45.8183188], [21.9708517, 45.8183711], [21.9711329, 45.8186666], [21.9709764, 45.8191388], [21.9712683, 45.8193848], [21.9726213, 45.8197791], [21.9732411, 45.8197513], [21.9735038, 45.8199494], [21.9740775, 45.8201141], [21.9749048, 45.8200585], [21.9761661, 45.8195859], [21.9764637, 45.8199456], [21.9770498, 45.8202464], [21.9774638, 45.8203598], [21.9777905, 45.8202549], [21.9783934, 45.820246], [21.978551, 45.820336], [21.9790094, 45.8211653], [21.9798129, 45.8215795], [21.9797339, 45.8220871], [21.9798363, 45.8222449], [21.9806521, 45.8227706], [21.9807777, 45.8230121], [21.9816673, 45.8234534], [21.9819126, 45.8234599], [21.9823967, 45.8233037], [21.9828944, 45.8234083], [21.9835256, 45.824195], [21.9835404, 45.8245084], [21.9832805, 45.8247702], [21.9841283, 45.8252028], [21.9848142, 45.8251268], [21.9854193, 45.8245639], [21.985954, 45.8243509], [21.9875254, 45.8247581], [21.9879729, 45.8251996], [21.988478, 45.8254622], [21.9894945, 45.8254281], [21.9905938, 45.8256233], [21.992327, 45.8254558], [21.9929151, 45.8259662], [21.9928465, 45.8266513], [21.9929492, 45.8270252], [21.9933161, 45.8273506], [21.9936455, 45.8274175], [21.9938522, 45.8273315], [21.9940262, 45.826512], [21.9942705, 45.8260974], [21.9947092, 45.8260481], [21.9955252, 45.8262773], [21.9959197, 45.8261658], [21.996629, 45.8257275], [21.9969986, 45.8256348], [21.997381, 45.8258221], [21.997724, 45.8262015], [21.9981546, 45.8271102], [21.999222, 45.8277931], [22.0002966, 45.8280069], [22.0021672, 45.8279398], [22.0027736, 45.828457], [22.0034717, 45.8288062], [22.0042262, 45.8289285], [22.0050008, 45.828899], [22.0051904, 45.8294274], [22.005742, 45.8291001], [22.0067299, 45.8292734], [22.0086691, 45.8289047], [22.0092969, 45.8286557], [22.0127765, 45.8286196], [22.0166318, 45.8246687], [22.0172253, 45.8250664], [22.0177304, 45.8250446], [22.0179929, 45.8248142], [22.0178565, 45.8241197], [22.0182575, 45.8240333], [22.0184961, 45.8242107], [22.018508, 45.8249542], [22.0186739, 45.8250441], [22.019127, 45.8250694], [22.0210445, 45.8241647], [22.0263122, 45.8287648], [22.0269825, 45.8292105], [22.0295745, 45.8316278], [22.0294373, 45.8317224], [22.0294354, 45.8322864], [22.0296265, 45.8326562], [22.0298, 45.8324713], [22.030086, 45.8324102], [22.0309312, 45.832775], [22.0311609, 45.8327614], [22.0314316, 45.8324191], [22.0316763, 45.8317496], [22.0320077, 45.8314954], [22.0331309, 45.8315099], [22.0337229, 45.8318518], [22.0337289, 45.8319265], [22.0337006, 45.8320841], [22.0330717, 45.8363863], [22.0334017, 45.8368383], [22.033775, 45.8370296], [22.0328095, 45.8412586], [22.0298249, 45.8409291], [22.0280391, 45.8410539], [22.0278068, 45.8416074], [22.0278784, 45.8418638], [22.0275691, 45.8419883], [22.0274582, 45.8421506], [22.0274179, 45.8422657], [22.027564, 45.8424502], [22.0273492, 45.8426038], [22.0272381, 45.842862], [22.0273941, 45.8429574], [22.0276421, 45.8429235], [22.0276402, 45.8431867], [22.0274751, 45.8433755], [22.0269783, 45.8434602], [22.0268308, 45.8439381], [22.0264888, 45.8441966], [22.0265931, 45.8443479], [22.0264374, 45.8444182], [22.0265175, 45.8447441], [22.0264279, 45.8448861], [22.0269583, 45.8451398], [22.0267287, 45.8458527], [22.026901, 45.8464409], [22.0267966, 45.8469732], [22.0270775, 45.8472901], [22.0266508, 45.847313], [22.026391, 45.8475694], [22.0263663, 45.8484306], [22.0265671, 45.8485991], [22.0263912, 45.8492186], [22.0269374, 45.8496319], [22.0270133, 45.8499183], [22.0265524, 45.8506872], [22.0267555, 45.8513251], [22.0265714, 45.8523771], [22.0267352, 45.8524981], [22.0266503, 45.8526636], [22.0267091, 45.8530979], [22.0260649, 45.8538866], [22.0257087, 45.8539883], [22.0256436, 45.8542316], [22.0257054, 45.854306], [22.0258818, 45.8542359], [22.0259602, 45.8543124], [22.0255114, 45.8549151], [22.025607, 45.855333], [22.025451, 45.8556389], [22.0256038, 45.8558572], [22.0255043, 45.8562317], [22.0257297, 45.85663], [22.0256289, 45.8571325], [22.0257377, 45.8575067], [22.0254317, 45.8578987], [22.0259462, 45.859359], [22.0262123, 45.8595095], [22.0266934, 45.8603084], [22.0278309, 45.8611625], [22.0269693, 45.8633057], [22.0265352, 45.863612], [22.0259726, 45.8644619], [22.0255365, 45.8660968], [22.0252368, 45.8664773], [22.0251643, 45.8669033], [22.0248499, 45.8670504], [22.024731, 45.867427], [22.0244753, 45.8676404], [22.0238353, 45.8678107], [22.0234878, 45.8682095], [22.0233599, 45.8681549], [22.0233432, 45.8685544], [22.0230887, 45.8691843], [22.0221852, 45.8708369], [22.0219597, 45.8715898], [22.0216731, 45.8719399], [22.0213624, 45.8729683], [22.0211473, 45.873212], [22.0207344, 45.8741919], [22.0203927, 45.8757956], [22.0202769, 45.8758812], [22.0200352, 45.8758617], [22.0201829, 45.8760274], [22.0200761, 45.8764435], [22.0194689, 45.8769809], [22.0194139, 45.8776869], [22.0196699, 45.8781734], [22.0196168, 45.8781983], [22.019001, 45.8783484], [22.0180713, 45.8784296], [22.0176122, 45.8786068], [22.0170269, 45.8785724], [22.0167954, 45.8784198], [22.016637, 45.8781893], [22.0166834, 45.8777849], [22.0154146, 45.8764817], [22.0142527, 45.8750562], [22.0139996, 45.8746891], [22.0141825, 45.8744336], [22.0135288, 45.8737169], [22.0134028, 45.8733177], [22.0126418, 45.8726807], [22.0126707, 45.8721875], [22.0116409, 45.8713852], [22.0114, 45.8708076], [22.0111446, 45.8705008], [22.0107436, 45.8701954], [22.009943, 45.8698706], [22.0081381, 45.8675923], [22.0083109, 45.8668069], [22.0082034, 45.8666425], [22.0082619, 45.8664559], [22.0079752, 45.8663058], [22.0079683, 45.8661204], [22.0072272, 45.8655476], [22.0068881, 45.8655122], [22.0061608, 45.8651007], [22.0061448, 45.8652017], [22.0059831, 45.8651945], [22.0058912, 45.8648513], [22.0036837, 45.8634444], [22.0023968, 45.8624964], [22.0019806, 45.8624061], [22.0019041, 45.8622058], [22.0016314, 45.8621104], [22.0014955, 45.8619378], [22.0012857, 45.8619235], [22.001198, 45.8617536], [21.9997356, 45.8609775], [21.9991893, 45.8603737], [21.9988115, 45.8602443], [21.9985132, 45.8599998], [21.9980885, 45.8600283], [21.9947166, 45.8650897], [21.9942405, 45.8656034], [21.9937936, 45.8664249], [21.9931317, 45.8671744], [21.9926223, 45.8679838], [21.9921541, 45.8684271], [21.9921843, 45.8686482], [21.990975, 45.8723715], [21.9900939, 45.875778], [21.9899645, 45.8769417], [21.9895728, 45.8774613], [21.9878479, 45.8846772], [21.9870354, 45.8861961], [21.9835584, 45.891067], [21.9827546, 45.8904924], [21.9815607, 45.8898937], [21.9794807, 45.8894904], [21.9784502, 45.8894988], [21.9782315, 45.8894343], [21.9776658, 45.8895094], [21.9762252, 45.8891108], [21.9755435, 45.8892206], [21.9734377, 45.8902428], [21.9732082, 45.8901005], [21.97297, 45.8901193], [21.9728302, 45.8900381], [21.9726514, 45.88935], [21.9720298, 45.8892392], [21.9718494, 45.8894084], [21.9716709, 45.8892129], [21.971736, 45.889043], [21.9723488, 45.8888203], [21.9722622, 45.8883695], [21.9720524, 45.8883052], [21.9713083, 45.888336], [21.9692101, 45.8886492], [21.9688609, 45.8888165], [21.9680627, 45.8888297], [21.9648156, 45.8891832], [21.9646353, 45.8892749], [21.964478, 45.8896688], [21.9638121, 45.8900969], [21.9622763, 45.8916206], [21.9611784, 45.892994], [21.9589177, 45.8948336], [21.9584451, 45.8955619], [21.9574559, 45.8963558], [21.9559879, 45.8967171], [21.9550448, 45.896804], [21.9537825, 45.8972292], [21.9523088, 45.8971761], [21.9499004, 45.8973051], [21.9474493, 45.8977055], [21.9468635, 45.8978966], [21.945988, 45.898559], [21.9457329, 45.8984949], [21.9452361, 45.8983248], [21.9445261, 45.8975184], [21.9442132, 45.8965934], [21.9437246, 45.8959134], [21.9413884, 45.8917897], [21.9411959, 45.8912503], [21.9415867, 45.8888177], [21.941439, 45.8881746], [21.9401351, 45.8865027], [21.9392002, 45.8849398], [21.9388401, 45.8845734], [21.9378379, 45.8829904], [21.9379316, 45.8822246], [21.9382265, 45.8814849], [21.938097, 45.8809214], [21.9388608, 45.8765639], [21.939268, 45.8745435], [21.9395348, 45.8739114], [21.9395113, 45.8731267], [21.9366546, 45.8687039], [21.9359449, 45.86737], [21.9352005, 45.8654603], [21.9339462, 45.8635625], [21.9336188, 45.8632331], [21.9332095, 45.8624039], [21.9323659, 45.8615252], [21.9314761, 45.8609222], [21.9313013, 45.8604144], [21.9313557, 45.8599196], [21.9305637, 45.8584735], [21.9300771, 45.8578471], [21.9300685, 45.8570627], [21.9295062, 45.8573992], [21.9270164, 45.858043], [21.9246391, 45.8584226], [21.9238634, 45.8582603], [21.9238978, 45.8586645], [21.9236176, 45.8587793], [21.9216755, 45.8591016], [21.9205573, 45.8598016], [21.9189455, 45.8602305], [21.9184882, 45.8603336], [21.91833, 45.8600708], [21.9173548, 45.8599893], [21.9176288, 45.859425], [21.9173007, 45.8590663], [21.9166887, 45.8591566], [21.9163932, 45.8588332], [21.9160372, 45.8587547], [21.9161483, 45.8585807], [21.9157385, 45.8582919], [21.9156411, 45.8578912], [21.9152533, 45.8573327], [21.9148569, 45.8569686], [21.9126848, 45.8541112], [21.9125132, 45.8538436], [21.9126812, 45.8537966], [21.9122899, 45.8531647], [21.9117507, 45.8529903], [21.9117369, 45.8523435], [21.9098415, 45.8488767], [21.9099681, 45.8486327], [21.9103485, 45.8479255], [21.9109902, 45.8475202], [21.9123144, 45.8459983], [21.9129284, 45.8457102], [21.9134798, 45.8455998], [21.9134617, 45.8454867], [21.9131358, 45.8453378], [21.9131905, 45.8446045], [21.9123059, 45.844443], [21.9121091, 45.8439953], [21.9121258, 45.8437574], [21.9115004, 45.8436055], [21.911596, 45.8434041], [21.9123005, 45.8430054], [21.9118883, 45.8427633], [21.9118772, 45.842328], [21.9122184, 45.8422021], [21.9120045, 45.8417936], [21.9121008, 45.84158], [21.9115032, 45.8413819], [21.9116134, 45.8411072], [21.9118225, 45.8412702], [21.9120172, 45.8412484], [21.9120123, 45.8407642], [21.9116165, 45.8407338], [21.9110104, 45.8411351], [21.9108, 45.8409328], [21.9105085, 45.8409249], [21.9104706, 45.8405922], [21.9106046, 45.8403968], [21.9102619, 45.8402966], [21.9104494, 45.8401341], [21.9104057, 45.8400361], [21.9095953, 45.8399704], [21.9097103, 45.8396704], [21.9093791, 45.8392708], [21.9096614, 45.8391816], [21.9098188, 45.8383523], [21.9095451, 45.8381261], [21.9091173, 45.8380989], [21.9093419, 45.8376769], [21.9092164, 45.8375204], [21.9088108, 45.8373344], [21.908945, 45.8363663], [21.9086687, 45.836187], [21.9085714, 45.835915], [21.9079067, 45.8362373], [21.9077994, 45.8360751], [21.9080275, 45.8359938], [21.9080506, 45.8358194], [21.9079197, 45.8357596], [21.9075106, 45.8358797], [21.9072995, 45.8357334], [21.9070691, 45.8359365], [21.9070448, 45.8358109], [21.907117, 45.8355566], [21.9076894, 45.8354132], [21.9077079, 45.8352418], [21.907434, 45.8350188], [21.9076107, 45.8347361], [21.9079921, 45.8349558], [21.9082353, 45.8348436], [21.9082329, 45.8344842], [21.9078423, 45.8341081], [21.9078659, 45.8339243], [21.9082955, 45.8339007], [21.9083308, 45.8341517], [21.9085803, 45.834249], [21.9089962, 45.8341697], [21.9092208, 45.8339102], [21.9091827, 45.8337092], [21.9085508, 45.8335772], [21.9085004, 45.8334511], [21.9081999, 45.8334652], [21.9082323, 45.8333414], [21.9089601, 45.8334413], [21.9090002, 45.8331795], [21.9093702, 45.8331762], [21.909323, 45.8329922], [21.9095174, 45.8332826], [21.9098242, 45.8332687], [21.9097578, 45.8334317], [21.9098491, 45.8335099], [21.9104764, 45.8333532], [21.9104772, 45.8331081], [21.9109478, 45.8333615], [21.9109098, 45.8335877], [21.9112404, 45.8336055], [21.9115094, 45.8334702], [21.9115136, 45.8331629], [21.9117701, 45.8330228], [21.9118457, 45.8331541], [21.9116778, 45.8335372], [21.9118618, 45.8335555], [21.9121515, 45.8333896], [21.9123743, 45.8329367], [21.912666, 45.832851], [21.9125695, 45.8327245], [21.9120153, 45.8325981], [21.9121862, 45.8321617], [21.9118808, 45.8321489], [21.9116632, 45.8323926], [21.9115445, 45.8323492], [21.9117565, 45.8317446], [21.9111103, 45.8316691], [21.9114268, 45.83125], [21.9108846, 45.8312531], [21.9109191, 45.8307461], [21.9105682, 45.8306341], [21.9106334, 45.8304933], [21.9111903, 45.8304549], [21.9116033, 45.8302523], [21.9115825, 45.830167], [21.9108812, 45.8299342], [21.9109295, 45.8297528], [21.9111422, 45.8295853], [21.9107739, 45.8294417], [21.9105399, 45.8291769], [21.9102651, 45.8291873], [21.9101646, 45.8293895], [21.9099328, 45.8293164], [21.9099157, 45.8291645], [21.9104611, 45.8289877], [21.9105978, 45.828822], [21.9105691, 45.8284203], [21.910071, 45.8284335], [21.9099789, 45.8283686], [21.9103537, 45.8275901], [21.9101084, 45.8274142], [21.9098994, 45.8275021], [21.9096, 45.8272667], [21.9091999, 45.8272381], [21.9093423, 45.8269701], [21.9097821, 45.8268573], [21.9097173, 45.826762], [21.9091814, 45.8267527], [21.9092988, 45.8264751], [21.9091609, 45.8264313], [21.9088352, 45.826672], [21.9084174, 45.826732], [21.9082547, 45.826331], [21.9076244, 45.825855], [21.9082485, 45.8252927], [21.907626, 45.8247901], [21.907648, 45.8243942], [21.9079211, 45.8241833], [21.9084563, 45.8244206], [21.9086125, 45.8243624], [21.9086381, 45.8241314], [21.9081812, 45.8237454], [21.9103786, 45.8203389], [21.9083804, 45.8197296], [21.9077593, 45.8196175], [21.9071, 45.819212], [21.9060679, 45.818874], [21.9063929, 45.818215], [21.913316, 45.8112399], [21.913583, 45.8108379], [21.913873, 45.8108046], [21.9138439, 45.8104898], [21.9166745, 45.8090918], [21.9193176, 45.8076196], [21.9197339, 45.8075983], [21.9209081, 45.8080394], [21.9215153, 45.8081511], [21.940532, 45.801693], [21.9406136, 45.8015485], [21.9402384, 45.8014631], [21.9400883, 45.8009954], [21.9399359, 45.8008803], [21.9388349, 45.80028], [21.9377704, 45.8000697], [21.937263, 45.7997073], [21.9364324, 45.7995542], [21.9359311, 45.7985657], [21.9354823, 45.7986844], [21.9349206, 45.7990023], [21.9345328, 45.7990434], [21.9342722, 45.7987312], [21.9339188, 45.7985592], [21.9332025, 45.7984923], [21.9326279, 45.7981162], [21.9319435, 45.7980945], [21.9316533, 45.7982175], [21.9303234, 45.7992043], [21.9298202, 45.799488], [21.9293246, 45.7996332], [21.9213126, 45.800405], [21.9200249, 45.8004221], [21.9197201, 45.800398], [21.9191654, 45.8000738], [21.9183627, 45.7998262], [21.8924646, 45.7958812], [21.8956851, 45.7867746], [21.8953731, 45.7865759], [21.8949971, 45.7865252], [21.8947266, 45.7866319], [21.8945118, 45.7869099], [21.8936662, 45.7867348], [21.8934135, 45.786847], [21.8931713, 45.7868354], [21.8925073, 45.7865892], [21.8920583, 45.786582], [21.8917857, 45.7863219]]]]}}, {"id": "88", "type": "Feature", "properties": {"name": "Balin\u021b", "judet": "TIMI\u0218", "admin_level": "8", "wikidata": null, "place": "municipality", "osm_id": 13943287, "siruta": "155546", "siruta_score": null, "pop_total": 0, "gp_count": null, "nearest_school_m": 1409.902178678171, "nearest_gp_m": null, "nearest_er_m": 15373.077892886224, "school_score": 94.14425459031186, "gp_score": null, "hospital_score": 86.56730526778445, "composite_score": 91.61860481613604, "partial_data": true, "_color_composite": "#f5ecd9", "_color_school": "#f5ecd9", "_color_gp": "#9a9a9a", "_color_hospital": "#f5ecd9", "_display_color": "#f5ecd9"}, "geometry": {"type": "MultiPolygon", "coordinates": [[[[21.8129153, 45.8343512], [21.8053147, 45.8222361], [21.8057895, 45.8216792], [21.8060345, 45.8210236], [21.8061192, 45.820259], [21.8059453, 45.8191795], [21.8060878, 45.818837], [21.8060031, 45.8178793], [21.806441, 45.8164538], [21.8066918, 45.8150616], [21.8086564, 45.8083959], [21.812127, 45.7956028], [21.8132358, 45.7956375], [21.8141423, 45.7963553], [21.8161322, 45.7971231], [21.816821, 45.7975765], [21.817277, 45.7976528], [21.8178353, 45.797139], [21.8191491, 45.7955141], [21.8201114, 45.7940716], [21.8215056, 45.7945465], [21.8229141, 45.7952253], [21.8252632, 45.796088], [21.8294668, 45.7979293], [21.8309716, 45.7983876], [21.8324674, 45.7991029], [21.8331305, 45.7982679], [21.8346336, 45.7967901], [21.8356215, 45.7972105], [21.8369838, 45.7954351], [21.837543, 45.7949369], [21.8388241, 45.7954253], [21.8403124, 45.7936788], [21.8396357, 45.7935291], [21.8394265, 45.793483], [21.8395371, 45.7932014], [21.8400991, 45.7932578], [21.8414756, 45.7926965], [21.8424501, 45.7926962], [21.8431242, 45.7923198], [21.8437378, 45.7921529], [21.8443589, 45.7921973], [21.8445573, 45.7921347], [21.8453037, 45.791515], [21.8459942, 45.7913176], [21.8463712, 45.7909902], [21.8474511, 45.7906386], [21.8478343, 45.7902023], [21.8480846, 45.7901875], [21.8487217, 45.7904993], [21.8503445, 45.7910267], [21.850785, 45.7909536], [21.8516026, 45.7910257], [21.8517807, 45.7911109], [21.8520743, 45.7914818], [21.8528098, 45.7916863], [21.8529728, 45.791864], [21.8531354, 45.792256], [21.8528708, 45.7930561], [21.8529341, 45.7931898], [21.8530863, 45.7932792], [21.8539173, 45.7933928], [21.8542636, 45.7936662], [21.8546255, 45.7938027], [21.8548945, 45.7941444], [21.8554189, 45.7941176], [21.8556122, 45.7942467], [21.855761, 45.7942563], [21.8565024, 45.7932662], [21.8571154, 45.7927037], [21.8588435, 45.792217], [21.8594185, 45.7927107], [21.8602956, 45.7940517], [21.8608287, 45.7938855], [21.8610255, 45.7937367], [21.8618312, 45.7936686], [21.8620473, 45.7935579], [21.8619073, 45.7929859], [21.8620557, 45.7926438], [21.8627994, 45.7929126], [21.8636366, 45.7930896], [21.8640297, 45.7934692], [21.864212, 45.7934817], [21.8645837, 45.7933791], [21.8653228, 45.7928689], [21.86576, 45.7929869], [21.8660971, 45.7928306], [21.8663311, 45.7926903], [21.8667157, 45.7921666], [21.8772949, 45.7936627], [21.8783122, 45.7902526], [21.8790643, 45.7903503], [21.8814316, 45.7830997], [21.8818229, 45.7832452], [21.8826458, 45.7833063], [21.8834866, 45.7835411], [21.8839865, 45.7834681], [21.8844249, 45.783509], [21.8855156, 45.7838302], [21.8859637, 45.7844395], [21.886417, 45.7844616], [21.8875948, 45.7853219], [21.888321, 45.7853899], [21.8886058, 45.7857154], [21.8896397, 45.7859459], [21.8898617, 45.7861638], [21.889905, 45.7863768], [21.8900112, 45.7864472], [21.8903085, 45.7863673], [21.8905895, 45.7864247], [21.8908336, 45.7867703], [21.8909464, 45.7867705], [21.8911475, 45.7864633], [21.891537, 45.7862985], [21.8917857, 45.7863219], [21.8920583, 45.786582], [21.8925073, 45.7865892], [21.8931713, 45.7868354], [21.8934135, 45.786847], [21.8936662, 45.7867348], [21.8945118, 45.7869099], [21.8947266, 45.7866319], [21.8949971, 45.7865252], [21.8953731, 45.7865759], [21.8956851, 45.7867746], [21.8924646, 45.7958812], [21.9183627, 45.7998262], [21.9191654, 45.8000738], [21.9197201, 45.800398], [21.9200249, 45.8004221], [21.9213126, 45.800405], [21.9293246, 45.7996332], [21.9298202, 45.799488], [21.9303234, 45.7992043], [21.9316533, 45.7982175], [21.9319435, 45.7980945], [21.9326279, 45.7981162], [21.9332025, 45.7984923], [21.9339188, 45.7985592], [21.9342722, 45.7987312], [21.9345328, 45.7990434], [21.9349206, 45.7990023], [21.9354823, 45.7986844], [21.9359311, 45.7985657], [21.9364324, 45.7995542], [21.937263, 45.7997073], [21.9377704, 45.8000697], [21.9388349, 45.80028], [21.9399359, 45.8008803], [21.9400883, 45.8009954], [21.9402384, 45.8014631], [21.9406136, 45.8015485], [21.940532, 45.801693], [21.9215153, 45.8081511], [21.9209081, 45.8080394], [21.9197339, 45.8075983], [21.9193176, 45.8076196], [21.9166745, 45.8090918], [21.9138439, 45.8104898], [21.913873, 45.8108046], [21.913583, 45.8108379], [21.913316, 45.8112399], [21.9063929, 45.818215], [21.9060679, 45.818874], [21.9071, 45.819212], [21.9077593, 45.8196175], [21.9083804, 45.8197296], [21.9103786, 45.8203389], [21.9081812, 45.8237454], [21.9086381, 45.8241314], [21.9086125, 45.8243624], [21.9084563, 45.8244206], [21.9079211, 45.8241833], [21.907648, 45.8243942], [21.907626, 45.8247901], [21.9082485, 45.8252927], [21.9076244, 45.825855], [21.9082547, 45.826331], [21.9084174, 45.826732], [21.9088352, 45.826672], [21.9091609, 45.8264313], [21.9092988, 45.8264751], [21.9091814, 45.8267527], [21.9097173, 45.826762], [21.9097821, 45.8268573], [21.9093423, 45.8269701], [21.9091999, 45.8272381], [21.9096, 45.8272667], [21.9098994, 45.8275021], [21.9101084, 45.8274142], [21.9103537, 45.8275901], [21.9099789, 45.8283686], [21.910071, 45.8284335], [21.9105691, 45.8284203], [21.9105978, 45.828822], [21.9104611, 45.8289877], [21.9099157, 45.8291645], [21.9099328, 45.8293164], [21.9101646, 45.8293895], [21.9102651, 45.8291873], [21.9105399, 45.8291769], [21.9107739, 45.8294417], [21.9111422, 45.8295853], [21.9109295, 45.8297528], [21.9108812, 45.8299342], [21.9115825, 45.830167], [21.9116033, 45.8302523], [21.9111903, 45.8304549], [21.9106334, 45.8304933], [21.9105682, 45.8306341], [21.9109191, 45.8307461], [21.9108846, 45.8312531], [21.9114268, 45.83125], [21.9111103, 45.8316691], [21.9117565, 45.8317446], [21.9115445, 45.8323492], [21.9116632, 45.8323926], [21.9118808, 45.8321489], [21.9121862, 45.8321617], [21.9120153, 45.8325981], [21.9125695, 45.8327245], [21.912666, 45.832851], [21.9123743, 45.8329367], [21.9121515, 45.8333896], [21.9118618, 45.8335555], [21.9116778, 45.8335372], [21.9118457, 45.8331541], [21.9117701, 45.8330228], [21.9115136, 45.8331629], [21.9115094, 45.8334702], [21.9112404, 45.8336055], [21.9109098, 45.8335877], [21.9109478, 45.8333615], [21.9104772, 45.8331081], [21.9104764, 45.8333532], [21.9098491, 45.8335099], [21.9097578, 45.8334317], [21.9098242, 45.8332687], [21.9095174, 45.8332826], [21.909323, 45.8329922], [21.9093702, 45.8331762], [21.9090002, 45.8331795], [21.9089601, 45.8334413], [21.9082323, 45.8333414], [21.9081999, 45.8334652], [21.9085004, 45.8334511], [21.9085508, 45.8335772], [21.9091827, 45.8337092], [21.9092208, 45.8339102], [21.9089962, 45.8341697], [21.9085803, 45.834249], [21.9083308, 45.8341517], [21.9082955, 45.8339007], [21.9078659, 45.8339243], [21.9078423, 45.8341081], [21.9082329, 45.8344842], [21.9082353, 45.8348436], [21.9079921, 45.8349558], [21.9076107, 45.8347361], [21.907434, 45.8350188], [21.9077079, 45.8352418], [21.9076894, 45.8354132], [21.907117, 45.8355566], [21.9070448, 45.8358109], [21.9070691, 45.8359365], [21.9072995, 45.8357334], [21.9075106, 45.8358797], [21.9079197, 45.8357596], [21.9080506, 45.8358194], [21.9080275, 45.8359938], [21.9077994, 45.8360751], [21.9079067, 45.8362373], [21.9085714, 45.835915], [21.9086687, 45.836187], [21.908945, 45.8363663], [21.9088108, 45.8373344], [21.9092164, 45.8375204], [21.9093419, 45.8376769], [21.9091173, 45.8380989], [21.9095451, 45.8381261], [21.9098188, 45.8383523], [21.9096614, 45.8391816], [21.9093791, 45.8392708], [21.9097103, 45.8396704], [21.9095953, 45.8399704], [21.9104057, 45.8400361], [21.9104494, 45.8401341], [21.9102619, 45.8402966], [21.9106046, 45.8403968], [21.9104706, 45.8405922], [21.9105085, 45.8409249], [21.9108, 45.8409328], [21.9110104, 45.8411351], [21.9116165, 45.8407338], [21.9120123, 45.8407642], [21.9120172, 45.8412484], [21.9118225, 45.8412702], [21.9116134, 45.8411072], [21.9115032, 45.8413819], [21.9121008, 45.84158], [21.9120045, 45.8417936], [21.9122184, 45.8422021], [21.9118772, 45.842328], [21.9118883, 45.8427633], [21.9123005, 45.8430054], [21.911596, 45.8434041], [21.9115004, 45.8436055], [21.9121258, 45.8437574], [21.9121091, 45.8439953], [21.9123059, 45.844443], [21.9131905, 45.8446045], [21.9131358, 45.8453378], [21.9134617, 45.8454867], [21.9134798, 45.8455998], [21.9129284, 45.8457102], [21.9123144, 45.8459983], [21.9109902, 45.8475202], [21.9103485, 45.8479255], [21.9099681, 45.8486327], [21.9098415, 45.8488767], [21.9098143, 45.8488086], [21.909362, 45.8490458], [21.9091571, 45.8490444], [21.9084368, 45.8495729], [21.9071954, 45.8500656], [21.905184, 45.8505387], [21.9045854, 45.8508783], [21.8994253, 45.8525499], [21.8988533, 45.8526203], [21.8976037, 45.8530812], [21.8962809, 45.8532784], [21.8949489, 45.8536738], [21.8939707, 45.8535735], [21.8937663, 45.8537725], [21.8932462, 45.8539628], [21.8932594, 45.8540409], [21.8922024, 45.8549324], [21.8902579, 45.8563467], [21.8897091, 45.8566303], [21.8896587, 45.8566944], [21.8904236, 45.8579006], [21.8904374, 45.8583878], [21.8912384, 45.860197], [21.8921001, 45.8627235], [21.8935942, 45.8679768], [21.8935675, 45.8688759], [21.891854, 45.870272], [21.8905905, 45.870344], [21.8877425, 45.8709102], [21.8863566, 45.8710769], [21.8859265, 45.8710161], [21.8839385, 45.8713667], [21.8832846, 45.8709338], [21.8834249, 45.8705205], [21.8832026, 45.8703058], [21.8820984, 45.8706676], [21.8819864, 45.8705157], [21.8817661, 45.8689891], [21.8806316, 45.8674051], [21.8789312, 45.868148], [21.8776917, 45.8689359], [21.8769275, 45.8690297], [21.8754058, 45.8696937], [21.8713037, 45.8709712], [21.8681529, 45.8722889], [21.8653604, 45.8737236], [21.8651912, 45.8740943], [21.8650021, 45.8736685], [21.8646124, 45.8733472], [21.8626031, 45.8720923], [21.8620963, 45.8715477], [21.860033, 45.8663251], [21.8581418, 45.8623878], [21.85683, 45.8614975], [21.8561926, 45.8612368], [21.854124, 45.8598016], [21.853507, 45.859571], [21.8530837, 45.8595205], [21.8500796, 45.8597223], [21.8488277, 45.8600695], [21.8469212, 45.8604127], [21.8459237, 45.8606828], [21.8429542, 45.8593688], [21.8420221, 45.8588651], [21.8416504, 45.858723], [21.8421107, 45.8572173], [21.841782, 45.8560389], [21.8416787, 45.8538437], [21.8414528, 45.8538414], [21.8400429, 45.8518929], [21.8383267, 45.8500023], [21.8387319, 45.8495988], [21.8387984, 45.8489228], [21.8391819, 45.8478781], [21.839949, 45.8464864], [21.840277, 45.8452461], [21.8408169, 45.8446722], [21.8411674, 45.8426775], [21.8410808, 45.8422732], [21.8412475, 45.8417598], [21.8417121, 45.8412108], [21.8420248, 45.8410433], [21.842168, 45.840655], [21.8425906, 45.8401019], [21.8430103, 45.8397985], [21.8436308, 45.8395581], [21.8441036, 45.8388226], [21.844652, 45.8384088], [21.8432417, 45.8377401], [21.8428149, 45.8379882], [21.8417693, 45.8374464], [21.8410596, 45.8381459], [21.8408114, 45.838164], [21.8405548, 45.8380607], [21.8393248, 45.8394192], [21.8380477, 45.8403104], [21.8363623, 45.840922], [21.8362225, 45.8408718], [21.8362159, 45.840763], [21.8380734, 45.8381765], [21.8373374, 45.8379905], [21.834348, 45.8369284], [21.8330841, 45.8388017], [21.8331884, 45.8389399], [21.8339806, 45.839194], [21.8337177, 45.8400049], [21.8335693, 45.840015], [21.8334517, 45.8398426], [21.8332529, 45.8398442], [21.8330271, 45.8400033], [21.8328439, 45.8398202], [21.8327222, 45.8398543], [21.8316794, 45.8414686], [21.8317833, 45.8417028], [21.8315537, 45.8416627], [21.8312337, 45.8413298], [21.829313, 45.840173], [21.828937, 45.8401074], [21.8282346, 45.8394069], [21.8269402, 45.8384426], [21.8264506, 45.838315], [21.8252806, 45.8383425], [21.8244682, 45.8380671], [21.8244643, 45.8381347], [21.8159266, 45.8354863], [21.8135004, 45.8346237], [21.8129153, 45.8343512]]]]}}, {"id": "89", "type": "Feature", "properties": {"name": "Ghizela", "judet": "TIMI\u0218", "admin_level": "8", "wikidata": null, "place": "municipality", "osm_id": 13943288, "siruta": "157193", "siruta_score": null, "pop_total": 0, "gp_count": null, "nearest_school_m": 2002.966284113586, "nearest_gp_m": null, "nearest_er_m": 20668.007597998447, "school_score": 85.67191022694877, "gp_score": null, "hospital_score": 73.32998100500387, "composite_score": 81.55793381963379, "partial_data": true, "_color_composite": "#f5ecd9", "_color_school": "#f5ecd9", "_color_gp": "#9a9a9a", "_color_hospital": "#e8c8b8", "_display_color": "#f5ecd9"}, "geometry": {"type": "MultiPolygon", "coordinates": [[[[21.6895465, 45.8171165], [21.6890532, 45.8167224], [21.6884787, 45.8164353], [21.6922589, 45.8120521], [21.6880795, 45.8104026], [21.6912267, 45.8064574], [21.6960374, 45.8010958], [21.7003067, 45.7961185], [21.7051967, 45.786693], [21.7131886, 45.7886583], [21.7180168, 45.7792144], [21.7183109, 45.7786007], [21.7317379, 45.778937], [21.7316006, 45.7831362], [21.7311794, 45.7863259], [21.7341735, 45.7870819], [21.7344783, 45.7873001], [21.7345559, 45.7881932], [21.7352176, 45.7884191], [21.7354708, 45.7885954], [21.7350974, 45.7893793], [21.7353601, 45.7898234], [21.7352799, 45.7904563], [21.7356807, 45.7904448], [21.736463, 45.7950497], [21.7463974, 45.7933077], [21.7464061, 45.7929839], [21.7465493, 45.7927878], [21.7474807, 45.7926674], [21.7478835, 45.791987], [21.7475367, 45.7917221], [21.7475729, 45.7915797], [21.7479525, 45.7912861], [21.7487632, 45.7909781], [21.7492518, 45.790459], [21.7491595, 45.7902582], [21.747712, 45.7898043], [21.7474594, 45.78962], [21.7473424, 45.789367], [21.747805, 45.788688], [21.7485201, 45.7881506], [21.7483925, 45.7879486], [21.7479496, 45.7877166], [21.7479105, 45.7876057], [21.7486597, 45.7868745], [21.7485725, 45.7865003], [21.748248, 45.7863317], [21.7475789, 45.7862117], [21.747543, 45.7856989], [21.7469267, 45.7851786], [21.7458864, 45.7848673], [21.7462513, 45.7842544], [21.7459466, 45.7838262], [21.7459281, 45.7826624], [21.7454628, 45.782132], [21.7448298, 45.7818271], [21.7435375, 45.7818491], [21.7431376, 45.7815844], [21.7431725, 45.7812914], [21.7437265, 45.7806485], [21.7433739, 45.7802225], [21.7433339, 45.7798672], [21.7437331, 45.7797086], [21.7443592, 45.7797389], [21.7444415, 45.7795447], [21.7448313, 45.7794498], [21.7460388, 45.7785477], [21.746668, 45.7788312], [21.7473859, 45.7789385], [21.7497563, 45.779144], [21.75145, 45.7791849], [21.7545524, 45.7795181], [21.7576957, 45.7801004], [21.7618178, 45.7803545], [21.7627279, 45.7805114], [21.7637354, 45.7809083], [21.7643898, 45.7810603], [21.7662282, 45.7811019], [21.7678265, 45.7808247], [21.7688605, 45.7808965], [21.7694952, 45.781042], [21.7707332, 45.781999], [21.7731624, 45.7829792], [21.7740322, 45.783457], [21.7738408, 45.7836588], [21.7716212, 45.7896334], [21.7712375, 45.7895694], [21.7701896, 45.7896035], [21.769794, 45.7893497], [21.7696712, 45.789371], [21.7696492, 45.7900574], [21.7697667, 45.7903459], [21.7700482, 45.7906122], [21.7707344, 45.7907007], [21.7710815, 45.7912666], [21.7701649, 45.7916586], [21.7701401, 45.79178], [21.7703713, 45.7919298], [21.7704058, 45.7924709], [21.7698085, 45.7927267], [21.7694719, 45.7930288], [21.7691274, 45.7931323], [21.7689487, 45.7932884], [21.7693002, 45.7940403], [21.7692501, 45.7943161], [21.769565, 45.7944331], [21.769577, 45.7946559], [21.7697372, 45.7948033], [21.7698756, 45.7952482], [21.7698334, 45.7955464], [21.7693798, 45.7957374], [21.7691407, 45.7962933], [21.7687724, 45.796637], [21.7683976, 45.7966649], [21.7682948, 45.7969924], [21.7677489, 45.7973037], [21.7678352, 45.7981348], [21.7686547, 45.7986074], [21.7693433, 45.7988394], [21.7698378, 45.7992505], [21.7703789, 45.7999242], [21.7703318, 45.8003379], [21.7700579, 45.8008832], [21.7700834, 45.8020716], [21.7698321, 45.8024833], [21.7704113, 45.80325], [21.7704654, 45.803485], [21.7699358, 45.8039434], [21.7704209, 45.8045423], [21.7707286, 45.8047536], [21.7713275, 45.8047556], [21.7716418, 45.8048672], [21.7716863, 45.8056649], [21.7720788, 45.8061691], [21.7718768, 45.8069572], [21.7713261, 45.8072883], [21.7711061, 45.8076336], [21.7717344, 45.8080723], [21.772172, 45.8078829], [21.7725919, 45.808029], [21.7726993, 45.8082011], [21.7725394, 45.808414], [21.7725926, 45.8086067], [21.7735468, 45.8088586], [21.7740159, 45.8097089], [21.7739242, 45.8100343], [21.773494, 45.8101449], [21.7733191, 45.8103723], [21.7729984, 45.8103844], [21.7727324, 45.8106502], [21.77238, 45.8105346], [21.7720478, 45.8106532], [21.7716981, 45.8105258], [21.7714774, 45.8109296], [21.770904, 45.810978], [21.7707449, 45.8111462], [21.7707607, 45.8113378], [21.7715101, 45.8115355], [21.7710178, 45.812108], [21.7712706, 45.8129613], [21.7707783, 45.8140641], [21.7698966, 45.8148241], [21.7698066, 45.8150132], [21.7775438, 45.8165871], [21.7754992, 45.820048], [21.7802669, 45.8218051], [21.7808817, 45.821927], [21.7814598, 45.8218992], [21.7811868, 45.8223882], [21.7809388, 45.8225109], [21.7809714, 45.8226305], [21.7815131, 45.8226182], [21.7816108, 45.8227727], [21.7811055, 45.8233849], [21.7809448, 45.8241747], [21.7808191, 45.8243009], [21.7811193, 45.8243673], [21.7814171, 45.8248172], [21.7820188, 45.8247928], [21.7827337, 45.8249261], [21.7828377, 45.8252464], [21.7826807, 45.8254221], [21.7822981, 45.82557], [21.7830114, 45.8259813], [21.783148, 45.8263511], [21.7842139, 45.8259842], [21.7844055, 45.8260245], [21.7849479, 45.8264653], [21.7856808, 45.8265847], [21.7858211, 45.8267959], [21.7857598, 45.827042], [21.7860364, 45.8268581], [21.786587, 45.8267768], [21.7870546, 45.8269333], [21.7869642, 45.8272502], [21.7864906, 45.8272949], [21.7863793, 45.8274951], [21.7866949, 45.8273569], [21.7870844, 45.8274259], [21.7874361, 45.8277585], [21.7880387, 45.8273998], [21.7884122, 45.8273135], [21.7885803, 45.8274267], [21.788491, 45.8278695], [21.7886578, 45.8280524], [21.7888634, 45.8276109], [21.7896796, 45.8275835], [21.7899949, 45.827451], [21.790285, 45.8276102], [21.7903899, 45.8278572], [21.7907247, 45.8278106], [21.7910178, 45.8281577], [21.7913923, 45.828054], [21.7916581, 45.8281544], [21.7917766, 45.8285024], [21.7919288, 45.8286035], [21.7924989, 45.8286156], [21.7922827, 45.8286657], [21.7930739, 45.8288332], [21.793484, 45.8293944], [21.7935939, 45.8299416], [21.7935162, 45.8301833], [21.7940224, 45.8303988], [21.7940009, 45.8306286], [21.7938061, 45.8308826], [21.7939178, 45.831062], [21.7940592, 45.8311569], [21.7949423, 45.8311721], [21.7952713, 45.8313304], [21.79587, 45.8317459], [21.7956573, 45.8321195], [21.7957723, 45.8322892], [21.7961548, 45.8322884], [21.7963511, 45.832441], [21.7967345, 45.8323763], [21.7969811, 45.8325691], [21.7971874, 45.8332272], [21.7971645, 45.8337707], [21.7975172, 45.833951], [21.7980595, 45.8339662], [21.798472, 45.8345313], [21.7985735, 45.8351286], [21.7990945, 45.8352265], [21.7991617, 45.8355033], [21.7993642, 45.835693], [21.799504, 45.8357201], [21.7997531, 45.8355819], [21.8002219, 45.8358986], [21.800344, 45.8358943], [21.803908, 45.8353597], [21.8070068, 45.8351071], [21.8122661, 45.8344408], [21.8129153, 45.8343512], [21.8135004, 45.8346237], [21.8159266, 45.8354863], [21.8244643, 45.8381347], [21.8244682, 45.8380671], [21.8252806, 45.8383425], [21.8264506, 45.838315], [21.8269402, 45.8384426], [21.8282346, 45.8394069], [21.828937, 45.8401074], [21.829313, 45.840173], [21.8312337, 45.8413298], [21.8315537, 45.8416627], [21.8317833, 45.8417028], [21.8316794, 45.8414686], [21.8327222, 45.8398543], [21.8328439, 45.8398202], [21.8330271, 45.8400033], [21.8332529, 45.8398442], [21.8334517, 45.8398426], [21.8335693, 45.840015], [21.8337177, 45.8400049], [21.8339806, 45.839194], [21.8331884, 45.8389399], [21.8330841, 45.8388017], [21.834348, 45.8369284], [21.8373374, 45.8379905], [21.8380734, 45.8381765], [21.8362159, 45.840763], [21.8362225, 45.8408718], [21.8363623, 45.840922], [21.8380477, 45.8403104], [21.8393248, 45.8394192], [21.8405548, 45.8380607], [21.8408114, 45.838164], [21.8410596, 45.8381459], [21.8417693, 45.8374464], [21.8428149, 45.8379882], [21.8432417, 45.8377401], [21.844652, 45.8384088], [21.8441036, 45.8388226], [21.8436308, 45.8395581], [21.8430103, 45.8397985], [21.8425906, 45.8401019], [21.842168, 45.840655], [21.8420248, 45.8410433], [21.8417121, 45.8412108], [21.8412475, 45.8417598], [21.8410808, 45.8422732], [21.8411674, 45.8426775], [21.8408169, 45.8446722], [21.840277, 45.8452461], [21.839949, 45.8464864], [21.8391819, 45.8478781], [21.8387984, 45.8489228], [21.8387319, 45.8495988], [21.8383267, 45.8500023], [21.8400429, 45.8518929], [21.8414528, 45.8538414], [21.8416787, 45.8538437], [21.841782, 45.8560389], [21.8421107, 45.8572173], [21.8416504, 45.858723], [21.8420221, 45.8588651], [21.8419692, 45.8598], [21.8418673, 45.8615363], [21.8391074, 45.8617272], [21.8392043, 45.862614], [21.8378665, 45.8627407], [21.83808, 45.8669836], [21.8376399, 45.8673657], [21.8384408, 45.8696569], [21.8367393, 45.8725305], [21.8379262, 45.8746311], [21.8381382, 45.8747712], [21.8388598, 45.8759943], [21.839553, 45.8773998], [21.8409737, 45.8788704], [21.8404856, 45.8791132], [21.838799, 45.8795119], [21.838106, 45.8799056], [21.8379595, 45.8798772], [21.8378264, 45.8797972], [21.8376985, 45.8796594], [21.8377844, 45.8796065], [21.8334914, 45.8768697], [21.8321887, 45.8758065], [21.8319728, 45.8757255], [21.8307522, 45.8745761], [21.8292456, 45.8735322], [21.8286744, 45.872856], [21.8282701, 45.8726079], [21.8279458, 45.8720731], [21.8267104, 45.8713375], [21.8262385, 45.8707788], [21.8259766, 45.8708425], [21.8223995, 45.8681598], [21.8215191, 45.8683805], [21.8199613, 45.8689696], [21.8194468, 45.8687312], [21.8192352, 45.8684468], [21.8188237, 45.8681919], [21.8185815, 45.868143], [21.8180843, 45.8682344], [21.8180624, 45.8676233], [21.8175907, 45.8673009], [21.8173351, 45.8667413], [21.8168147, 45.8666452], [21.8160601, 45.8662938], [21.8160895, 45.8658091], [21.8153489, 45.8651372], [21.8150585, 45.8646119], [21.815155, 45.8638806], [21.8146813, 45.8637077], [21.8137792, 45.8641576], [21.8109167, 45.8651211], [21.8083087, 45.8663967], [21.8066211, 45.8647227], [21.8054231, 45.8618779], [21.8052268, 45.8617442], [21.805403, 45.8621693], [21.8045849, 45.8632642], [21.8046476, 45.8636826], [21.8045353, 45.8639507], [21.8040888, 45.8645857], [21.8035515, 45.864936], [21.8031651, 45.86544], [21.802705, 45.8656063], [21.8021729, 45.8659472], [21.8021797, 45.8664804], [21.8018086, 45.8668148], [21.8016262, 45.8675316], [21.8012016, 45.8680452], [21.8010188, 45.8681184], [21.8003742, 45.8680932], [21.799918, 45.8679699], [21.7993358, 45.8681293], [21.7980874, 45.8690231], [21.7966874, 45.8695494], [21.7963974, 45.8699742], [21.7958263, 45.8702668], [21.7955895, 45.8704412], [21.7955624, 45.8705876], [21.7952946, 45.8706905], [21.7948571, 45.8710686], [21.7939675, 45.8713998], [21.7932258, 45.8713315], [21.7925322, 45.8715067], [21.7923359, 45.8718936], [21.7919426, 45.872127], [21.7919318, 45.8724614], [21.7917387, 45.872596], [21.7912191, 45.8727013], [21.7905906, 45.8731843], [21.7880687, 45.873796], [21.7872605, 45.8738634], [21.7864625, 45.8740857], [21.7858154, 45.8740722], [21.7856862, 45.8742787], [21.7847294, 45.8744624], [21.7844862, 45.8746772], [21.7840725, 45.8748063], [21.7838971, 45.8750324], [21.7824666, 45.875334], [21.7813983, 45.8759374], [21.7800818, 45.8764018], [21.7794541, 45.8768929], [21.7791178, 45.8774332], [21.778448, 45.8779411], [21.7778649, 45.8786113], [21.7772341, 45.8790361], [21.7768312, 45.8795043], [21.7761274, 45.8796459], [21.7758026, 45.8799001], [21.7753254, 45.8807351], [21.7746144, 45.8814377], [21.7742921, 45.8820633], [21.7739015, 45.883311], [21.7741364, 45.8841893], [21.7739956, 45.8844192], [21.7731956, 45.8855817], [21.7718235, 45.8861526], [21.7703813, 45.8863104], [21.7688018, 45.8859559], [21.7687498, 45.8851796], [21.7692066, 45.8840831], [21.769257, 45.883859], [21.7691364, 45.8838556], [21.7685937, 45.8843173], [21.7679777, 45.8846577], [21.7670265, 45.8849178], [21.7656955, 45.8854255], [21.7628148, 45.8866517], [21.7620537, 45.886818], [21.7609372, 45.8868001], [21.7602702, 45.8866039], [21.7596295, 45.8862804], [21.7583182, 45.8854533], [21.7573395, 45.8852646], [21.756299, 45.8848185], [21.7555797, 45.8843071], [21.7553971, 45.8839116], [21.7547675, 45.8833547], [21.7542017, 45.8825871], [21.7535313, 45.8821057], [21.7518479, 45.8811558], [21.7481633, 45.8798014], [21.7468, 45.8788632], [21.7451099, 45.8791568], [21.7408663, 45.8802635], [21.7330578, 45.8778598], [21.7316931, 45.8747484], [21.7260769, 45.8753082], [21.7261814, 45.8761176], [21.7272632, 45.8779279], [21.727007, 45.8779662], [21.72623, 45.8783516], [21.726597, 45.8786505], [21.7261825, 45.8788987], [21.7286878, 45.8809054], [21.7271808, 45.8818998], [21.7279407, 45.8826979], [21.7288483, 45.8842219], [21.7279147, 45.8855604], [21.7269287, 45.8876581], [21.7261509, 45.8890022], [21.7257223, 45.8904158], [21.7278868, 45.8909198], [21.7293935, 45.891164], [21.7284658, 45.8947671], [21.7281763, 45.8951316], [21.7280905, 45.8959978], [21.7281926, 45.8965601], [21.7278981, 45.8977406], [21.7278284, 45.8977428], [21.7260911, 45.8973111], [21.7254834, 45.8972682], [21.7252527, 45.897063], [21.7247253, 45.8969298], [21.7228498, 45.8967145], [21.7223738, 45.8965869], [21.7224387, 45.8963291], [21.7219179, 45.8962592], [21.7217999, 45.8961336], [21.7199906, 45.8958896], [21.7198929, 45.8957243], [21.7184979, 45.8955073], [21.7165686, 45.8950191], [21.7135532, 45.8940915], [21.7126546, 45.8941193], [21.7122397, 45.8939351], [21.7118338, 45.8939345], [21.7100958, 45.8946616], [21.7096556, 45.8947364], [21.7084307, 45.8954049], [21.7055263, 45.8965319], [21.7048151, 45.8957045], [21.7038302, 45.8949488], [21.7031212, 45.8940733], [21.7024254, 45.8926691], [21.7016036, 45.8913498], [21.7013429, 45.8906414], [21.7003323, 45.8888463], [21.6998455, 45.8883301], [21.6996359, 45.8877632], [21.6989795, 45.886682], [21.6985039, 45.8856018], [21.6984136, 45.8850705], [21.6976365, 45.8835947], [21.6952183, 45.8779847], [21.6901683, 45.8711037], [21.6893389, 45.8702245], [21.6885866, 45.8696972], [21.687954, 45.8690513], [21.6867486, 45.8682013], [21.6844379, 45.8661944], [21.6836994, 45.8658514], [21.6825776, 45.8657296], [21.6817558, 45.8655029], [21.6801473, 45.865239], [21.6797473, 45.865076], [21.6796072, 45.8649091], [21.6796462, 45.8635869], [21.6798263, 45.8634019], [21.6862759, 45.8637484], [21.6866805, 45.8610299], [21.6757857, 45.8606521], [21.6756669, 45.8597099], [21.6757548, 45.8595378], [21.6759746, 45.8594526], [21.6759648, 45.8588181], [21.6765468, 45.8582948], [21.6764223, 45.8578486], [21.6760765, 45.8576121], [21.6760943, 45.8574126], [21.6762387, 45.8572573], [21.6762723, 45.8569611], [21.6769758, 45.8567344], [21.6774955, 45.8563068], [21.6776069, 45.8561392], [21.6775605, 45.8558518], [21.6778408, 45.8555614], [21.6777211, 45.8551344], [21.6784278, 45.8552202], [21.6783908, 45.8548733], [21.6781895, 45.8545814], [21.6781541, 45.8537726], [21.6783104, 45.8536855], [21.6787214, 45.8537627], [21.6790168, 45.8536436], [21.6789807, 45.8534828], [21.6786216, 45.8532363], [21.6786509, 45.8531441], [21.6795976, 45.8531978], [21.6802395, 45.853778], [21.680603, 45.8535511], [21.6805619, 45.8533402], [21.6802903, 45.85326], [21.6803922, 45.8529147], [21.6801384, 45.8525684], [21.6805441, 45.8523344], [21.6805974, 45.8521821], [21.6802713, 45.8518823], [21.6808652, 45.8517593], [21.6809593, 45.8516149], [21.6808538, 45.8514493], [21.6803776, 45.8513327], [21.6803444, 45.8512575], [21.6815746, 45.8513002], [21.6816634, 45.8511778], [21.6812726, 45.8508637], [21.6814401, 45.8506648], [21.6817091, 45.8508212], [21.6820007, 45.8513384], [21.6822711, 45.851338], [21.6824357, 45.8511455], [21.6820305, 45.8507046], [21.6819636, 45.8504263], [21.6822653, 45.8499037], [21.6824716, 45.8499124], [21.682703, 45.850065], [21.6833047, 45.8499117], [21.6839474, 45.8499975], [21.6841389, 45.8495531], [21.684578, 45.8492562], [21.6847413, 45.8489985], [21.6857919, 45.848618], [21.6858345, 45.8484693], [21.6855321, 45.8477345], [21.6851014, 45.8475868], [21.685123, 45.8474582], [21.6855774, 45.8473395], [21.6859908, 45.8469135], [21.6867, 45.846655], [21.686939, 45.8466814], [21.6870709, 45.8469366], [21.6873278, 45.8470089], [21.6874371, 45.846776], [21.687143, 45.846373], [21.6872143, 45.845949], [21.6874438, 45.8459015], [21.6879607, 45.8460679], [21.6880996, 45.8459733], [21.688023, 45.8458238], [21.6873995, 45.8455433], [21.6866939, 45.8454061], [21.6866535, 45.8450538], [21.6870571, 45.8449849], [21.6874317, 45.8451055], [21.6879105, 45.8450444], [21.6881973, 45.8449347], [21.6882687, 45.8446368], [21.6885005, 45.8447505], [21.6886553, 45.845123], [21.6895671, 45.8449519], [21.689651, 45.8447113], [21.6894886, 45.8443997], [21.6887246, 45.8441428], [21.6888015, 45.844059], [21.68937, 45.8439936], [21.6891592, 45.8437264], [21.6892562, 45.8434667], [21.6899243, 45.8434639], [21.6902537, 45.8432863], [21.6901566, 45.842946], [21.6895279, 45.8428541], [21.6894631, 45.8427064], [21.689623, 45.8423908], [21.6895397, 45.8421537], [21.6897353, 45.8421066], [21.6908101, 45.8424864], [21.6910214, 45.8423759], [21.6908186, 45.8421089], [21.6902001, 45.8417451], [21.690164, 45.8416163], [21.6904174, 45.841541], [21.6914302, 45.8417274], [21.6916218, 45.8420148], [21.691939, 45.8421976], [21.6921683, 45.8421529], [21.6922916, 45.8419176], [21.6925082, 45.8419129], [21.6928848, 45.8423002], [21.6931876, 45.8422895], [21.6934375, 45.8421662], [21.6935678, 45.8418464], [21.6934393, 45.8413088], [21.6937387, 45.8412564], [21.6943587, 45.8413938], [21.6945705, 45.8411749], [21.6948718, 45.8411226], [21.6952205, 45.8407594], [21.6955614, 45.8408776], [21.6957877, 45.8408161], [21.6958521, 45.8405013], [21.6956484, 45.8403162], [21.6956372, 45.8401354], [21.6951319, 45.8401082], [21.6951475, 45.8399853], [21.6954522, 45.8399761], [21.6956088, 45.8398153], [21.6961306, 45.8397666], [21.6963028, 45.8399799], [21.696724, 45.8399157], [21.6967082, 45.8393786], [21.6965387, 45.8392195], [21.6962515, 45.8391682], [21.69581, 45.8392734], [21.6954811, 45.8391875], [21.6950957, 45.839318], [21.6950153, 45.8390902], [21.6952796, 45.8389909], [21.6954797, 45.8386329], [21.6960927, 45.8386881], [21.6962315, 45.8385922], [21.6961354, 45.8382522], [21.6958678, 45.8380709], [21.6962515, 45.8380362], [21.6966485, 45.8383476], [21.696858, 45.8382343], [21.6968199, 45.8379387], [21.6966467, 45.8379087], [21.6967547, 45.8378313], [21.6969421, 45.8378215], [21.6975993, 45.8380696], [21.6978112, 45.837948], [21.6977705, 45.8376288], [21.6979865, 45.8376073], [21.6982917, 45.8377832], [21.6984037, 45.8377045], [21.6979885, 45.8373647], [21.6981844, 45.8368427], [21.6975594, 45.8367817], [21.6974857, 45.8366837], [21.6977103, 45.8364819], [21.6979439, 45.8364317], [21.697684, 45.8361215], [21.6979105, 45.8359877], [21.6979457, 45.8357683], [21.6983583, 45.8357497], [21.6986845, 45.8355772], [21.6986936, 45.8354247], [21.6981303, 45.834867], [21.6983368, 45.8348035], [21.6991905, 45.8349546], [21.6986098, 45.8343225], [21.6987276, 45.8342121], [21.6990311, 45.8341556], [21.6993314, 45.8342545], [21.6994193, 45.8340198], [21.6992082, 45.8338248], [21.6986394, 45.8337972], [21.6985969, 45.8335752], [21.698913, 45.8334732], [21.6997275, 45.8334468], [21.6998389, 45.8331431], [21.6992442, 45.8329831], [21.6995483, 45.8328155], [21.7000852, 45.8328116], [21.7001635, 45.8326972], [21.6998677, 45.8324901], [21.6992399, 45.8324511], [21.6992459, 45.8323499], [21.6998164, 45.8321957], [21.7000441, 45.8318398], [21.7005662, 45.8320188], [21.7011332, 45.831696], [21.7014046, 45.8320469], [21.7015834, 45.8321146], [21.7019952, 45.8317057], [21.7024211, 45.8318638], [21.7025492, 45.8317814], [21.702344, 45.8314533], [21.7024314, 45.8313544], [21.7028616, 45.8316085], [21.7029367, 45.8319176], [21.7031376, 45.8319151], [21.7032798, 45.8317564], [21.7032763, 45.831548], [21.7029153, 45.831197], [21.7029658, 45.8311165], [21.7034915, 45.8312331], [21.7037594, 45.8316769], [21.7041464, 45.83162], [21.7043855, 45.8312075], [21.7045552, 45.8311944], [21.704646, 45.8312387], [21.7045215, 45.8317157], [21.7048666, 45.8317965], [21.7054928, 45.8309957], [21.7053252, 45.8307381], [21.7048752, 45.8306515], [21.7050748, 45.8304351], [21.7054222, 45.8303076], [21.7058784, 45.830593], [21.7064252, 45.8305894], [21.706567, 45.8305101], [21.7063762, 45.8300451], [21.7059098, 45.8299331], [21.7061888, 45.8296856], [21.7068943, 45.8296199], [21.7068856, 45.8294641], [21.7062675, 45.8292282], [21.706303, 45.8291089], [21.7066013, 45.8290037], [21.7074028, 45.8289615], [21.707501, 45.8290491], [21.7072817, 45.8293636], [21.7078628, 45.8296192], [21.7080453, 45.8295912], [21.7081465, 45.829358], [21.70797, 45.8289488], [21.708521, 45.8286716], [21.708149, 45.8282917], [21.7086393, 45.8282684], [21.7089418, 45.8277943], [21.7088159, 45.8272337], [21.7084949, 45.8270828], [21.7068046, 45.8247544], [21.7078508, 45.8244708], [21.7080803, 45.8242917], [21.7080308, 45.8241542], [21.7075936, 45.8239527], [21.7071428, 45.8239133], [21.706829, 45.8236403], [21.7047579, 45.8209823], [21.7016332, 45.8175982], [21.7004405, 45.8161089], [21.7001036, 45.8154177], [21.7004478, 45.8148379], [21.7002131, 45.814196], [21.6980197, 45.8146091], [21.6969226, 45.8145208], [21.6966585, 45.8146506], [21.6966472, 45.8148419], [21.6964021, 45.8150556], [21.6936244, 45.815495], [21.69222, 45.8160329], [21.6919614, 45.8163982], [21.6895465, 45.8171165]]]]}}, {"id": "90", "type": "Feature", "properties": {"name": "Belin\u021b", "judet": "TIMI\u0218", "admin_level": "8", "wikidata": null, "place": "municipality", "osm_id": 13943289, "siruta": "155797", "siruta_score": null, "pop_total": 0, "gp_count": null, "nearest_school_m": 1981.955802231624, "nearest_gp_m": null, "nearest_er_m": 13582.458589854075, "school_score": 85.97205996811965, "gp_score": null, "hospital_score": 91.0438535253648, "composite_score": 87.66265782053469, "partial_data": true, "_color_composite": "#f5ecd9", "_color_school": "#f5ecd9", "_color_gp": "#9a9a9a", "_color_hospital": "#f5ecd9", "_display_color": "#f5ecd9"}, "geometry": {"type": "MultiPolygon", "coordinates": [[[[21.699616, 45.7374239], [21.7016468, 45.7374816], [21.7025228, 45.7377269], [21.7042172, 45.7377177], [21.7052456, 45.7380012], [21.7080628, 45.7381934], [21.7101153, 45.7382037], [21.7108473, 45.7380796], [21.7121219, 45.7380207], [21.7133502, 45.7380919], [21.7151454, 45.7379517], [21.7167242, 45.7379364], [21.71908, 45.7379251], [21.7199354, 45.7380472], [21.7223722, 45.7381044], [21.7251283, 45.7379224], [21.7284561, 45.7373547], [21.7295629, 45.7372541], [21.7318403, 45.737392], [21.7332931, 45.7372254], [21.7340448, 45.7372858], [21.7354271, 45.7368418], [21.737677, 45.7365469], [21.7397698, 45.7358928], [21.7411189, 45.7355917], [21.7445901, 45.7354347], [21.7462625, 45.7350843], [21.7478258, 45.735093], [21.7484276, 45.7349693], [21.7501367, 45.7351081], [21.7517414, 45.7351212], [21.752911, 45.7349962], [21.7549401, 45.7345142], [21.7589336, 45.7338358], [21.7617284, 45.7336201], [21.7657017, 45.7336341], [21.7670268, 45.7333078], [21.7691917, 45.7324519], [21.7714337, 45.7319528], [21.7722281, 45.7319892], [21.7731135, 45.7321652], [21.7743821, 45.7326661], [21.774572, 45.7328151], [21.7757656, 45.7332327], [21.7779177, 45.7332542], [21.7788503, 45.7330381], [21.7792834, 45.7327985], [21.7797774, 45.7324004], [21.7807455, 45.731231], [21.7825977, 45.7299783], [21.7829546, 45.7298355], [21.7857178, 45.7294001], [21.7867517, 45.729014], [21.7885212, 45.7277296], [21.789303, 45.7268793], [21.7903022, 45.726225], [21.7918694, 45.7255602], [21.7931343, 45.7255804], [21.7932542, 45.725607], [21.7940553, 45.7259492], [21.7942373, 45.7259485], [21.8084944, 45.7323903], [21.8042103, 45.7360839], [21.8019805, 45.7383198], [21.8000065, 45.7399557], [21.8009415, 45.7398692], [21.8022604, 45.7453706], [21.8138166, 45.7438975], [21.822964, 45.7497491], [21.8223856, 45.7498711], [21.8211121, 45.7503709], [21.8205928, 45.7506937], [21.8200532, 45.7507551], [21.8229556, 45.7544346], [21.8219232, 45.7547652], [21.8254285, 45.7595893], [21.8248387, 45.7603195], [21.8261186, 45.7623275], [21.8255856, 45.7624324], [21.8270335, 45.7680001], [21.8255655, 45.7673929], [21.8250736, 45.7670574], [21.8215238, 45.7667747], [21.8214613, 45.7672031], [21.8206459, 45.7671934], [21.8206656, 45.7678808], [21.8215875, 45.7687668], [21.8227599, 45.769273], [21.8245279, 45.7702971], [21.8231997, 45.7717662], [21.8219326, 45.7740734], [21.8210963, 45.7740538], [21.8143806, 45.7791223], [21.8146615, 45.7794142], [21.8153691, 45.7798157], [21.8157742, 45.7804053], [21.816171, 45.7806876], [21.8162756, 45.7813867], [21.8157842, 45.7817432], [21.8155819, 45.7821942], [21.8161364, 45.7826532], [21.8161237, 45.7833956], [21.8163388, 45.7835195], [21.8170504, 45.7834757], [21.8173383, 45.7835418], [21.8177996, 45.7841816], [21.8180689, 45.7841985], [21.818734, 45.7840253], [21.8192317, 45.7843068], [21.8196302, 45.7846866], [21.8197798, 45.7854091], [21.8201046, 45.7858617], [21.8200827, 45.7865271], [21.8202286, 45.7868325], [21.8203222, 45.7876791], [21.8199045, 45.7881069], [21.8199008, 45.7889279], [21.8201292, 45.7893348], [21.8380681, 45.7931843], [21.8394265, 45.793483], [21.8396357, 45.7935291], [21.8403124, 45.7936788], [21.8388241, 45.7954253], [21.837543, 45.7949369], [21.8369838, 45.7954351], [21.8356215, 45.7972105], [21.8346336, 45.7967901], [21.8331305, 45.7982679], [21.8324674, 45.7991029], [21.8309716, 45.7983876], [21.8294668, 45.7979293], [21.8252632, 45.796088], [21.8229141, 45.7952253], [21.8215056, 45.7945465], [21.8201114, 45.7940716], [21.8191491, 45.7955141], [21.8178353, 45.797139], [21.817277, 45.7976528], [21.816821, 45.7975765], [21.8161322, 45.7971231], [21.8141423, 45.7963553], [21.8132358, 45.7956375], [21.812127, 45.7956028], [21.8086564, 45.8083959], [21.8066918, 45.8150616], [21.806441, 45.8164538], [21.8060031, 45.8178793], [21.8060878, 45.818837], [21.8059453, 45.8191795], [21.8061192, 45.820259], [21.8060345, 45.8210236], [21.8057895, 45.8216792], [21.8053147, 45.8222361], [21.8129153, 45.8343512], [21.8122661, 45.8344408], [21.8070068, 45.8351071], [21.803908, 45.8353597], [21.800344, 45.8358943], [21.8002219, 45.8358986], [21.7997531, 45.8355819], [21.799504, 45.8357201], [21.7993642, 45.835693], [21.7991617, 45.8355033], [21.7990945, 45.8352265], [21.7985735, 45.8351286], [21.798472, 45.8345313], [21.7980595, 45.8339662], [21.7975172, 45.833951], [21.7971645, 45.8337707], [21.7971874, 45.8332272], [21.7969811, 45.8325691], [21.7967345, 45.8323763], [21.7963511, 45.832441], [21.7961548, 45.8322884], [21.7957723, 45.8322892], [21.7956573, 45.8321195], [21.79587, 45.8317459], [21.7952713, 45.8313304], [21.7949423, 45.8311721], [21.7940592, 45.8311569], [21.7939178, 45.831062], [21.7938061, 45.8308826], [21.7940009, 45.8306286], [21.7940224, 45.8303988], [21.7935162, 45.8301833], [21.7935939, 45.8299416], [21.793484, 45.8293944], [21.7930739, 45.8288332], [21.7922827, 45.8286657], [21.7924989, 45.8286156], [21.7919288, 45.8286035], [21.7917766, 45.8285024], [21.7916581, 45.8281544], [21.7913923, 45.828054], [21.7910178, 45.8281577], [21.7907247, 45.8278106], [21.7903899, 45.8278572], [21.790285, 45.8276102], [21.7899949, 45.827451], [21.7896796, 45.8275835], [21.7888634, 45.8276109], [21.7886578, 45.8280524], [21.788491, 45.8278695], [21.7885803, 45.8274267], [21.7884122, 45.8273135], [21.7880387, 45.8273998], [21.7874361, 45.8277585], [21.7870844, 45.8274259], [21.7866949, 45.8273569], [21.7863793, 45.8274951], [21.7864906, 45.8272949], [21.7869642, 45.8272502], [21.7870546, 45.8269333], [21.786587, 45.8267768], [21.7860364, 45.8268581], [21.7857598, 45.827042], [21.7858211, 45.8267959], [21.7856808, 45.8265847], [21.7849479, 45.8264653], [21.7844055, 45.8260245], [21.7842139, 45.8259842], [21.783148, 45.8263511], [21.7830114, 45.8259813], [21.7822981, 45.82557], [21.7826807, 45.8254221], [21.7828377, 45.8252464], [21.7827337, 45.8249261], [21.7820188, 45.8247928], [21.7814171, 45.8248172], [21.7811193, 45.8243673], [21.7808191, 45.8243009], [21.7809448, 45.8241747], [21.7811055, 45.8233849], [21.7816108, 45.8227727], [21.7815131, 45.8226182], [21.7809714, 45.8226305], [21.7809388, 45.8225109], [21.7811868, 45.8223882], [21.7814598, 45.8218992], [21.7808817, 45.821927], [21.7802669, 45.8218051], [21.7754992, 45.820048], [21.7775438, 45.8165871], [21.7698066, 45.8150132], [21.7698966, 45.8148241], [21.7707783, 45.8140641], [21.7712706, 45.8129613], [21.7710178, 45.812108], [21.7715101, 45.8115355], [21.7707607, 45.8113378], [21.7707449, 45.8111462], [21.770904, 45.810978], [21.7714774, 45.8109296], [21.7716981, 45.8105258], [21.7720478, 45.8106532], [21.77238, 45.8105346], [21.7727324, 45.8106502], [21.7729984, 45.8103844], [21.7733191, 45.8103723], [21.773494, 45.8101449], [21.7739242, 45.8100343], [21.7740159, 45.8097089], [21.7735468, 45.8088586], [21.7725926, 45.8086067], [21.7725394, 45.808414], [21.7726993, 45.8082011], [21.7725919, 45.808029], [21.772172, 45.8078829], [21.7717344, 45.8080723], [21.7711061, 45.8076336], [21.7713261, 45.8072883], [21.7718768, 45.8069572], [21.7720788, 45.8061691], [21.7716863, 45.8056649], [21.7716418, 45.8048672], [21.7713275, 45.8047556], [21.7707286, 45.8047536], [21.7704209, 45.8045423], [21.7699358, 45.8039434], [21.7704654, 45.803485], [21.7704113, 45.80325], [21.7698321, 45.8024833], [21.7700834, 45.8020716], [21.7700579, 45.8008832], [21.7703318, 45.8003379], [21.7703789, 45.7999242], [21.7698378, 45.7992505], [21.7693433, 45.7988394], [21.7686547, 45.7986074], [21.7678352, 45.7981348], [21.7677489, 45.7973037], [21.7682948, 45.7969924], [21.7683976, 45.7966649], [21.7687724, 45.796637], [21.7691407, 45.7962933], [21.7693798, 45.7957374], [21.7698334, 45.7955464], [21.7698756, 45.7952482], [21.7697372, 45.7948033], [21.769577, 45.7946559], [21.769565, 45.7944331], [21.7692501, 45.7943161], [21.7693002, 45.7940403], [21.7689487, 45.7932884], [21.7691274, 45.7931323], [21.7694719, 45.7930288], [21.7698085, 45.7927267], [21.7704058, 45.7924709], [21.7703713, 45.7919298], [21.7701401, 45.79178], [21.7701649, 45.7916586], [21.7710815, 45.7912666], [21.7707344, 45.7907007], [21.7700482, 45.7906122], [21.7697667, 45.7903459], [21.7696492, 45.7900574], [21.7696712, 45.789371], [21.769794, 45.7893497], [21.7701896, 45.7896035], [21.7712375, 45.7895694], [21.7716212, 45.7896334], [21.7738408, 45.7836588], [21.7740322, 45.783457], [21.7731624, 45.7829792], [21.7707332, 45.781999], [21.7694952, 45.781042], [21.7688605, 45.7808965], [21.7678265, 45.7808247], [21.7662282, 45.7811019], [21.7643898, 45.7810603], [21.7637354, 45.7809083], [21.7627279, 45.7805114], [21.7618178, 45.7803545], [21.7576957, 45.7801004], [21.7545524, 45.7795181], [21.75145, 45.7791849], [21.7497563, 45.779144], [21.7473859, 45.7789385], [21.746668, 45.7788312], [21.7460388, 45.7785477], [21.7448313, 45.7794498], [21.7444415, 45.7795447], [21.7443592, 45.7797389], [21.7437331, 45.7797086], [21.7433339, 45.7798672], [21.7433739, 45.7802225], [21.7437265, 45.7806485], [21.7431725, 45.7812914], [21.7431376, 45.7815844], [21.7435375, 45.7818491], [21.7448298, 45.7818271], [21.7454628, 45.782132], [21.7459281, 45.7826624], [21.7459466, 45.7838262], [21.7462513, 45.7842544], [21.7458864, 45.7848673], [21.7469267, 45.7851786], [21.747543, 45.7856989], [21.7475789, 45.7862117], [21.748248, 45.7863317], [21.7485725, 45.7865003], [21.7486597, 45.7868745], [21.7479105, 45.7876057], [21.7479496, 45.7877166], [21.7483925, 45.7879486], [21.7485201, 45.7881506], [21.747805, 45.788688], [21.7473424, 45.789367], [21.7474594, 45.78962], [21.747712, 45.7898043], [21.7491595, 45.7902582], [21.7492518, 45.790459], [21.7487632, 45.7909781], [21.7479525, 45.7912861], [21.7475729, 45.7915797], [21.7475367, 45.7917221], [21.7478835, 45.791987], [21.7474807, 45.7926674], [21.7465493, 45.7927878], [21.7464061, 45.7929839], [21.7463974, 45.7933077], [21.736463, 45.7950497], [21.7356807, 45.7904448], [21.7352799, 45.7904563], [21.7353601, 45.7898234], [21.7350974, 45.7893793], [21.7354708, 45.7885954], [21.7352176, 45.7884191], [21.7345559, 45.7881932], [21.7344783, 45.7873001], [21.7341735, 45.7870819], [21.7311794, 45.7863259], [21.7316006, 45.7831362], [21.7317379, 45.778937], [21.7183109, 45.7786007], [21.7186904, 45.777898], [21.7205676, 45.7745003], [21.7152777, 45.7749228], [21.7147027, 45.7718355], [21.7150943, 45.7717985], [21.7150789, 45.771664], [21.7144763, 45.7683718], [21.709382, 45.7624109], [21.7095759, 45.7615699], [21.7105769, 45.7617652], [21.7105501, 45.7615363], [21.7110052, 45.7611754], [21.7116038, 45.7601345], [21.712198, 45.7594945], [21.7119025, 45.7591452], [21.7044315, 45.7507704], [21.6960447, 45.7517492], [21.6995818, 45.7388971], [21.699616, 45.7374239]]]]}}, {"id": "91", "type": "Feature", "properties": {"name": "Topolov\u0103\u021bu Mare", "judet": "TIMI\u0218", "admin_level": "8", "wikidata": null, "place": "municipality", "osm_id": 13943290, "siruta": "158966", "siruta_score": null, "pop_total": 0, "gp_count": null, "nearest_school_m": 1503.571838095777, "nearest_gp_m": null, "nearest_er_m": 23120.501148712992, "school_score": 92.80611659863176, "gp_score": null, "hospital_score": 67.19874712821752, "composite_score": 84.27032677516034, "partial_data": true, "_color_composite": "#f5ecd9", "_color_school": "#f5ecd9", "_color_gp": "#9a9a9a", "_color_hospital": "#e8c8b8", "_display_color": "#f5ecd9"}, "geometry": {"type": "MultiPolygon", "coordinates": [[[[21.5671237, 45.7513725], [21.5675999, 45.7517008], [21.5682705, 45.7518022], [21.5686901, 45.7516185], [21.5687279, 45.7514173], [21.5685267, 45.7508161], [21.568686, 45.7505769], [21.5693381, 45.7504834], [21.5703458, 45.7501388], [21.5708091, 45.7502123], [21.5712388, 45.7501615], [21.5721954, 45.7453832], [21.5724631, 45.7448438], [21.5927167, 45.7444584], [21.5918557, 45.7424639], [21.5978145, 45.7413545], [21.5979864, 45.7411946], [21.6131834, 45.7391858], [21.61515, 45.7463568], [21.6244267, 45.7496996], [21.6272544, 45.7506505], [21.6276126, 45.7505592], [21.6278777, 45.7503398], [21.6275463, 45.7498951], [21.6272015, 45.7496734], [21.6273086, 45.7490239], [21.627481, 45.7488566], [21.6281074, 45.7486793], [21.628594, 45.7486858], [21.6291556, 45.7485614], [21.6293671, 45.7481171], [21.6291743, 45.7469878], [21.6292657, 45.7465869], [21.6298492, 45.746377], [21.6309091, 45.7465298], [21.6321665, 45.7464334], [21.6325048, 45.7417662], [21.6505684, 45.7377461], [21.6509451, 45.7378802], [21.6497801, 45.7336166], [21.648042, 45.7288134], [21.6476245, 45.7271592], [21.6480968, 45.7265501], [21.6527085, 45.7283638], [21.6589951, 45.730574], [21.663606, 45.7324126], [21.6646931, 45.732934], [21.6694517, 45.7344335], [21.6711185, 45.7351051], [21.6739504, 45.7371513], [21.6749481, 45.7374728], [21.6761233, 45.7375579], [21.6809647, 45.7373686], [21.6841679, 45.7375508], [21.6870271, 45.7376061], [21.687506, 45.7374929], [21.6897409, 45.7374689], [21.6936683, 45.7375935], [21.6953096, 45.7377809], [21.6965497, 45.7376898], [21.6974734, 45.7374242], [21.6985794, 45.7373581], [21.699616, 45.7374239], [21.6995818, 45.7388971], [21.6960447, 45.7517492], [21.7044315, 45.7507704], [21.7119025, 45.7591452], [21.712198, 45.7594945], [21.7116038, 45.7601345], [21.7110052, 45.7611754], [21.7105501, 45.7615363], [21.7105769, 45.7617652], [21.7095759, 45.7615699], [21.709382, 45.7624109], [21.7144763, 45.7683718], [21.7150789, 45.771664], [21.7150943, 45.7717985], [21.7147027, 45.7718355], [21.7152777, 45.7749228], [21.7205676, 45.7745003], [21.7186904, 45.777898], [21.7183109, 45.7786007], [21.7180168, 45.7792144], [21.7131886, 45.7886583], [21.7051967, 45.786693], [21.7003067, 45.7961185], [21.6960374, 45.8010958], [21.6912267, 45.8064574], [21.6880795, 45.8104026], [21.6922589, 45.8120521], [21.6884787, 45.8164353], [21.6890532, 45.8167224], [21.6895465, 45.8171165], [21.6895856, 45.8171941], [21.6897146, 45.8173978], [21.6895372, 45.8176042], [21.687674, 45.8186472], [21.6862931, 45.8189566], [21.6859644, 45.8192054], [21.6855274, 45.8192478], [21.6853782, 45.8193504], [21.685655, 45.8198084], [21.6852724, 45.8199611], [21.6850274, 45.820204], [21.6835849, 45.8204144], [21.6833084, 45.8205535], [21.6827346, 45.8204438], [21.6820978, 45.8205965], [21.6803728, 45.8207714], [21.6801465, 45.8209009], [21.6788367, 45.8204031], [21.6772477, 45.8196046], [21.6762952, 45.8192969], [21.6761587, 45.8191874], [21.6764537, 45.8186353], [21.6760759, 45.8184715], [21.6751258, 45.8182235], [21.6734505, 45.8176075], [21.6707494, 45.816956], [21.6693868, 45.8168632], [21.6609241, 45.817], [21.6591089, 45.8169632], [21.6585412, 45.8171689], [21.6583531, 45.8171564], [21.6584102, 45.816336], [21.6586309, 45.8156384], [21.6584337, 45.8152092], [21.6580173, 45.8146637], [21.657478, 45.8143025], [21.656583, 45.8139193], [21.6561378, 45.820106], [21.6557941, 45.8230848], [21.6556534, 45.8231779], [21.6558525, 45.8234046], [21.6505118, 45.8323835], [21.6499039, 45.8334927], [21.6501077, 45.8335737], [21.6474074, 45.8343881], [21.6435873, 45.8358167], [21.6417883, 45.8386618], [21.640927, 45.8406403], [21.6402232, 45.8416554], [21.6384376, 45.8431506], [21.6382331, 45.8432446], [21.6371286, 45.843268], [21.6355023, 45.8437311], [21.6326684, 45.8455788], [21.6315862, 45.8466854], [21.6310576, 45.8475638], [21.6302844, 45.8484686], [21.6282789, 45.8500535], [21.6278439, 45.8505027], [21.6269797, 45.8504521], [21.6246043, 45.8491851], [21.6224711, 45.8488639], [21.619703, 45.8487215], [21.6180632, 45.8482326], [21.617341, 45.8481151], [21.6143222, 45.8483093], [21.6108635, 45.8487973], [21.6093425, 45.8487677], [21.6077747, 45.8485686], [21.6070139, 45.8481907], [21.6063907, 45.8468073], [21.60671, 45.8458811], [21.607613, 45.8450253], [21.6029081, 45.8442384], [21.6031227, 45.8434879], [21.603441, 45.8430415], [21.6035063, 45.8424937], [21.6037677, 45.8420481], [21.6043789, 45.8401074], [21.6067897, 45.8398596], [21.606464, 45.8386505], [21.6062901, 45.8384599], [21.6063733, 45.8383627], [21.6057666, 45.8379268], [21.6085083, 45.8373571], [21.6077035, 45.8347679], [21.6072857, 45.8326334], [21.6071894, 45.8275392], [21.6070273, 45.8264686], [21.6071062, 45.825745], [21.6061524, 45.8186561], [21.6060406, 45.8169683], [21.6063902, 45.8160587], [21.6059036, 45.8160152], [21.6058883, 45.8158471], [21.6061256, 45.813578], [21.6060646, 45.8118762], [21.5986882, 45.811506], [21.5934257, 45.8103511], [21.5887085, 45.8084198], [21.5856965, 45.8066863], [21.5827433, 45.806282], [21.5775196, 45.8042349], [21.5764535, 45.8032899], [21.5744475, 45.800744], [21.5738879, 45.8004366], [21.5695694, 45.8002119], [21.5668515, 45.8006651], [21.5646638, 45.8033152], [21.5644183, 45.8033569], [21.5640779, 45.8001886], [21.5613355, 45.7809543], [21.556408, 45.7819775], [21.5547996, 45.7696976], [21.559627, 45.7690274], [21.5620652, 45.768846], [21.5629832, 45.7686531], [21.5749258, 45.7648463], [21.5769941, 45.7641456], [21.5786303, 45.7633701], [21.5799918, 45.7629884], [21.5853782, 45.762725], [21.5901853, 45.7628179], [21.592984, 45.7627489], [21.5929447, 45.7623455], [21.5946242, 45.76079], [21.5947353, 45.7603878], [21.5938665, 45.7568748], [21.5698227, 45.7603028], [21.5675314, 45.7521242], [21.5671662, 45.7515732], [21.5671237, 45.7513725]]]]}}, {"id": "92", "type": "Feature", "properties": {"name": "Tormac", "judet": "TIMI\u0218", "admin_level": "8", "wikidata": null, "place": "municipality", "osm_id": 13943291, "siruta": "159035", "siruta_score": null, "pop_total": 0, "gp_count": null, "nearest_school_m": 2849.4611108570443, "nearest_gp_m": null, "nearest_er_m": 30641.560168495384, "school_score": 73.57912698775651, "gp_score": null, "hospital_score": 48.396099578761536, "composite_score": 65.1847845180915, "partial_data": true, "_color_composite": "#e8c8b8", "_color_school": "#e8c8b8", "_color_gp": "#9a9a9a", "_color_hospital": "#d99080", "_display_color": "#e8c8b8"}, "geometry": {"type": "MultiPolygon", "coordinates": [[[[21.3356503, 45.4867316], [21.3361171, 45.4866349], [21.3365944, 45.4862842], [21.3369953, 45.4861678], [21.3372417, 45.4862139], [21.3376389, 45.4865363], [21.338921, 45.4864477], [21.339527, 45.4865917], [21.3402466, 45.4869595], [21.3413119, 45.4878709], [21.3413797, 45.4880654], [21.3412036, 45.4884267], [21.3414315, 45.4885401], [21.3418919, 45.4884192], [21.3421301, 45.4879405], [21.3430548, 45.4883106], [21.3436686, 45.4879953], [21.3444192, 45.487987], [21.3445155, 45.4873557], [21.3446565, 45.4872896], [21.3450522, 45.4873589], [21.3466294, 45.4864753], [21.3470177, 45.4865967], [21.3475666, 45.4871543], [21.3479097, 45.4871558], [21.3484477, 45.4868593], [21.3488673, 45.486901], [21.3501027, 45.4879722], [21.3503056, 45.4880367], [21.3509239, 45.4877427], [21.3516279, 45.4877011], [21.3516992, 45.4871902], [21.3521363, 45.4869936], [21.3525363, 45.4871209], [21.3530939, 45.487669], [21.3535758, 45.4877328], [21.3542874, 45.4880468], [21.3547195, 45.488092], [21.3556452, 45.4874926], [21.3562968, 45.4876133], [21.3571075, 45.487423], [21.3578827, 45.4876556], [21.358358, 45.4874162], [21.3584647, 45.4870732], [21.3587477, 45.486989], [21.3588878, 45.4870043], [21.3594333, 45.4891872], [21.3666716, 45.4883842], [21.3668287, 45.4889917], [21.3765457, 45.4902427], [21.3767121, 45.4907735], [21.3837321, 45.4898913], [21.3880784, 45.489959], [21.3881278, 45.4894484], [21.4011925, 45.4908988], [21.4094646, 45.4851661], [21.4103514, 45.4863823], [21.4207488, 45.4808586], [21.4216289, 45.4822927], [21.4228916, 45.4833563], [21.4239703, 45.4824304], [21.4251823, 45.4818381], [21.4300915, 45.4785787], [21.4350912, 45.475055], [21.4350595, 45.4749452], [21.4395002, 45.4725186], [21.4389335, 45.4719141], [21.4386009, 45.4712111], [21.4384775, 45.4702817], [21.4389504, 45.4703262], [21.4396656, 45.4696849], [21.4399314, 45.4697109], [21.4401057, 45.4699236], [21.440457, 45.4696021], [21.4411344, 45.4695985], [21.4414037, 45.4693885], [21.4411272, 45.4691777], [21.4415134, 45.469081], [21.4419236, 45.4691267], [21.4422203, 45.4689309], [21.4427876, 45.4692456], [21.4431004, 45.4688697], [21.4436874, 45.4685809], [21.4442442, 45.4686648], [21.4443337, 45.4684187], [21.4445039, 45.4683444], [21.4447358, 45.4683891], [21.4445617, 45.4686043], [21.4448801, 45.4687115], [21.4450426, 45.468676], [21.4452058, 45.4684354], [21.4453645, 45.4684268], [21.4455373, 45.46874], [21.4458187, 45.4688923], [21.4459937, 45.4688594], [21.4461206, 45.4686675], [21.4465946, 45.4685871], [21.446737, 45.468805], [21.4466342, 45.4690442], [21.4468419, 45.469103], [21.4477135, 45.468794], [21.4480224, 45.4688413], [21.4482222, 45.4685235], [21.4488754, 45.4685754], [21.449433, 45.4683943], [21.4494443, 45.4682741], [21.4491494, 45.4681462], [21.4492459, 45.4680485], [21.4496656, 45.4681057], [21.4499171, 45.4679799], [21.4505378, 45.4680963], [21.4507888, 45.4684098], [21.451178, 45.4682123], [21.4515557, 45.4684971], [21.4517824, 45.4684042], [21.4519493, 45.4680385], [21.452296, 45.4679709], [21.4535215, 45.4688942], [21.4534454, 45.4691107], [21.4539023, 45.4691916], [21.4538885, 45.469535], [21.4545668, 45.4697917], [21.455602, 45.4699378], [21.4559133, 45.4700953], [21.4568396, 45.4710598], [21.4568465, 45.4714927], [21.4572874, 45.4717524], [21.4576032, 45.4717282], [21.4575764, 45.4719275], [21.4579391, 45.4722573], [21.4579306, 45.4727616], [21.4582512, 45.4727936], [21.4587176, 45.4726521], [21.4593956, 45.4726868], [21.4594467, 45.4726947], [21.4595556, 45.4733066], [21.458709, 45.476773], [21.4643862, 45.4787975], [21.4679949, 45.4799665], [21.473423, 45.4820762], [21.4870126, 45.4868409], [21.4878315, 45.4872348], [21.489265, 45.4873951], [21.4900137, 45.4868964], [21.4905473, 45.4867146], [21.4911117, 45.4856502], [21.4914215, 45.4854865], [21.492214, 45.4854856], [21.4938689, 45.4857857], [21.494354, 45.4859514], [21.494663, 45.4864661], [21.4953374, 45.4868314], [21.4965511, 45.4870601], [21.4976162, 45.4875476], [21.4982513, 45.4876524], [21.4986678, 45.4876013], [21.4994358, 45.4878236], [21.5007622, 45.4885589], [21.5013737, 45.4886151], [21.5019016, 45.4885317], [21.5058149, 45.4904317], [21.5115559, 45.4935909], [21.5150875, 45.493852], [21.5184029, 45.4938726], [21.5290598, 45.4943224], [21.5466137, 45.4883496], [21.5519587, 45.4893046], [21.5565644, 45.4901387], [21.5518882, 45.4934073], [21.5591428, 45.5001267], [21.5661862, 45.496444], [21.5686596, 45.4977444], [21.5706346, 45.4990515], [21.5726283, 45.5000528], [21.5733746, 45.5005787], [21.573629, 45.5010022], [21.5735104, 45.5014144], [21.5739175, 45.5018863], [21.5738327, 45.5022558], [21.575737, 45.5042173], [21.5768421, 45.5047848], [21.5777474, 45.5047464], [21.5779166, 45.505036], [21.5783596, 45.504918], [21.5791273, 45.5050943], [21.5800629, 45.5055821], [21.581196, 45.5064041], [21.5820012, 45.5075008], [21.5825043, 45.5079317], [21.5830749, 45.5082772], [21.5838599, 45.5081695], [21.5838466, 45.5083879], [21.584435, 45.5089528], [21.5843641, 45.5096072], [21.5838402, 45.5100292], [21.582798, 45.5097571], [21.5826209, 45.5095986], [21.5826612, 45.5094466], [21.5820654, 45.5095162], [21.5803283, 45.5088949], [21.5793594, 45.5089533], [21.5790016, 45.5092052], [21.5791112, 45.5094492], [21.5789319, 45.5098378], [21.5792565, 45.5101321], [21.5791504, 45.5108511], [21.5792965, 45.5110087], [21.5790941, 45.5112653], [21.5792375, 45.5114665], [21.580178, 45.5113635], [21.5799961, 45.5117928], [21.580076, 45.5120141], [21.5805165, 45.5119398], [21.5811608, 45.5115871], [21.5815, 45.5116411], [21.5816137, 45.5118196], [21.5814277, 45.5123174], [21.5815401, 45.5125177], [21.5817524, 45.5126117], [21.5817093, 45.5128073], [21.5820188, 45.5128385], [21.5823177, 45.5130445], [21.5819439, 45.5135585], [21.5820265, 45.5137361], [21.5823658, 45.5137901], [21.5825417, 45.5139704], [21.5824027, 45.514207], [21.582238, 45.5143553], [21.581527, 45.5142682], [21.5803338, 45.5144293], [21.5798094, 45.5143479], [21.5794199, 45.5140954], [21.5790189, 45.5145429], [21.5787636, 45.5146447], [21.5783284, 45.5146316], [21.5780718, 45.5147552], [21.5777005, 45.5152255], [21.5773222, 45.5153016], [21.5766468, 45.5156534], [21.5756503, 45.5166739], [21.5751991, 45.5169229], [21.5746204, 45.5182405], [21.5746964, 45.5185273], [21.5745818, 45.5188741], [21.5739658, 45.5192713], [21.5733454, 45.5192307], [21.5728724, 45.5193259], [21.5721254, 45.5198287], [21.5713833, 45.5197406], [21.571032, 45.5198832], [21.5707913, 45.5203208], [21.5706117, 45.5203785], [21.5697556, 45.5211794], [21.5691091, 45.521363], [21.5677728, 45.5221007], [21.5671783, 45.5228878], [21.5667467, 45.5230521], [21.5661545, 45.5229954], [21.5642309, 45.5240033], [21.56392, 45.5248402], [21.563869, 45.5255402], [21.5633641, 45.5260909], [21.5623988, 45.5268294], [21.5619099, 45.5279867], [21.5609426, 45.5289513], [21.560492, 45.5291218], [21.5601347, 45.5290084], [21.5596566, 45.5291723], [21.5592441, 45.5291809], [21.5590825, 45.5290341], [21.5590761, 45.5284581], [21.55863, 45.5282126], [21.5583282, 45.5284393], [21.5580817, 45.5290872], [21.5578921, 45.5291974], [21.5575065, 45.5292116], [21.5572019, 45.528845], [21.5567265, 45.5292553], [21.5562639, 45.5290332], [21.5560155, 45.5290353], [21.556106, 45.5294929], [21.5568677, 45.5297096], [21.557237, 45.5300811], [21.5571611, 45.5304067], [21.5565715, 45.5305529], [21.5560606, 45.5304742], [21.5557886, 45.5300145], [21.555676, 45.5299372], [21.555481, 45.5299793], [21.5554522, 45.5303599], [21.5559076, 45.5311469], [21.5558136, 45.5316108], [21.5559147, 45.5319867], [21.5558022, 45.5321961], [21.5558987, 45.5322469], [21.5552719, 45.5326254], [21.5551481, 45.5330764], [21.5542039, 45.5333752], [21.5538569, 45.5331816], [21.5534126, 45.5331288], [21.5530494, 45.5338036], [21.5526275, 45.5340084], [21.5519888, 45.5339699], [21.5513411, 45.5334086], [21.5510034, 45.5335077], [21.5509139, 45.5336765], [21.5512374, 45.5338979], [21.5515691, 45.5346057], [21.5508963, 45.5352074], [21.5501529, 45.5349647], [21.5498126, 45.5349505], [21.5496637, 45.5350869], [21.5497276, 45.5354538], [21.5494196, 45.5355144], [21.5492155, 45.5353951], [21.5486799, 45.5353396], [21.5486658, 45.5358568], [21.5481236, 45.5360495], [21.5478916, 45.5360051], [21.5474243, 45.5354599], [21.5472506, 45.535445], [21.5470075, 45.5358588], [21.5471067, 45.5363325], [21.5466751, 45.5364835], [21.5457891, 45.5358389], [21.5454407, 45.5358245], [21.5454914, 45.5364535], [21.5454344, 45.5365592], [21.5451564, 45.5366197], [21.5443966, 45.5365786], [21.5436799, 45.5362079], [21.5436065, 45.5365345], [21.5441839, 45.5372633], [21.5440914, 45.537457], [21.5437248, 45.5375608], [21.5428262, 45.5371461], [21.5425591, 45.5361527], [21.5423571, 45.536043], [21.5421399, 45.5362013], [21.5421731, 45.5368942], [21.5419296, 45.5372146], [21.5408652, 45.5369976], [21.5406874, 45.5370938], [21.5404768, 45.5374986], [21.540184, 45.5375568], [21.53973, 45.5374011], [21.5390665, 45.5369639], [21.5383912, 45.5373954], [21.5381208, 45.5381826], [21.5376981, 45.538442], [21.5373808, 45.5384534], [21.536905, 45.5382593], [21.5366476, 45.5376543], [21.5364429, 45.5375666], [21.5353617, 45.5382728], [21.5349248, 45.5381656], [21.5345485, 45.5378512], [21.5321657, 45.538035], [21.5312412, 45.5384579], [21.5305454, 45.5389358], [21.5303261, 45.539348], [21.5307624, 45.5401058], [21.5304036, 45.5406295], [21.5299669, 45.5406517], [21.5295511, 45.5404635], [21.5294061, 45.5396417], [21.5290605, 45.5395602], [21.5286981, 45.5396814], [21.5286089, 45.5399256], [21.5288006, 45.5407327], [21.5283391, 45.5417859], [21.5279843, 45.5420511], [21.5276354, 45.5420433], [21.5270494, 45.5414287], [21.5270116, 45.5409975], [21.5268305, 45.540756], [21.5260618, 45.5406079], [21.5255753, 45.5407953], [21.5253306, 45.5411498], [21.5256276, 45.5417777], [21.5255476, 45.5423638], [21.5250206, 45.5429514], [21.523255, 45.5437203], [21.5234267, 45.5446955], [21.5232889, 45.5450851], [21.5219855, 45.5460005], [21.5217661, 45.5467107], [21.5210741, 45.5466004], [21.5204453, 45.5462799], [21.5202445, 45.5463495], [21.520319, 45.5468357], [21.5207516, 45.5474163], [21.5206524, 45.5477382], [21.5195217, 45.5479561], [21.5192411, 45.5484829], [21.5188936, 45.548408], [21.5185165, 45.5480619], [21.5181247, 45.5479972], [21.5181328, 45.5482606], [21.5185701, 45.5487811], [21.5185489, 45.5490766], [21.5181327, 45.5492076], [21.5179876, 45.5498279], [21.5176419, 45.5502764], [21.5182583, 45.5505713], [21.5183082, 45.5508919], [21.5174989, 45.5517545], [21.5172336, 45.5518509], [21.5169288, 45.5517917], [21.5159838, 45.5512305], [21.5151969, 45.55169], [21.5146703, 45.5515761], [21.5146806, 45.5516742], [21.5152835, 45.5519914], [21.5152628, 45.5523042], [21.5150689, 45.5525631], [21.5136294, 45.5527569], [21.5133686, 45.5525821], [21.5132262, 45.5519724], [21.5126337, 45.5523912], [21.5130883, 45.5528068], [21.5129162, 45.5530926], [21.5123688, 45.5532685], [21.5125395, 45.5537295], [21.5125205, 45.5542791], [21.512868, 45.5549692], [21.5120926, 45.5554461], [21.5127363, 45.5558116], [21.5126504, 45.5563158], [21.5127708, 45.5563559], [21.5131948, 45.5561967], [21.5136222, 45.5564811], [21.5137757, 45.556757], [21.5136843, 45.5568634], [21.5128489, 45.5570612], [21.5127464, 45.5571941], [21.5130174, 45.5573367], [21.5136345, 45.5571821], [21.5140015, 45.5572077], [21.5144762, 45.5573848], [21.514536, 45.5577192], [21.5141425, 45.5580905], [21.5140188, 45.5584999], [21.5143348, 45.5585335], [21.514764, 45.5583005], [21.5150207, 45.5582768], [21.5153612, 45.5584664], [21.5155374, 45.5587736], [21.5154386, 45.5591339], [21.5149554, 45.5596285], [21.514312, 45.5597789], [21.5135796, 45.5595926], [21.5136662, 45.5597802], [21.5143562, 45.5601681], [21.5143452, 45.5604554], [21.5139604, 45.5606827], [21.5139167, 45.5608367], [21.5133159, 45.5608384], [21.5126011, 45.5603937], [21.5122509, 45.5607779], [21.5119166, 45.5607753], [21.5113704, 45.5600382], [21.5108981, 45.5597515], [21.5108, 45.5599019], [21.5110002, 45.5607446], [21.5106047, 45.5608916], [21.5103665, 45.5607671], [21.5099601, 45.5601548], [21.5096388, 45.5599206], [21.5090061, 45.5601541], [21.508721, 45.5607435], [21.5083509, 45.5606804], [21.5080058, 45.560478], [21.507508, 45.5606669], [21.5071003, 45.5606613], [21.5065596, 45.5603562], [21.5061071, 45.5607952], [21.5054539, 45.5610244], [21.5052191, 45.5612478], [21.5044361, 45.5613905], [21.503998, 45.561586], [21.5037626, 45.5615547], [21.5036414, 45.5613976], [21.5036961, 45.5609794], [21.5035506, 45.5609702], [21.5030764, 45.5613275], [21.5026493, 45.5614131], [21.50199, 45.5607793], [21.5018283, 45.5607446], [21.501269, 45.5609575], [21.5014277, 45.5616524], [21.5011766, 45.5619562], [21.5018531, 45.5623891], [21.50194, 45.5629236], [21.5018022, 45.5631629], [21.5011985, 45.5634749], [21.5010923, 45.5639529], [21.5008055, 45.5639968], [21.4999597, 45.5637244], [21.4996007, 45.5641203], [21.4987707, 45.5640756], [21.4980107, 45.5648576], [21.4965657, 45.5651857], [21.4964289, 45.5660576], [21.4961519, 45.5663386], [21.4954644, 45.5665094], [21.4947244, 45.5664885], [21.4940819, 45.5667018], [21.4938776, 45.5666275], [21.4938728, 45.566333], [21.4936631, 45.5663237], [21.493356, 45.5665625], [21.4932023, 45.5669871], [21.4928833, 45.567307], [21.4925647, 45.5672404], [21.4923474, 45.5670257], [21.4918822, 45.5669837], [21.4914514, 45.5667988], [21.4914939, 45.567058], [21.4907593, 45.5674221], [21.4899297, 45.5676165], [21.4896185, 45.5678552], [21.4882604, 45.5669293], [21.4883168, 45.5668351], [21.487688, 45.5666629], [21.4873569, 45.5662376], [21.4869423, 45.5664491], [21.4866508, 45.5671513], [21.4863884, 45.567435], [21.4858309, 45.5675379], [21.4853809, 45.567245], [21.4848384, 45.5680004], [21.4841569, 45.5677416], [21.4836042, 45.5681502], [21.4822778, 45.5676609], [21.4817829, 45.5676735], [21.480848, 45.5682862], [21.4807141, 45.5687007], [21.4801777, 45.5693934], [21.4737588, 45.565494], [21.4713331, 45.5661716], [21.4708764, 45.5657267], [21.4705634, 45.5669873], [21.4698086, 45.5665864], [21.4696025, 45.5665827], [21.4695475, 45.5667059], [21.4697391, 45.5670014], [21.4711589, 45.5674841], [21.4707032, 45.5677464], [21.4703666, 45.5677705], [21.4696135, 45.5675031], [21.4691209, 45.5677917], [21.468586, 45.567947], [21.4678743, 45.567981], [21.4671642, 45.5678327], [21.465939, 45.5681083], [21.4659368, 45.5684069], [21.4666534, 45.5689927], [21.4666286, 45.5691358], [21.4663286, 45.5692408], [21.466059, 45.5692218], [21.4650815, 45.5687807], [21.4647966, 45.5688556], [21.4647377, 45.5690093], [21.4648883, 45.5691731], [21.4657191, 45.5694793], [21.4659299, 45.5697092], [21.4661016, 45.5700143], [21.4658902, 45.5703055], [21.465674, 45.5703719], [21.4643633, 45.5701703], [21.4634501, 45.5695849], [21.4629153, 45.5697198], [21.4627431, 45.5701384], [21.4634032, 45.5707793], [21.463443, 45.5711102], [21.4627825, 45.571285], [21.4617439, 45.5711034], [21.4612191, 45.5717091], [21.4612449, 45.5720287], [21.4615463, 45.5721723], [21.4620811, 45.5721889], [21.4622451, 45.5725596], [21.4617739, 45.5728158], [21.4608653, 45.5730839], [21.460236, 45.5738032], [21.4592212, 45.5744173], [21.4584234, 45.5753727], [21.4579727, 45.5755248], [21.4571931, 45.5754567], [21.4571051, 45.5742828], [21.4568632, 45.574157], [21.4563954, 45.5743085], [21.4560331, 45.5742295], [21.4557441, 45.5735819], [21.4551781, 45.5733316], [21.4549359, 45.5731745], [21.4550361, 45.5731335], [21.4475123, 45.5691313], [21.4473865, 45.5691371], [21.4418242, 45.5661089], [21.439051, 45.5646291], [21.4346417, 45.5623486], [21.4099495, 45.5489301], [21.4040556, 45.547967], [21.3899311, 45.5458959], [21.3743392, 45.5418254], [21.3700206, 45.540783], [21.3526564, 45.5362092], [21.3546822, 45.5294097], [21.3395026, 45.526695], [21.3405801, 45.522166], [21.3412032, 45.5205015], [21.3456222, 45.503075], [21.3443358, 45.50246], [21.3437014, 45.5027937], [21.3434266, 45.5026504], [21.3428332, 45.5019453], [21.3419529, 45.5019601], [21.3409211, 45.5021884], [21.3402893, 45.5018727], [21.3399973, 45.5020095], [21.3397158, 45.5020005], [21.3386217, 45.5014497], [21.3382487, 45.5013616], [21.3378704, 45.5014903], [21.3378992, 45.5019096], [21.3370709, 45.5021528], [21.3371789, 45.5023282], [21.3366369, 45.5022923], [21.3360726, 45.5026391], [21.3358442, 45.5026175], [21.3357335, 45.5017631], [21.3337608, 45.4941085], [21.3356056, 45.4871683], [21.3356503, 45.4867316]]]]}}, {"id": "93", "type": "Feature", "properties": {"name": "Bogda", "judet": "TIMI\u0218", "admin_level": "8", "wikidata": null, "place": "municipality", "osm_id": 13954479, "siruta": "156035", "siruta_score": null, "pop_total": 0, "gp_count": null, "nearest_school_m": 3096.205713591194, "nearest_gp_m": null, "nearest_er_m": 34169.18644751187, "school_score": 70.05420409155437, "gp_score": null, "hospital_score": 39.57703388122032, "composite_score": 59.89514735477636, "partial_data": true, "_color_composite": "#d99080", "_color_school": "#e8c8b8", "_color_gp": "#9a9a9a", "_color_hospital": "#b54545", "_display_color": "#d99080"}, "geometry": {"type": "MultiPolygon", "coordinates": [[[[21.4631677, 45.9317483], [21.4631255, 45.9316987], [21.460836, 45.9293834], [21.4619453, 45.9299168], [21.4620295, 45.9301679], [21.4622509, 45.9303033], [21.4624559, 45.9300921], [21.4629106, 45.9300027], [21.4638066, 45.9295388], [21.4640234, 45.9292418], [21.4644207, 45.9289929], [21.4638464, 45.9284689], [21.4638714, 45.9281151], [21.4635527, 45.927869], [21.4633623, 45.9272197], [21.4631162, 45.9272777], [21.4628368, 45.926882], [21.4625692, 45.9267728], [21.4617004, 45.9258932], [21.4614612, 45.9252001], [21.4615062, 45.9248488], [21.4619, 45.9246273], [21.4624318, 45.9246961], [21.463151, 45.9243561], [21.4635669, 45.9239895], [21.4637155, 45.923468], [21.4641832, 45.923511], [21.4644943, 45.9234223], [21.4646315, 45.9232489], [21.4650801, 45.923274], [21.4652371, 45.9234497], [21.4650654, 45.9238771], [21.4651876, 45.9239189], [21.465595, 45.9237221], [21.4654781, 45.9234407], [21.4656307, 45.92323], [21.4664777, 45.9230064], [21.4668792, 45.9230723], [21.4671567, 45.923162], [21.4673006, 45.9236209], [21.4670875, 45.9246007], [21.4672168, 45.9250171], [21.4674648, 45.9252885], [21.4671014, 45.9264284], [21.4673389, 45.9266416], [21.4684684, 45.9247533], [21.4684116, 45.9240511], [21.4673464, 45.9216095], [21.4670308, 45.9204094], [21.4667637, 45.9201354], [21.4660092, 45.9197251], [21.4679288, 45.9187775], [21.4687513, 45.9182495], [21.4696025, 45.9172157], [21.4697626, 45.9167197], [21.4697151, 45.9163503], [21.4699525, 45.916101], [21.4711003, 45.915685], [21.4735483, 45.9144256], [21.4750114, 45.9134205], [21.4770271, 45.9125953], [21.4777591, 45.9124448], [21.479545, 45.9123678], [21.4825191, 45.9125739], [21.4837587, 45.9128069], [21.485302, 45.9129226], [21.4863693, 45.9125844], [21.4873383, 45.9127503], [21.4884904, 45.9122632], [21.4897144, 45.9119478], [21.4915159, 45.9119135], [21.4923389, 45.9116544], [21.4932643, 45.9121463], [21.4938605, 45.9127429], [21.4949787, 45.9153461], [21.4964157, 45.9170408], [21.4985891, 45.9187922], [21.4997731, 45.9194872], [21.5003555, 45.9196009], [21.501732, 45.9196217], [21.5053717, 45.9203042], [21.508181, 45.9203902], [21.5087401, 45.9205928], [21.5100902, 45.9216112], [21.510589, 45.9217817], [21.5133198, 45.9219177], [21.5146782, 45.9221694], [21.5166816, 45.9222369], [21.5195286, 45.9213683], [21.5205362, 45.9209185], [21.5225342, 45.9210072], [21.5238074, 45.9219118], [21.5244881, 45.9226215], [21.5256277, 45.9234663], [21.528646, 45.9253571], [21.5323444, 45.9272864], [21.5337434, 45.9276461], [21.5344941, 45.9275514], [21.5352722, 45.9272998], [21.5361708, 45.9272498], [21.5377905, 45.9276347], [21.5383228, 45.9277714], [21.5385095, 45.927851], [21.5400628, 45.928513], [21.5420064, 45.929022], [21.5427622, 45.9295924], [21.5432301, 45.9297965], [21.5434549, 45.9301419], [21.543731, 45.9302866], [21.5463272, 45.9310423], [21.5469845, 45.9313315], [21.5485818, 45.9317151], [21.5511367, 45.9325059], [21.5528329, 45.9331793], [21.5543511, 45.9336166], [21.557258, 45.933848], [21.5586854, 45.9341214], [21.5607397, 45.9342169], [21.5623519, 45.9344534], [21.5642463, 45.9345439], [21.5658092, 45.9347473], [21.5669121, 45.9344766], [21.5686642, 45.9343213], [21.5736231, 45.9340717], [21.574135, 45.9341876], [21.5742853, 45.9343296], [21.575164, 45.9354599], [21.5752687, 45.9360045], [21.5757721, 45.9356353], [21.5776448, 45.9350141], [21.5788261, 45.9344574], [21.5840197, 45.933133], [21.5851809, 45.9324861], [21.5900164, 45.931035], [21.5968475, 45.9311643], [21.5980241, 45.9310474], [21.599346, 45.9304806], [21.6021235, 45.9286352], [21.6034952, 45.9283632], [21.6069524, 45.9283462], [21.6079732, 45.9285669], [21.610256, 45.9288001], [21.6109443, 45.9286457], [21.6111474, 45.928564], [21.6120279, 45.9292528], [21.6131355, 45.9297115], [21.614537, 45.9305376], [21.6150518, 45.931081], [21.6152878, 45.9316065], [21.6150378, 45.932693], [21.6150326, 45.9341328], [21.6156269, 45.9362861], [21.6159346, 45.9367689], [21.6160445, 45.9371738], [21.6172872, 45.9378523], [21.6184737, 45.9387147], [21.6190772, 45.940275], [21.6192993, 45.9412812], [21.6195138, 45.9416313], [21.6200678, 45.9421521], [21.6211539, 45.9428841], [21.6214645, 45.9431902], [21.6236936, 45.9433711], [21.6260452, 45.9431178], [21.6281059, 45.9427685], [21.6296029, 45.9427305], [21.6300202, 45.9427725], [21.6304258, 45.9439449], [21.6349006, 45.9537875], [21.6364921, 45.9577601], [21.637054, 45.9596098], [21.6373137, 45.9599579], [21.6376803, 45.9609727], [21.6382249, 45.9617602], [21.6387672, 45.9637286], [21.6403932, 45.9681546], [21.6415324, 45.9721199], [21.6419297, 45.9740149], [21.6413926, 45.9743117], [21.6410501, 45.9742769], [21.6400262, 45.9745931], [21.6380019, 45.9748316], [21.637762, 45.9747801], [21.6365518, 45.9751284], [21.6350702, 45.9752755], [21.6325315, 45.9753474], [21.6322846, 45.9753839], [21.6322719, 45.9753858], [21.6279535, 45.9758197], [21.6248938, 45.9746924], [21.6234558, 45.9750528], [21.6225618, 45.9749094], [21.6212996, 45.9752285], [21.6215508, 45.9764951], [21.6160279, 45.9771368], [21.6158475, 45.9772608], [21.6166501, 45.9788407], [21.6169607, 45.9797883], [21.6181474, 45.9819166], [21.6171886, 45.9823677], [21.6156507, 45.9828776], [21.6154221, 45.982729], [21.6149375, 45.9827808], [21.6142673, 45.9831702], [21.613305, 45.9833826], [21.6088447, 45.9849345], [21.6049914, 45.9860758], [21.604652, 45.986161], [21.6030496, 45.9865782], [21.5982882, 45.9881778], [21.5956404, 45.9888881], [21.5941456, 45.9895045], [21.5934588, 45.9896822], [21.5910239, 45.9905723], [21.5918397, 45.9946086], [21.5913395, 45.994631], [21.5905684, 45.994855], [21.5888031, 45.9951496], [21.5842463, 45.9961998], [21.5836606, 45.9962283], [21.5834238, 45.9963527], [21.5826394, 45.9964731], [21.5810431, 45.9969247], [21.5799544, 45.9971248], [21.5783022, 45.9976061], [21.5756659, 45.9981776], [21.5755574, 45.9979659], [21.5753599, 45.9979525], [21.5753384, 45.9977814], [21.5751029, 45.997711], [21.5750821, 45.9980136], [21.5747754, 45.9981009], [21.5745401, 45.9982747], [21.574649, 45.9984172], [21.5741707, 45.9985622], [21.5737373, 45.9985341], [21.5735829, 45.9982692], [21.572941, 45.9981938], [21.5729807, 45.9980693], [21.5726685, 45.9978952], [21.5724534, 45.9979941], [21.5724382, 45.9982541], [21.5719516, 45.9983182], [21.5720243, 45.9987886], [21.5709465, 45.9991355], [21.5708004, 45.9993145], [21.5692115, 45.9996504], [21.567317, 46.0004616], [21.564906, 46.001188], [21.5639824, 46.0013814], [21.5605837, 46.0024885], [21.5606601, 45.999678], [21.5602733, 45.9996663], [21.5602675, 45.9996041], [21.5604405, 45.9984646], [21.5604073, 45.996763], [21.5605705, 45.9962079], [21.5596858, 45.9960321], [21.5574216, 45.9958048], [21.5572223, 45.9956906], [21.5539796, 45.9954059], [21.5520717, 45.9951399], [21.5520508, 45.9951418], [21.5514768, 45.9950762], [21.5513044, 45.9949071], [21.5498478, 45.9947689], [21.5494662, 45.9946618], [21.5494114, 45.994513], [21.5490996, 45.9944649], [21.5488016, 45.9945229], [21.5485433, 45.9944354], [21.5483291, 45.9941919], [21.5476626, 45.9944903], [21.5474351, 45.9943628], [21.5471861, 45.9943928], [21.5460159, 45.9941644], [21.5458863, 45.9940555], [21.5456001, 45.9941615], [21.545097, 45.994133], [21.5445625, 45.9939564], [21.5437143, 45.9939642], [21.5419169, 45.9936696], [21.5416646, 45.9935498], [21.5404463, 45.9934328], [21.5392288, 45.9931872], [21.5390949, 45.9929838], [21.5382138, 45.9928413], [21.5373246, 45.9927224], [21.5372961, 45.9928181], [21.5369422, 45.9928568], [21.5366896, 45.9927556], [21.5367847, 45.9926456], [21.5365, 45.992602], [21.5365329, 45.992685], [21.5362023, 45.9926846], [21.5360381, 45.9927629], [21.5357268, 45.9926449], [21.5359004, 45.9925271], [21.535822, 45.9921723], [21.5349826, 45.9926277], [21.5347783, 45.9924953], [21.5347969, 45.9923631], [21.5345704, 45.9922465], [21.5343278, 45.9922494], [21.5339834, 45.992389], [21.53378, 45.9922496], [21.5332985, 45.9922518], [21.5324881, 45.9919711], [21.5319149, 45.9918892], [21.5318136, 45.9917228], [21.5318529, 45.9913018], [21.5321226, 45.9908101], [21.5319668, 45.9905507], [21.531872, 45.9904863], [21.5308424, 45.9904586], [21.5306994, 45.9916801], [21.5304568, 45.9921323], [21.530601, 45.9923537], [21.5311917, 45.9926568], [21.531147, 45.992983], [21.530743, 45.9929009], [21.53011, 45.9929311], [21.5297386, 45.9932336], [21.5297918, 45.9939444], [21.5296889, 45.9950629], [21.52976, 45.9951891], [21.5303233, 45.9954577], [21.5300451, 45.995544], [21.5300732, 45.9957323], [21.529859, 45.995794], [21.5301783, 45.9958929], [21.5301841, 45.9959981], [21.5295718, 45.9957925], [21.52939, 45.9958195], [21.5277433, 45.9955002], [21.5271284, 45.9952421], [21.5267893, 45.9949881], [21.5264264, 45.9951359], [21.5252058, 45.9949782], [21.52475, 45.9948738], [21.5244732, 45.9947049], [21.5238344, 45.9947081], [21.5201229, 45.9939153], [21.5168575, 45.9933387], [21.515286, 45.9929211], [21.5123127, 45.9924286], [21.5061188, 45.9911829], [21.5054397, 45.99097], [21.5023017, 45.9904641], [21.5002571, 45.9900119], [21.5002678, 45.9896456], [21.5004539, 45.9893058], [21.5009524, 45.9886029], [21.5018316, 45.9876438], [21.5020836, 45.9871373], [21.5044358, 45.9791648], [21.5028665, 45.9788357], [21.4988115, 45.9777324], [21.5005056, 45.9759392], [21.5046069, 45.9722372], [21.5059671, 45.9708193], [21.5073435, 45.9696161], [21.5152937, 45.9620726], [21.5159357, 45.9613229], [21.5143756, 45.9608365], [21.5129284, 45.960248], [21.508797, 45.9589364], [21.5055194, 45.9577254], [21.5038647, 45.9572531], [21.4968255, 45.9548935], [21.4963805, 45.9548273], [21.4904049, 45.9528654], [21.4879235, 45.9522379], [21.4870006, 45.9519057], [21.4822054, 45.9505784], [21.4811151, 45.9497284], [21.4775784, 45.9465499], [21.4765636, 45.9452232], [21.4756929, 45.9443332], [21.4754435, 45.9447639], [21.4750527, 45.9449364], [21.4743821, 45.9445003], [21.4729755, 45.94296], [21.4721571, 45.941748], [21.471791, 45.9415133], [21.4722311, 45.9411418], [21.4723182, 45.9407641], [21.4705311, 45.9393429], [21.4689999, 45.9376053], [21.4672581, 45.9360628], [21.4647807, 45.9333422], [21.4633952, 45.9321164], [21.4631677, 45.9317483]]]]}}, {"id": "94", "type": "Feature", "properties": {"name": "Ma\u0219loc", "judet": "TIMI\u0218", "admin_level": "8", "wikidata": null, "place": "municipality", "osm_id": 13954480, "siruta": "157683", "siruta_score": null, "pop_total": 0, "gp_count": null, "nearest_school_m": 2307.3574014095043, "nearest_gp_m": null, "nearest_er_m": 34688.84144529284, "school_score": 81.32346569414995, "gp_score": null, "hospital_score": 38.27789638676789, "composite_score": 66.97494259168926, "partial_data": true, "_color_composite": "#e8c8b8", "_color_school": "#f5ecd9", "_color_gp": "#9a9a9a", "_color_hospital": "#b54545", "_display_color": "#e8c8b8"}, "geometry": {"type": "MultiPolygon", "coordinates": [[[[21.421338, 46.011549], [21.4243659, 46.0086982], [21.4352683, 45.9974432], [21.4418418, 45.9903637], [21.4425038, 45.9899849], [21.439411, 45.987653], [21.4422934, 45.9858056], [21.4403043, 45.9843347], [21.4425551, 45.9822899], [21.4453951, 45.9791533], [21.4459676, 45.9786813], [21.451371, 45.9725768], [21.4560761, 45.9674922], [21.4562685, 45.9677741], [21.4568401, 45.9681499], [21.4572576, 45.9681249], [21.4574784, 45.9677254], [21.4605384, 45.9691323], [21.4610566, 45.9692766], [21.4623368, 45.9677359], [21.4412436, 45.9564062], [21.4444089, 45.9514533], [21.4418855, 45.9512802], [21.4389099, 45.9508479], [21.4373855, 45.9504833], [21.4362602, 45.9500806], [21.4363034, 45.9496334], [21.4371271, 45.9489306], [21.4350242, 45.9484211], [21.4350628, 45.9483481], [21.4346576, 45.9481803], [21.4380581, 45.9469413], [21.4425304, 45.9439136], [21.4449207, 45.9421172], [21.448886, 45.9398203], [21.4489325, 45.9394709], [21.4501607, 45.9390517], [21.4508173, 45.9385392], [21.4513644, 45.9385292], [21.4504356, 45.937836], [21.4506735, 45.937467], [21.4506272, 45.9373037], [21.4521261, 45.9359617], [21.4533625, 45.9352069], [21.4563508, 45.9335131], [21.4576421, 45.9330784], [21.4593577, 45.9321236], [21.4599383, 45.9318885], [21.4600883, 45.9320443], [21.4602642, 45.9320353], [21.4602729, 45.9317642], [21.4610549, 45.931551], [21.4617919, 45.9321243], [21.4624908, 45.932002], [21.4627804, 45.9318275], [21.4631677, 45.9317483], [21.4633952, 45.9321164], [21.4647807, 45.9333422], [21.4672581, 45.9360628], [21.4689999, 45.9376053], [21.4705311, 45.9393429], [21.4723182, 45.9407641], [21.4722311, 45.9411418], [21.471791, 45.9415133], [21.4721571, 45.941748], [21.4729755, 45.94296], [21.4743821, 45.9445003], [21.4750527, 45.9449364], [21.4754435, 45.9447639], [21.4756929, 45.9443332], [21.4765636, 45.9452232], [21.4775784, 45.9465499], [21.4811151, 45.9497284], [21.4822054, 45.9505784], [21.4870006, 45.9519057], [21.4879235, 45.9522379], [21.4904049, 45.9528654], [21.4963805, 45.9548273], [21.4968255, 45.9548935], [21.5038647, 45.9572531], [21.5055194, 45.9577254], [21.508797, 45.9589364], [21.5129284, 45.960248], [21.5143756, 45.9608365], [21.5159357, 45.9613229], [21.5152937, 45.9620726], [21.5073435, 45.9696161], [21.5059671, 45.9708193], [21.5046069, 45.9722372], [21.5005056, 45.9759392], [21.4988115, 45.9777324], [21.5028665, 45.9788357], [21.5044358, 45.9791648], [21.5020836, 45.9871373], [21.5018316, 45.9876438], [21.5009524, 45.9886029], [21.5004539, 45.9893058], [21.5002678, 45.9896456], [21.5002571, 45.9900119], [21.5023017, 45.9904641], [21.5054397, 45.99097], [21.5061188, 45.9911829], [21.5123127, 45.9924286], [21.515286, 45.9929211], [21.5168575, 45.9933387], [21.5201229, 45.9939153], [21.5238344, 45.9947081], [21.5244732, 45.9947049], [21.52475, 45.9948738], [21.5252058, 45.9949782], [21.5264264, 45.9951359], [21.5267893, 45.9949881], [21.5271284, 45.9952421], [21.5277433, 45.9955002], [21.52939, 45.9958195], [21.5295718, 45.9957925], [21.5301841, 45.9959981], [21.5301783, 45.9958929], [21.529859, 45.995794], [21.5300732, 45.9957323], [21.5300451, 45.995544], [21.5303233, 45.9954577], [21.52976, 45.9951891], [21.5296889, 45.9950629], [21.5297918, 45.9939444], [21.5297386, 45.9932336], [21.53011, 45.9929311], [21.530743, 45.9929009], [21.531147, 45.992983], [21.5311917, 45.9926568], [21.530601, 45.9923537], [21.5304568, 45.9921323], [21.5306994, 45.9916801], [21.5308424, 45.9904586], [21.531872, 45.9904863], [21.5319668, 45.9905507], [21.5321226, 45.9908101], [21.5318529, 45.9913018], [21.5318136, 45.9917228], [21.5319149, 45.9918892], [21.5324881, 45.9919711], [21.5332985, 45.9922518], [21.53378, 45.9922496], [21.5339834, 45.992389], [21.5343278, 45.9922494], [21.5345704, 45.9922465], [21.5347969, 45.9923631], [21.5347783, 45.9924953], [21.5349826, 45.9926277], [21.535822, 45.9921723], [21.5359004, 45.9925271], [21.5357268, 45.9926449], [21.5360381, 45.9927629], [21.5362023, 45.9926846], [21.5365329, 45.992685], [21.5365, 45.992602], [21.5367847, 45.9926456], [21.5366896, 45.9927556], [21.5369422, 45.9928568], [21.5372961, 45.9928181], [21.5373246, 45.9927224], [21.5382138, 45.9928413], [21.5390949, 45.9929838], [21.5392288, 45.9931872], [21.5404463, 45.9934328], [21.5416646, 45.9935498], [21.5419169, 45.9936696], [21.5437143, 45.9939642], [21.5445625, 45.9939564], [21.545097, 45.994133], [21.5456001, 45.9941615], [21.5458863, 45.9940555], [21.5460159, 45.9941644], [21.5471861, 45.9943928], [21.5474351, 45.9943628], [21.5476626, 45.9944903], [21.5483291, 45.9941919], [21.5485433, 45.9944354], [21.5488016, 45.9945229], [21.5490996, 45.9944649], [21.5494114, 45.994513], [21.5494662, 45.9946618], [21.5498478, 45.9947689], [21.5513044, 45.9949071], [21.5514768, 45.9950762], [21.5520508, 45.9951418], [21.5520717, 45.9951399], [21.5519647, 45.9958644], [21.5510917, 45.9979826], [21.5501014, 45.9995412], [21.54839, 46.0016052], [21.5481063, 46.0021924], [21.5480438, 46.0028921], [21.5482272, 46.0042215], [21.5480568, 46.0057387], [21.5475313, 46.0062391], [21.5459788, 46.0070526], [21.54496, 46.0075381], [21.5395088, 46.0092054], [21.5363447, 46.009639], [21.5266345, 46.0102887], [21.524236, 46.0103349], [21.5244322, 46.0184125], [21.5261281, 46.0195828], [21.5304741, 46.0230641], [21.5339732, 46.0255727], [21.535769, 46.0306289], [21.5362989, 46.0324983], [21.5363039, 46.0330279], [21.5356031, 46.0345026], [21.5350833, 46.0351867], [21.5340836, 46.0371818], [21.532832, 46.0392487], [21.5316894, 46.0415862], [21.530528, 46.0435063], [21.5283648, 46.0476146], [21.5255675, 46.0524878], [21.5228374, 46.0567752], [21.5215969, 46.0580522], [21.5195157, 46.0606043], [21.518122, 46.0631945], [21.5174952, 46.064621], [21.5169784, 46.0653472], [21.5160222, 46.0675157], [21.5149615, 46.0678974], [21.5142097, 46.0680229], [21.5134154, 46.0677191], [21.5107805, 46.0675072], [21.5067479, 46.0674674], [21.5042032, 46.0678658], [21.5002064, 46.0688045], [21.4988617, 46.0689251], [21.4978047, 46.0688548], [21.4969467, 46.0686973], [21.4893337, 46.066196], [21.4887477, 46.0658543], [21.4865545, 46.0639424], [21.4860034, 46.0636391], [21.4846911, 46.0639196], [21.4838086, 46.0638373], [21.4810567, 46.0629797], [21.4781014, 46.0621915], [21.4772048, 46.0631448], [21.4614354, 46.0557866], [21.4614966, 46.0557405], [21.4572129, 46.0529772], [21.4506923, 46.0484761], [21.4502279, 46.0478866], [21.4491794, 46.0458416], [21.4439002, 46.0488371], [21.4388555, 46.0520473], [21.4406135, 46.056214], [21.4397639, 46.0567105], [21.436715, 46.0584435], [21.4352685, 46.0594898], [21.4320638, 46.0572026], [21.4329869, 46.053903], [21.4337464, 46.052925], [21.4343667, 46.0523152], [21.4348351, 46.0519938], [21.4344516, 46.0506386], [21.4344998, 46.0498191], [21.434692, 46.0491526], [21.4361103, 46.0466937], [21.4366888, 46.046306], [21.4362035, 46.0460504], [21.4337731, 46.0443161], [21.4337533, 46.0443016], [21.4337765, 46.0442897], [21.4336984, 46.0442175], [21.4340702, 46.04392], [21.4360933, 46.0424509], [21.4396252, 46.0390012], [21.4434647, 46.0355435], [21.4496017, 46.0292577], [21.4471923, 46.0281136], [21.4426364, 46.0263075], [21.4371182, 46.0244215], [21.4355132, 46.023947], [21.4323728, 46.0227989], [21.4301598, 46.0218609], [21.4284494, 46.0209481], [21.4275168, 46.0205773], [21.4206238, 46.0181492], [21.4166777, 46.0166083], [21.418143, 46.0151093], [21.4196457, 46.013248], [21.4200564, 46.0130262], [21.421338, 46.011549]]]]}}, {"id": "95", "type": "Feature", "properties": {"name": "Ohaba Lung\u0103", "judet": "TIMI\u0218", "admin_level": "8", "wikidata": null, "place": "municipality", "osm_id": 13954497, "siruta": "157969", "siruta_score": null, "pop_total": 0, "gp_count": null, "nearest_school_m": 2623.5091382886053, "nearest_gp_m": null, "nearest_er_m": 16993.79330077621, "school_score": 76.80701231016278, "gp_score": null, "hospital_score": 82.51551674805947, "composite_score": 78.709847122795, "partial_data": true, "_color_composite": "#e8c8b8", "_color_school": "#e8c8b8", "_color_gp": "#9a9a9a", "_color_hospital": "#f5ecd9", "_display_color": "#e8c8b8"}, "geometry": {"type": "MultiPolygon", "coordinates": [[[[21.9157638, 45.9628863], [21.9158073, 45.962693], [21.9151488, 45.9607639], [21.9141675, 45.9591127], [21.9138388, 45.9578535], [21.9132648, 45.9569321], [21.9131448, 45.9565203], [21.9130859, 45.9550308], [21.912675, 45.9544019], [21.9126835, 45.9540534], [21.9123026, 45.9532677], [21.9128504, 45.9523122], [21.9126401, 45.9517911], [21.912273, 45.9513463], [21.9122254, 45.9496585], [21.9118994, 45.9492529], [21.9118077, 45.9488486], [21.9115746, 45.9486415], [21.9114553, 45.9483426], [21.9111438, 45.9462204], [21.9114224, 45.9455116], [21.9108651, 45.9448675], [21.9109934, 45.9441243], [21.9108996, 45.943955], [21.9110387, 45.943701], [21.9109415, 45.9434937], [21.9110723, 45.9432926], [21.9108018, 45.9420917], [21.9111339, 45.9415928], [21.9110118, 45.9410513], [21.9112408, 45.9404558], [21.9111076, 45.9400164], [21.9113334, 45.9399618], [21.9114797, 45.9404585], [21.9116021, 45.9404088], [21.911594, 45.9396733], [21.9118281, 45.9388837], [21.9125976, 45.9371775], [21.9130494, 45.9365961], [21.912999, 45.936428], [21.9131928, 45.9360694], [21.9135034, 45.9360551], [21.9133733, 45.9357559], [21.9135188, 45.9355817], [21.9137086, 45.9349099], [21.9136666, 45.9345904], [21.91424, 45.9329887], [21.9145665, 45.9326868], [21.9147656, 45.9320458], [21.9196018, 45.9244553], [21.9197312, 45.9245725], [21.9205843, 45.924742], [21.9221179, 45.9249122], [21.9225989, 45.9250578], [21.9239363, 45.9257306], [21.9242063, 45.9257606], [21.9255231, 45.9255692], [21.9279533, 45.9256921], [21.9297481, 45.9259564], [21.9306202, 45.9259577], [21.9329, 45.9261971], [21.9335306, 45.9264385], [21.9349434, 45.9278181], [21.936212, 45.9287794], [21.9365964, 45.929002], [21.93818, 45.929516], [21.9384609, 45.9297434], [21.9388954, 45.9299445], [21.9392673, 45.93], [21.9397195, 45.9302736], [21.9407139, 45.930613], [21.941845, 45.9306964], [21.9432971, 45.9311301], [21.9446749, 45.9312731], [21.9457395, 45.9312827], [21.9463796, 45.9315992], [21.9477131, 45.9329014], [21.9489746, 45.9343821], [21.9509763, 45.935593], [21.9541111, 45.938514], [21.9547873, 45.9377779], [21.95517, 45.9371841], [21.9552912, 45.9363611], [21.9558425, 45.9356216], [21.9560426, 45.9350526], [21.9563159, 45.9347264], [21.9564266, 45.9336993], [21.956612, 45.9332911], [21.9580993, 45.9320308], [21.9584254, 45.9313698], [21.9587729, 45.9309773], [21.9593769, 45.9306636], [21.9608216, 45.9296231], [21.9627276, 45.9280554], [21.9633706, 45.9273644], [21.9636857, 45.9272666], [21.9625635, 45.9266228], [21.9611212, 45.9259704], [21.9595853, 45.9248895], [21.9593598, 45.9241343], [21.960036, 45.9226064], [21.9601058, 45.9215281], [21.9600089, 45.9210139], [21.957794, 45.9194593], [21.9556792, 45.917756], [21.9546601, 45.916786], [21.9537984, 45.9161528], [21.9533649, 45.9156371], [21.9512408, 45.9144111], [21.9507601, 45.9138638], [21.9505825, 45.9135369], [21.9504921, 45.9127891], [21.950488, 45.9114675], [21.9496686, 45.9089496], [21.9489616, 45.9075555], [21.9479095, 45.9059295], [21.9473327, 45.904255], [21.9462252, 45.9018576], [21.9459501, 45.9008345], [21.9459568, 45.9000174], [21.9456763, 45.8989941], [21.9459031, 45.8986212], [21.945988, 45.898559], [21.9468635, 45.8978966], [21.9474493, 45.8977055], [21.9499004, 45.8973051], [21.9523088, 45.8971761], [21.9537825, 45.8972292], [21.9550448, 45.896804], [21.9559879, 45.8967171], [21.9574559, 45.8963558], [21.9584451, 45.8955619], [21.9589177, 45.8948336], [21.9611784, 45.892994], [21.9622763, 45.8916206], [21.9638121, 45.8900969], [21.964478, 45.8896688], [21.9646353, 45.8892749], [21.9648156, 45.8891832], [21.9680627, 45.8888297], [21.9688609, 45.8888165], [21.9692101, 45.8886492], [21.9713083, 45.888336], [21.9720524, 45.8883052], [21.9722622, 45.8883695], [21.9723488, 45.8888203], [21.971736, 45.889043], [21.9716709, 45.8892129], [21.9718494, 45.8894084], [21.9720298, 45.8892392], [21.9726514, 45.88935], [21.9728302, 45.8900381], [21.97297, 45.8901193], [21.9732082, 45.8901005], [21.9734377, 45.8902428], [21.9755435, 45.8892206], [21.9762252, 45.8891108], [21.9776658, 45.8895094], [21.9782315, 45.8894343], [21.9784502, 45.8894988], [21.9794807, 45.8894904], [21.9815607, 45.8898937], [21.9827546, 45.8904924], [21.9835584, 45.891067], [21.9870354, 45.8861961], [21.9878479, 45.8846772], [21.9895728, 45.8774613], [21.9899645, 45.8769417], [21.9900939, 45.875778], [21.990975, 45.8723715], [21.9921843, 45.8686482], [21.9921541, 45.8684271], [21.9926223, 45.8679838], [21.9931317, 45.8671744], [21.9937936, 45.8664249], [21.9942405, 45.8656034], [21.9947166, 45.8650897], [21.9980885, 45.8600283], [21.9985132, 45.8599998], [21.9988115, 45.8602443], [21.9991893, 45.8603737], [21.9997356, 45.8609775], [22.001198, 45.8617536], [22.0012857, 45.8619235], [22.0014955, 45.8619378], [22.0016314, 45.8621104], [22.0019041, 45.8622058], [22.0019806, 45.8624061], [22.0023968, 45.8624964], [22.0036837, 45.8634444], [22.0058912, 45.8648513], [22.0059831, 45.8651945], [22.0061448, 45.8652017], [22.0061608, 45.8651007], [22.0068881, 45.8655122], [22.0072272, 45.8655476], [22.0079683, 45.8661204], [22.0079752, 45.8663058], [22.0082619, 45.8664559], [22.0082034, 45.8666425], [22.0083109, 45.8668069], [22.0081381, 45.8675923], [22.009943, 45.8698706], [22.0107436, 45.8701954], [22.0111446, 45.8705008], [22.0114, 45.8708076], [22.0116409, 45.8713852], [22.0126707, 45.8721875], [22.0126418, 45.8726807], [22.0134028, 45.8733177], [22.0135288, 45.8737169], [22.0141825, 45.8744336], [22.0139996, 45.8746891], [22.0142527, 45.8750562], [22.0154146, 45.8764817], [22.0166834, 45.8777849], [22.016637, 45.8781893], [22.0167954, 45.8784198], [22.0170269, 45.8785724], [22.0176122, 45.8786068], [22.0180713, 45.8784296], [22.019001, 45.8783484], [22.0196168, 45.8781983], [22.0196699, 45.8781734], [22.020861, 45.878672], [22.0208045, 45.8789042], [22.0219473, 45.8814274], [22.0232172, 45.8849645], [22.0230825, 45.8859601], [22.0238656, 45.8863676], [22.0242392, 45.8879292], [22.0243885, 45.8901556], [22.0246026, 45.891004], [22.0250718, 45.8927331], [22.0252182, 45.8928258], [22.0254455, 45.8928178], [22.0255628, 45.892932], [22.0251707, 45.8932095], [22.025339, 45.8937385], [22.0254069, 45.895282], [22.0258706, 45.8963435], [22.0258127, 45.897637], [22.0252139, 45.8984528], [22.0244254, 45.8999638], [22.0234594, 45.9011575], [22.0233085, 45.9018154], [22.0226339, 45.9027503], [22.0223002, 45.9027174], [22.0214568, 45.9041861], [22.0210194, 45.905442], [22.0208102, 45.9069343], [22.0204964, 45.9076359], [22.0205097, 45.9084862], [22.0202236, 45.9093528], [22.0203556, 45.9121011], [22.0205725, 45.9122261], [22.0219305, 45.9123046], [22.0249718, 45.9123436], [22.0257704, 45.912533], [22.0258273, 45.9126738], [22.0252214, 45.9130379], [22.0251006, 45.9133107], [22.0259187, 45.9143425], [22.0254035, 45.9147], [22.0250944, 45.9145143], [22.0249458, 45.9145217], [22.0248035, 45.9147136], [22.0254422, 45.9150382], [22.0257672, 45.9149859], [22.0267348, 45.9143031], [22.0267242, 45.9147434], [22.0275966, 45.9135055], [22.0280507, 45.9132071], [22.0285028, 45.9125613], [22.0287283, 45.9124413], [22.031034, 45.9129238], [22.0311112, 45.9131057], [22.0313031, 45.9131938], [22.0319441, 45.9133162], [22.0321897, 45.9126392], [22.0334415, 45.912586], [22.0351168, 45.9125868], [22.0364665, 45.9127504], [22.0376203, 45.9126814], [22.0382564, 45.9128691], [22.0407883, 45.9127454], [22.0414258, 45.9128192], [22.0680527, 45.9128495], [22.0694742, 45.9128477], [22.0690373, 45.9136304], [22.0693167, 45.9142383], [22.0690181, 45.9149684], [22.069507, 45.9158423], [22.0698742, 45.9189645], [22.069147, 45.9207438], [22.0695998, 45.921328], [22.0698482, 45.921411], [22.0697367, 45.921789], [22.0700997, 45.9218546], [22.0710394, 45.9228931], [22.0710671, 45.9232721], [22.0717319, 45.9240982], [22.0738501, 45.9258591], [22.0759184, 45.9273341], [22.0763148, 45.9281571], [22.0772969, 45.9294163], [22.0783104, 45.9299866], [22.0789796, 45.9300037], [22.0797162, 45.929709], [22.0805379, 45.929085], [22.0815854, 45.9288456], [22.0819885, 45.9286014], [22.0849636, 45.9281086], [22.0879436, 45.9283858], [22.0891597, 45.9283281], [22.0910467, 45.9285187], [22.0921538, 45.9290853], [22.0932181, 45.9298225], [22.0936156, 45.9304953], [22.094436, 45.9314264], [22.0996507, 45.9357707], [22.1003136, 45.9368881], [22.1007765, 45.9373123], [22.1009934, 45.9380337], [22.1012469, 45.9382177], [22.1016195, 45.9390437], [22.1020882, 45.9394934], [22.1011091, 45.9408591], [22.1008833, 45.9425728], [22.1008163, 45.942719], [22.1006308, 45.9427507], [22.0980833, 45.9436365], [22.0955616, 45.9445255], [22.0930398, 45.9454144], [22.0906542, 45.9469618], [22.0888048, 45.9480465], [22.086199, 45.9490867], [22.0859165, 45.9490995], [22.0849257, 45.9496232], [22.0832319, 45.9510118], [22.082424, 45.9527883], [22.0819549, 45.9534804], [22.0807825, 45.9546339], [22.0786081, 45.9550729], [22.0766132, 45.9557259], [22.0754081, 45.9563696], [22.0737356, 45.9565398], [22.0729006, 45.9565253], [22.0722081, 45.95662], [22.0716808, 45.9568017], [22.0711997, 45.9572331], [22.0704119, 45.9587426], [22.0699245, 45.9591325], [22.0683509, 45.9595181], [22.0676374, 45.9598489], [22.0671266, 45.9598772], [22.0665983, 45.9600766], [22.064796, 45.960208], [22.063896, 45.9603742], [22.0624025, 45.9602056], [22.0611787, 45.9601621], [22.0609373, 45.9602328], [22.0590294, 45.959876], [22.0573759, 45.9598453], [22.0561217, 45.9606853], [22.0546123, 45.9611375], [22.0539656, 45.9614877], [22.051741, 45.9618924], [22.0502723, 45.9614166], [22.0498774, 45.9613413], [22.0493923, 45.9613642], [22.0479717, 45.9615245], [22.0470129, 45.961837], [22.0456186, 45.9625169], [22.0447988, 45.9634069], [22.0436016, 45.9651248], [22.0430195, 45.9656955], [22.0418016, 45.9665085], [22.0411246, 45.9674258], [22.0403778, 45.9682171], [22.0397278, 45.9684666], [22.0389048, 45.9684571], [22.0372776, 45.9676101], [22.0363047, 45.9669103], [22.0354602, 45.9665486], [22.0346141, 45.9663373], [22.0331532, 45.9661928], [22.0305716, 45.9665281], [22.0284521, 45.967013], [22.0258973, 45.967479], [22.0247101, 45.9680031], [22.0226226, 45.96957], [22.0211313, 45.9699927], [22.0204291, 45.9701045], [22.0197195, 45.9701094], [22.0183081, 45.9699898], [22.0167039, 45.9699834], [22.0148417, 45.9694081], [22.0134111, 45.9690645], [22.0122437, 45.9689867], [22.0113276, 45.9692881], [22.0108718, 45.9695543], [22.0091778, 45.9709005], [22.0089159, 45.9709521], [22.007514, 45.9708148], [22.0063186, 45.9704699], [22.0055744, 45.9701013], [22.0047561, 45.9693757], [22.0034056, 45.9685152], [22.0006818, 45.9681775], [21.999986, 45.9678574], [21.9996077, 45.9677883], [21.99838, 45.967946], [21.9977996, 45.9684751], [21.9962385, 45.969085], [21.9946656, 45.9700508], [21.9933698, 45.9706793], [21.992951, 45.9707526], [21.9923017, 45.9712535], [21.9916392, 45.971995], [21.9912855, 45.9727807], [21.9913418, 45.9742591], [21.9909236, 45.9749588], [21.9903878, 45.9755952], [21.9896269, 45.9762378], [21.9882668, 45.9770934], [21.9878782, 45.977565], [21.9874892, 45.9783619], [21.9875386, 45.9787567], [21.9881902, 45.9804484], [21.9887927, 45.9843192], [21.98878, 45.984873], [21.9884256, 45.9859801], [21.9872014, 45.9884656], [21.9869532, 45.9885796], [21.9866418, 45.9885834], [21.986045, 45.9887484], [21.9853839, 45.9891405], [21.9849685, 45.9894668], [21.9838743, 45.9906681], [21.9813046, 45.9917022], [21.9793187, 45.9915035], [21.977672, 45.991621], [21.9749535, 45.9924394], [21.9674702, 45.9943549], [21.9663974, 45.9942675], [21.9658088, 45.9940534], [21.9643684, 45.9935111], [21.9613297, 45.990431], [21.9608582, 45.9901879], [21.9603847, 45.9901217], [21.9580642, 45.9900545], [21.9577955, 45.9884978], [21.9573794, 45.9878057], [21.9567292, 45.9874959], [21.9556474, 45.987156], [21.9540091, 45.9869998], [21.9533137, 45.9870509], [21.9516588, 45.9875454], [21.950821, 45.9879467], [21.9500065, 45.9882037], [21.9493093, 45.988287], [21.9477185, 45.9878997], [21.9455842, 45.987108], [21.9436071, 45.9867288], [21.9428635, 45.9866767], [21.9373525, 45.98785], [21.9358911, 45.987977], [21.9341574, 45.9877375], [21.932525, 45.9871174], [21.9322271, 45.9870772], [21.9316038, 45.987216], [21.9313901, 45.9871835], [21.9310943, 45.9869664], [21.9284683, 45.9857483], [21.9269746, 45.9854127], [21.9253285, 45.9848429], [21.9241848, 45.9839234], [21.9237378, 45.9833806], [21.9234595, 45.9828476], [21.922499, 45.9819906], [21.9222298, 45.9818493], [21.9221435, 45.9815701], [21.9199247, 45.9794636], [21.9197325, 45.9790749], [21.9198457, 45.9788657], [21.9209848, 45.9780972], [21.9214979, 45.977612], [21.9217525, 45.9771646], [21.9217689, 45.9763868], [21.9219963, 45.9755715], [21.9225111, 45.9746694], [21.9221048, 45.9739002], [21.9217292, 45.9725689], [21.922434, 45.9707537], [21.921773, 45.9695704], [21.9193609, 45.9683188], [21.9192202, 45.9681586], [21.9183137, 45.9661873], [21.9170723, 45.964543], [21.9162073, 45.9630726], [21.9157638, 45.9628863]]]]}}, {"id": "96", "type": "Feature", "properties": {"name": "Bara", "judet": "TIMI\u0218", "admin_level": "8", "wikidata": null, "place": "municipality", "osm_id": 13954498, "siruta": "155662", "siruta_score": null, "pop_total": 0, "gp_count": null, "nearest_school_m": 2017.38105804548, "nearest_gp_m": null, "nearest_er_m": 22640.4344305984, "school_score": 85.46598488506457, "gp_score": null, "hospital_score": 68.398913923504, "composite_score": 79.77696123121103, "partial_data": true, "_color_composite": "#e8c8b8", "_color_school": "#f5ecd9", "_color_gp": "#9a9a9a", "_color_hospital": "#e8c8b8", "_display_color": "#e8c8b8"}, "geometry": {"type": "MultiPolygon", "coordinates": [[[[21.8379595, 45.8798772], [21.838106, 45.8799056], [21.838799, 45.8795119], [21.8404856, 45.8791132], [21.8409737, 45.8788704], [21.839553, 45.8773998], [21.8388598, 45.8759943], [21.8381382, 45.8747712], [21.8379262, 45.8746311], [21.8367393, 45.8725305], [21.8384408, 45.8696569], [21.8376399, 45.8673657], [21.83808, 45.8669836], [21.8378665, 45.8627407], [21.8392043, 45.862614], [21.8391074, 45.8617272], [21.8418673, 45.8615363], [21.8419692, 45.8598], [21.8420221, 45.8588651], [21.8429542, 45.8593688], [21.8459237, 45.8606828], [21.8469212, 45.8604127], [21.8488277, 45.8600695], [21.8500796, 45.8597223], [21.8530837, 45.8595205], [21.853507, 45.859571], [21.854124, 45.8598016], [21.8561926, 45.8612368], [21.85683, 45.8614975], [21.8581418, 45.8623878], [21.860033, 45.8663251], [21.8620963, 45.8715477], [21.8626031, 45.8720923], [21.8646124, 45.8733472], [21.8650021, 45.8736685], [21.8651912, 45.8740943], [21.8653604, 45.8737236], [21.8681529, 45.8722889], [21.8713037, 45.8709712], [21.8754058, 45.8696937], [21.8769275, 45.8690297], [21.8776917, 45.8689359], [21.8789312, 45.868148], [21.8806316, 45.8674051], [21.8817661, 45.8689891], [21.8819864, 45.8705157], [21.8820984, 45.8706676], [21.8832026, 45.8703058], [21.8834249, 45.8705205], [21.8832846, 45.8709338], [21.8839385, 45.8713667], [21.8859265, 45.8710161], [21.8863566, 45.8710769], [21.8877425, 45.8709102], [21.8905905, 45.870344], [21.891854, 45.870272], [21.8935675, 45.8688759], [21.8935942, 45.8679768], [21.8921001, 45.8627235], [21.8912384, 45.860197], [21.8904374, 45.8583878], [21.8904236, 45.8579006], [21.8896587, 45.8566944], [21.8897091, 45.8566303], [21.8902579, 45.8563467], [21.8922024, 45.8549324], [21.8932594, 45.8540409], [21.8932462, 45.8539628], [21.8937663, 45.8537725], [21.8939707, 45.8535735], [21.8949489, 45.8536738], [21.8962809, 45.8532784], [21.8976037, 45.8530812], [21.8988533, 45.8526203], [21.8994253, 45.8525499], [21.9045854, 45.8508783], [21.905184, 45.8505387], [21.9071954, 45.8500656], [21.9084368, 45.8495729], [21.9091571, 45.8490444], [21.909362, 45.8490458], [21.9098143, 45.8488086], [21.9098415, 45.8488767], [21.9117369, 45.8523435], [21.9117507, 45.8529903], [21.9122899, 45.8531647], [21.9126812, 45.8537966], [21.9125132, 45.8538436], [21.9126848, 45.8541112], [21.9148569, 45.8569686], [21.9152533, 45.8573327], [21.9156411, 45.8578912], [21.9157385, 45.8582919], [21.9161483, 45.8585807], [21.9160372, 45.8587547], [21.9163932, 45.8588332], [21.9166887, 45.8591566], [21.9173007, 45.8590663], [21.9176288, 45.859425], [21.9173548, 45.8599893], [21.91833, 45.8600708], [21.9184882, 45.8603336], [21.9189455, 45.8602305], [21.9205573, 45.8598016], [21.9216755, 45.8591016], [21.9236176, 45.8587793], [21.9238978, 45.8586645], [21.9238634, 45.8582603], [21.9246391, 45.8584226], [21.9270164, 45.858043], [21.9295062, 45.8573992], [21.9300685, 45.8570627], [21.9300771, 45.8578471], [21.9305637, 45.8584735], [21.9313557, 45.8599196], [21.9313013, 45.8604144], [21.9314761, 45.8609222], [21.9323659, 45.8615252], [21.9332095, 45.8624039], [21.9336188, 45.8632331], [21.9339462, 45.8635625], [21.9352005, 45.8654603], [21.9359449, 45.86737], [21.9366546, 45.8687039], [21.9395113, 45.8731267], [21.9395348, 45.8739114], [21.939268, 45.8745435], [21.9388608, 45.8765639], [21.938097, 45.8809214], [21.9382265, 45.8814849], [21.9379316, 45.8822246], [21.9378379, 45.8829904], [21.9388401, 45.8845734], [21.9392002, 45.8849398], [21.9401351, 45.8865027], [21.941439, 45.8881746], [21.9415867, 45.8888177], [21.9411959, 45.8912503], [21.9413884, 45.8917897], [21.9437246, 45.8959134], [21.9442132, 45.8965934], [21.9445261, 45.8975184], [21.9452361, 45.8983248], [21.9457329, 45.8984949], [21.945988, 45.898559], [21.9459031, 45.8986212], [21.9456763, 45.8989941], [21.9459568, 45.9000174], [21.9459501, 45.9008345], [21.9462252, 45.9018576], [21.9473327, 45.904255], [21.9479095, 45.9059295], [21.9489616, 45.9075555], [21.9496686, 45.9089496], [21.950488, 45.9114675], [21.9504921, 45.9127891], [21.9505825, 45.9135369], [21.9507601, 45.9138638], [21.9512408, 45.9144111], [21.9533649, 45.9156371], [21.9537984, 45.9161528], [21.9546601, 45.916786], [21.9556792, 45.917756], [21.957794, 45.9194593], [21.9600089, 45.9210139], [21.9601058, 45.9215281], [21.960036, 45.9226064], [21.9593598, 45.9241343], [21.9595853, 45.9248895], [21.9611212, 45.9259704], [21.9625635, 45.9266228], [21.9636857, 45.9272666], [21.9633706, 45.9273644], [21.9627276, 45.9280554], [21.9608216, 45.9296231], [21.9593769, 45.9306636], [21.9587729, 45.9309773], [21.9584254, 45.9313698], [21.9580993, 45.9320308], [21.956612, 45.9332911], [21.9564266, 45.9336993], [21.9563159, 45.9347264], [21.9560426, 45.9350526], [21.9558425, 45.9356216], [21.9552912, 45.9363611], [21.95517, 45.9371841], [21.9547873, 45.9377779], [21.9541111, 45.938514], [21.9509763, 45.935593], [21.9489746, 45.9343821], [21.9477131, 45.9329014], [21.9463796, 45.9315992], [21.9457395, 45.9312827], [21.9446749, 45.9312731], [21.9432971, 45.9311301], [21.941845, 45.9306964], [21.9407139, 45.930613], [21.9397195, 45.9302736], [21.9392673, 45.93], [21.9388954, 45.9299445], [21.9384609, 45.9297434], [21.93818, 45.929516], [21.9365964, 45.929002], [21.936212, 45.9287794], [21.9349434, 45.9278181], [21.9335306, 45.9264385], [21.9329, 45.9261971], [21.9306202, 45.9259577], [21.9297481, 45.9259564], [21.9279533, 45.9256921], [21.9255231, 45.9255692], [21.9242063, 45.9257606], [21.9239363, 45.9257306], [21.9225989, 45.9250578], [21.9221179, 45.9249122], [21.9205843, 45.924742], [21.9197312, 45.9245725], [21.9196018, 45.9244553], [21.9147656, 45.9320458], [21.9145665, 45.9326868], [21.91424, 45.9329887], [21.9136666, 45.9345904], [21.9137086, 45.9349099], [21.9135188, 45.9355817], [21.9133733, 45.9357559], [21.9135034, 45.9360551], [21.9131928, 45.9360694], [21.912999, 45.936428], [21.9130494, 45.9365961], [21.9125976, 45.9371775], [21.9118281, 45.9388837], [21.911594, 45.9396733], [21.9116021, 45.9404088], [21.9114797, 45.9404585], [21.9113334, 45.9399618], [21.9111076, 45.9400164], [21.9112408, 45.9404558], [21.9110118, 45.9410513], [21.9111339, 45.9415928], [21.9108018, 45.9420917], [21.9110723, 45.9432926], [21.9109415, 45.9434937], [21.9110387, 45.943701], [21.9108996, 45.943955], [21.9109934, 45.9441243], [21.9108651, 45.9448675], [21.9114224, 45.9455116], [21.9111438, 45.9462204], [21.9114553, 45.9483426], [21.9115746, 45.9486415], [21.9118077, 45.9488486], [21.9118994, 45.9492529], [21.9122254, 45.9496585], [21.912273, 45.9513463], [21.9126401, 45.9517911], [21.9128504, 45.9523122], [21.9123026, 45.9532677], [21.9126835, 45.9540534], [21.912675, 45.9544019], [21.9130859, 45.9550308], [21.9131448, 45.9565203], [21.9132648, 45.9569321], [21.9138388, 45.9578535], [21.9141675, 45.9591127], [21.9151488, 45.9607639], [21.9158073, 45.962693], [21.9157638, 45.9628863], [21.9154953, 45.962815], [21.9141864, 45.9623048], [21.912634, 45.9614541], [21.9103501, 45.959675], [21.9072539, 45.9592606], [21.9059584, 45.9589533], [21.9055512, 45.9589582], [21.9052111, 45.9588186], [21.9032217, 45.957057], [21.9016276, 45.955857], [21.9015507, 45.9557657], [21.9016247, 45.9556739], [21.9020132, 45.9555334], [21.901962, 45.9553925], [21.9016362, 45.9552326], [21.9010766, 45.9550613], [21.8992676, 45.9549024], [21.8983391, 45.9547349], [21.8971412, 45.9546795], [21.896823, 45.9547664], [21.896592, 45.9550827], [21.8964443, 45.9551427], [21.8954517, 45.9552302], [21.8949834, 45.9548039], [21.8942792, 45.9538772], [21.8942215, 45.95356], [21.8943837, 45.9529467], [21.8942664, 45.9526393], [21.8934995, 45.952458], [21.8917806, 45.9535277], [21.891556, 45.9538349], [21.8908435, 45.9541753], [21.8899846, 45.9549069], [21.8889665, 45.9548792], [21.8885573, 45.9549845], [21.887772, 45.9549149], [21.8871195, 45.9550457], [21.8864291, 45.9555971], [21.8862847, 45.9556181], [21.8854636, 45.9547504], [21.8844254, 45.9541978], [21.8841315, 45.9542397], [21.8814034, 45.9562062], [21.8797986, 45.9551744], [21.8791353, 45.9548709], [21.8779451, 45.9558567], [21.8764377, 45.956643], [21.8747815, 45.9572242], [21.8734278, 45.957958], [21.8724359, 45.9586728], [21.8719248, 45.9582094], [21.871241, 45.9568936], [21.87033, 45.9557107], [21.8702814, 45.9541275], [21.8699874, 45.9535345], [21.8697024, 45.9522457], [21.8666109, 45.9496099], [21.8656959, 45.9486505], [21.8622256, 45.9485143], [21.8575878, 45.9478239], [21.8563773, 45.9477832], [21.855635, 45.9476114], [21.8542556, 45.94751], [21.8517702, 45.9471645], [21.8513661, 45.9472054], [21.8513693, 45.9469488], [21.8513527, 45.9465422], [21.8511573, 45.9460569], [21.8513809, 45.9449815], [21.8513911, 45.9436703], [21.8509001, 45.940302], [21.8512648, 45.9392332], [21.8514207, 45.9383493], [21.8522542, 45.9360394], [21.8532422, 45.9319304], [21.8540133, 45.9295186], [21.8540624, 45.9287848], [21.854668, 45.9275282], [21.8555098, 45.9247006], [21.8557127, 45.9235838], [21.855551, 45.922102], [21.8557298, 45.9209704], [21.8557033, 45.9199715], [21.8553367, 45.9192788], [21.8553104, 45.9189046], [21.8560837, 45.9172829], [21.8566731, 45.9164459], [21.8583292, 45.9121342], [21.8590014, 45.9109238], [21.8566418, 45.9098858], [21.8543108, 45.9092359], [21.8545437, 45.9079723], [21.8553506, 45.9064848], [21.8539588, 45.9064001], [21.8534359, 45.9062297], [21.8527314, 45.9063447], [21.8524178, 45.9059377], [21.8515703, 45.9055853], [21.8522971, 45.9047581], [21.8525406, 45.90414], [21.8528226, 45.9037701], [21.8526392, 45.9021907], [21.8528107, 45.9021279], [21.8530454, 45.9022978], [21.8533061, 45.902313], [21.8534276, 45.9020582], [21.8549567, 45.9011719], [21.855459, 45.9005422], [21.8558133, 45.9002953], [21.8557366, 45.9001358], [21.8560022, 45.8998114], [21.8559726, 45.8995539], [21.8556174, 45.8992867], [21.8555961, 45.8990337], [21.8546182, 45.8984476], [21.8532997, 45.8981076], [21.8533561, 45.8977809], [21.8531362, 45.8977975], [21.8527652, 45.8979985], [21.8525611, 45.8979509], [21.8521045, 45.8973768], [21.8515696, 45.8973305], [21.8510876, 45.8969171], [21.8503416, 45.8966836], [21.8496074, 45.8963277], [21.8495095, 45.8960578], [21.8496597, 45.8955093], [21.84931, 45.8949406], [21.8494844, 45.8945243], [21.8499126, 45.8942902], [21.8495917, 45.8938629], [21.8496273, 45.8937007], [21.8498654, 45.8935256], [21.8497812, 45.89318], [21.8495257, 45.8930966], [21.8490523, 45.8930981], [21.8481029, 45.8924426], [21.8473066, 45.8922837], [21.8468516, 45.8918935], [21.8459187, 45.8916958], [21.8454044, 45.8913868], [21.8445925, 45.8911914], [21.8443419, 45.8913214], [21.8434837, 45.8909392], [21.8430826, 45.8908623], [21.8429982, 45.8906889], [21.8433756, 45.8902848], [21.8433665, 45.8901456], [21.8431807, 45.8900971], [21.8426409, 45.8902374], [21.8420189, 45.8900539], [21.8419202, 45.8899314], [21.841961, 45.8895412], [21.8412513, 45.8894711], [21.8411444, 45.8890286], [21.8405692, 45.8887982], [21.8402683, 45.8884468], [21.8403768, 45.8880223], [21.8398667, 45.887641], [21.8400318, 45.887256], [21.839767, 45.8871982], [21.8393495, 45.8873788], [21.8391407, 45.8873691], [21.8389128, 45.8862944], [21.8384781, 45.8863988], [21.838318, 45.8862969], [21.8385921, 45.8859861], [21.8383393, 45.8857895], [21.838506, 45.8855037], [21.8379606, 45.8854465], [21.8378903, 45.8852892], [21.837919, 45.8851492], [21.8380761, 45.885072], [21.8387606, 45.8851712], [21.8388264, 45.8850414], [21.8387502, 45.8848909], [21.8380582, 45.8847244], [21.8381796, 45.8845132], [21.8386554, 45.8844323], [21.8386606, 45.8842746], [21.8381246, 45.8840847], [21.8380117, 45.8837438], [21.8377689, 45.8835712], [21.8381543, 45.8833253], [21.8383867, 45.8829255], [21.8378425, 45.8827143], [21.8380616, 45.8824008], [21.8380202, 45.8822996], [21.8377328, 45.8822469], [21.8374404, 45.8824165], [21.8372563, 45.8823706], [21.8372254, 45.882217], [21.8375485, 45.8818746], [21.8374969, 45.8817863], [21.8367062, 45.8816553], [21.8366246, 45.8815648], [21.836728, 45.8812716], [21.8361069, 45.8812395], [21.8364524, 45.8808661], [21.8379595, 45.8798772]]]]}}, {"id": "97", "type": "Feature", "properties": {"name": "Seca\u0219", "judet": "TIMI\u0218", "admin_level": "8", "wikidata": null, "place": "municipality", "osm_id": 13954499, "siruta": "158608", "siruta_score": null, "pop_total": 0, "gp_count": null, "nearest_school_m": 2877.398713773285, "nearest_gp_m": null, "nearest_er_m": 25501.57583866232, "school_score": 73.18001837466736, "gp_score": null, "hospital_score": 61.24606040334421, "composite_score": 69.2020323842263, "partial_data": true, "_color_composite": "#e8c8b8", "_color_school": "#e8c8b8", "_color_gp": "#9a9a9a", "_color_hospital": "#e8c8b8", "_display_color": "#e8c8b8"}, "geometry": {"type": "MultiPolygon", "coordinates": [[[[21.7278981, 45.8977406], [21.7281926, 45.8965601], [21.7280905, 45.8959978], [21.7281763, 45.8951316], [21.7284658, 45.8947671], [21.7293935, 45.891164], [21.7278868, 45.8909198], [21.7257223, 45.8904158], [21.7261509, 45.8890022], [21.7269287, 45.8876581], [21.7279147, 45.8855604], [21.7288483, 45.8842219], [21.7279407, 45.8826979], [21.7271808, 45.8818998], [21.7286878, 45.8809054], [21.7261825, 45.8788987], [21.726597, 45.8786505], [21.72623, 45.8783516], [21.727007, 45.8779662], [21.7272632, 45.8779279], [21.7261814, 45.8761176], [21.7260769, 45.8753082], [21.7316931, 45.8747484], [21.7330578, 45.8778598], [21.7408663, 45.8802635], [21.7451099, 45.8791568], [21.7468, 45.8788632], [21.7481633, 45.8798014], [21.7518479, 45.8811558], [21.7535313, 45.8821057], [21.7542017, 45.8825871], [21.7547675, 45.8833547], [21.7553971, 45.8839116], [21.7555797, 45.8843071], [21.756299, 45.8848185], [21.7573395, 45.8852646], [21.7583182, 45.8854533], [21.7596295, 45.8862804], [21.7602702, 45.8866039], [21.7609372, 45.8868001], [21.7620537, 45.886818], [21.7628148, 45.8866517], [21.7656955, 45.8854255], [21.7670265, 45.8849178], [21.7679777, 45.8846577], [21.7685937, 45.8843173], [21.7691364, 45.8838556], [21.769257, 45.883859], [21.7692066, 45.8840831], [21.7687498, 45.8851796], [21.7688018, 45.8859559], [21.7703813, 45.8863104], [21.7718235, 45.8861526], [21.7731956, 45.8855817], [21.7739956, 45.8844192], [21.7741364, 45.8841893], [21.7739015, 45.883311], [21.7742921, 45.8820633], [21.7746144, 45.8814377], [21.7753254, 45.8807351], [21.7758026, 45.8799001], [21.7761274, 45.8796459], [21.7768312, 45.8795043], [21.7772341, 45.8790361], [21.7778649, 45.8786113], [21.778448, 45.8779411], [21.7791178, 45.8774332], [21.7794541, 45.8768929], [21.7800818, 45.8764018], [21.7813983, 45.8759374], [21.7824666, 45.875334], [21.7838971, 45.8750324], [21.7840725, 45.8748063], [21.7844862, 45.8746772], [21.7847294, 45.8744624], [21.7856862, 45.8742787], [21.7858154, 45.8740722], [21.7864625, 45.8740857], [21.7872605, 45.8738634], [21.7880687, 45.873796], [21.7905906, 45.8731843], [21.7912191, 45.8727013], [21.7917387, 45.872596], [21.7919318, 45.8724614], [21.7919426, 45.872127], [21.7923359, 45.8718936], [21.7925322, 45.8715067], [21.7932258, 45.8713315], [21.7939675, 45.8713998], [21.7948571, 45.8710686], [21.7952946, 45.8706905], [21.7955624, 45.8705876], [21.7955895, 45.8704412], [21.7958263, 45.8702668], [21.7963974, 45.8699742], [21.7966874, 45.8695494], [21.7980874, 45.8690231], [21.7993358, 45.8681293], [21.799918, 45.8679699], [21.8003742, 45.8680932], [21.8010188, 45.8681184], [21.8012016, 45.8680452], [21.8016262, 45.8675316], [21.8018086, 45.8668148], [21.8021797, 45.8664804], [21.8021729, 45.8659472], [21.802705, 45.8656063], [21.8031651, 45.86544], [21.8035515, 45.864936], [21.8040888, 45.8645857], [21.8045353, 45.8639507], [21.8046476, 45.8636826], [21.8045849, 45.8632642], [21.805403, 45.8621693], [21.8052268, 45.8617442], [21.8054231, 45.8618779], [21.8066211, 45.8647227], [21.8083087, 45.8663967], [21.8109167, 45.8651211], [21.8137792, 45.8641576], [21.8146813, 45.8637077], [21.815155, 45.8638806], [21.8150585, 45.8646119], [21.8153489, 45.8651372], [21.8160895, 45.8658091], [21.8160601, 45.8662938], [21.8168147, 45.8666452], [21.8173351, 45.8667413], [21.8175907, 45.8673009], [21.8180624, 45.8676233], [21.8180843, 45.8682344], [21.8185815, 45.868143], [21.8188237, 45.8681919], [21.8192352, 45.8684468], [21.8194468, 45.8687312], [21.8199613, 45.8689696], [21.8215191, 45.8683805], [21.8223995, 45.8681598], [21.8259766, 45.8708425], [21.8262385, 45.8707788], [21.8267104, 45.8713375], [21.8279458, 45.8720731], [21.8282701, 45.8726079], [21.8286744, 45.872856], [21.8292456, 45.8735322], [21.8307522, 45.8745761], [21.8319728, 45.8757255], [21.8321887, 45.8758065], [21.8334914, 45.8768697], [21.8377844, 45.8796065], [21.8376985, 45.8796594], [21.8378264, 45.8797972], [21.8379595, 45.8798772], [21.8364524, 45.8808661], [21.8361069, 45.8812395], [21.836728, 45.8812716], [21.8366246, 45.8815648], [21.8367062, 45.8816553], [21.8374969, 45.8817863], [21.8375485, 45.8818746], [21.8372254, 45.882217], [21.8372563, 45.8823706], [21.8374404, 45.8824165], [21.8377328, 45.8822469], [21.8380202, 45.8822996], [21.8380616, 45.8824008], [21.8378425, 45.8827143], [21.8383867, 45.8829255], [21.8381543, 45.8833253], [21.8377689, 45.8835712], [21.8380117, 45.8837438], [21.8381246, 45.8840847], [21.8386606, 45.8842746], [21.8386554, 45.8844323], [21.8381796, 45.8845132], [21.8380582, 45.8847244], [21.8387502, 45.8848909], [21.8388264, 45.8850414], [21.8387606, 45.8851712], [21.8380761, 45.885072], [21.837919, 45.8851492], [21.8378903, 45.8852892], [21.8379606, 45.8854465], [21.838506, 45.8855037], [21.8383393, 45.8857895], [21.8385921, 45.8859861], [21.838318, 45.8862969], [21.8384781, 45.8863988], [21.8389128, 45.8862944], [21.8391407, 45.8873691], [21.8393495, 45.8873788], [21.839767, 45.8871982], [21.8400318, 45.887256], [21.8398667, 45.887641], [21.8403768, 45.8880223], [21.8402683, 45.8884468], [21.8405692, 45.8887982], [21.8411444, 45.8890286], [21.8412513, 45.8894711], [21.841961, 45.8895412], [21.8419202, 45.8899314], [21.8420189, 45.8900539], [21.8426409, 45.8902374], [21.8431807, 45.8900971], [21.8433665, 45.8901456], [21.8433756, 45.8902848], [21.8429982, 45.8906889], [21.8430826, 45.8908623], [21.8434837, 45.8909392], [21.8443419, 45.8913214], [21.8445925, 45.8911914], [21.8454044, 45.8913868], [21.8459187, 45.8916958], [21.8468516, 45.8918935], [21.8473066, 45.8922837], [21.8481029, 45.8924426], [21.8490523, 45.8930981], [21.8495257, 45.8930966], [21.8497812, 45.89318], [21.8498654, 45.8935256], [21.8496273, 45.8937007], [21.8495917, 45.8938629], [21.8499126, 45.8942902], [21.8494844, 45.8945243], [21.84931, 45.8949406], [21.8496597, 45.8955093], [21.8495095, 45.8960578], [21.8496074, 45.8963277], [21.8503416, 45.8966836], [21.8510876, 45.8969171], [21.8515696, 45.8973305], [21.8521045, 45.8973768], [21.8525611, 45.8979509], [21.8527652, 45.8979985], [21.8531362, 45.8977975], [21.8533561, 45.8977809], [21.8532997, 45.8981076], [21.8546182, 45.8984476], [21.8555961, 45.8990337], [21.8556174, 45.8992867], [21.8559726, 45.8995539], [21.8560022, 45.8998114], [21.8557366, 45.9001358], [21.8558133, 45.9002953], [21.855459, 45.9005422], [21.8549567, 45.9011719], [21.8534276, 45.9020582], [21.8533061, 45.902313], [21.8530454, 45.9022978], [21.8528107, 45.9021279], [21.8526392, 45.9021907], [21.8528226, 45.9037701], [21.8525406, 45.90414], [21.8522971, 45.9047581], [21.8515703, 45.9055853], [21.8524178, 45.9059377], [21.8527314, 45.9063447], [21.8534359, 45.9062297], [21.8539588, 45.9064001], [21.8553506, 45.9064848], [21.8545437, 45.9079723], [21.8543108, 45.9092359], [21.8566418, 45.9098858], [21.8590014, 45.9109238], [21.8583292, 45.9121342], [21.8566731, 45.9164459], [21.8560837, 45.9172829], [21.8553104, 45.9189046], [21.8553367, 45.9192788], [21.8557033, 45.9199715], [21.8557298, 45.9209704], [21.855551, 45.922102], [21.8557127, 45.9235838], [21.8555098, 45.9247006], [21.854668, 45.9275282], [21.8540624, 45.9287848], [21.8540133, 45.9295186], [21.8532422, 45.9319304], [21.8522542, 45.9360394], [21.8514207, 45.9383493], [21.8512648, 45.9392332], [21.8509001, 45.940302], [21.8513911, 45.9436703], [21.8513809, 45.9449815], [21.8511573, 45.9460569], [21.8513527, 45.9465422], [21.8513693, 45.9469488], [21.8513661, 45.9472054], [21.8502551, 45.9476362], [21.8443264, 45.9496748], [21.8436968, 45.94986], [21.8432147, 45.9499046], [21.8427388, 45.9501288], [21.8402695, 45.9528564], [21.8387767, 45.9557069], [21.8376274, 45.9568073], [21.8356206, 45.9576831], [21.8329078, 45.9582704], [21.8289383, 45.9595488], [21.8282941, 45.959901], [21.8254392, 45.9621449], [21.8248062, 45.9628785], [21.8244188, 45.9618363], [21.8234957, 45.9619521], [21.8231665, 45.9621839], [21.8232725, 45.9623743], [21.8227005, 45.9631533], [21.8225143, 45.9640787], [21.8217704, 45.9650944], [21.8219542, 45.9654442], [21.8219268, 45.9658185], [21.8214944, 45.9666563], [21.8216188, 45.9674991], [21.8210672, 45.9676119], [21.8207602, 45.9674792], [21.8211751, 45.9670848], [21.8211475, 45.9666987], [21.820934, 45.9666049], [21.8197252, 45.9678315], [21.8195587, 45.9676241], [21.8136072, 45.9602234], [21.8115083, 45.9577397], [21.8110194, 45.9574051], [21.8111894, 45.9570989], [21.811393, 45.9571731], [21.8115812, 45.9569308], [21.8120286, 45.9567288], [21.8116202, 45.9563123], [21.8131604, 45.956804], [21.8142042, 45.9570205], [21.8142364, 45.9566919], [21.815312, 45.9559562], [21.8149203, 45.9557166], [21.8153623, 45.9552413], [21.8146605, 45.9549486], [21.8140462, 45.954912], [21.8119862, 45.9536206], [21.8123697, 45.9533687], [21.8126024, 45.9534233], [21.8131359, 45.953288], [21.8127175, 45.9530657], [21.8129261, 45.9529385], [21.8135563, 45.9529274], [21.8133884, 45.9531396], [21.8137877, 45.9534138], [21.8140608, 45.9535032], [21.8141944, 45.9532516], [21.8148021, 45.9532459], [21.8148194, 45.9534482], [21.8146544, 45.9535183], [21.8148659, 45.9537234], [21.8154499, 45.9537427], [21.8154967, 45.9539267], [21.8165824, 45.9543545], [21.81783, 45.9530495], [21.8180989, 45.9522076], [21.8182301, 45.9509201], [21.8188879, 45.9505054], [21.8189982, 45.9500292], [21.8187073, 45.9491134], [21.8171762, 45.9494155], [21.8173113, 45.9488091], [21.8156311, 45.9486931], [21.8160005, 45.9482742], [21.815263, 45.9488627], [21.81533, 45.9492687], [21.8114963, 45.9490543], [21.8112539, 45.948195], [21.8113255, 45.9477511], [21.8111436, 45.9475477], [21.8113747, 45.9466747], [21.8111833, 45.9463689], [21.8076655, 45.9465485], [21.8079878, 45.9452122], [21.8079669, 45.944605], [21.804053, 45.9439376], [21.8020223, 45.9437089], [21.8016472, 45.9441301], [21.8010897, 45.9439524], [21.8011203, 45.9434464], [21.8005499, 45.9398142], [21.8005179, 45.9383345], [21.8000514, 45.9360373], [21.7999255, 45.9340539], [21.7995266, 45.9327206], [21.7994153, 45.9313068], [21.7994356, 45.9252799], [21.7994994, 45.9250882], [21.7999803, 45.9249682], [21.8017241, 45.9240085], [21.803326, 45.92274], [21.8038929, 45.9221125], [21.8044464, 45.9218371], [21.8053183, 45.9211465], [21.8007647, 45.9205818], [21.7985028, 45.9204415], [21.7938055, 45.9198855], [21.7925507, 45.9196526], [21.7750505, 45.9176757], [21.769714, 45.9168952], [21.7704276, 45.915774], [21.7698985, 45.9144647], [21.769034, 45.9114478], [21.7688297, 45.9110587], [21.7673381, 45.9097173], [21.766728, 45.9095306], [21.765072, 45.9094795], [21.7637906, 45.9093348], [21.7620975, 45.9101437], [21.7599622, 45.9109246], [21.7593044, 45.9112545], [21.7587935, 45.9113455], [21.7576497, 45.9119223], [21.7563417, 45.9118935], [21.7555201, 45.9117146], [21.7547011, 45.911083], [21.7544632, 45.9111346], [21.7542899, 45.9113074], [21.753717, 45.9115744], [21.7533135, 45.9114938], [21.7531187, 45.9116938], [21.7523328, 45.9119269], [21.7521708, 45.9119057], [21.7521925, 45.9116702], [21.7519619, 45.9116664], [21.751239, 45.9119791], [21.7505541, 45.9121572], [21.7504779, 45.9123022], [21.7508244, 45.9123676], [21.7507283, 45.9124455], [21.748228, 45.913068], [21.747188, 45.9132415], [21.7456488, 45.9154995], [21.7449714, 45.9163142], [21.7440257, 45.9160025], [21.7435648, 45.9159532], [21.7408711, 45.9148985], [21.738996, 45.9137901], [21.7376627, 45.9136218], [21.7364345, 45.9131742], [21.7311221, 45.9092619], [21.7306387, 45.9042327], [21.730677, 45.9023276], [21.73054, 45.901306], [21.7306691, 45.9007712], [21.7304561, 45.9001626], [21.7304725, 45.8990644], [21.7303112, 45.8982133], [21.7301041, 45.8982838], [21.728609, 45.8979693], [21.7279986, 45.8977574], [21.7278981, 45.8977406]]]]}}, {"id": "98", "type": "Feature", "properties": {"name": "Brestov\u0103\u021b", "judet": "TIMI\u0218", "admin_level": "8", "wikidata": "Q14772582", "place": "municipality", "osm_id": 13954500, "siruta": "156151", "siruta_score": null, "pop_total": 0, "gp_count": null, "nearest_school_m": 3222.6247138515146, "nearest_gp_m": null, "nearest_er_m": 29086.917775809685, "school_score": 68.24821837354979, "gp_score": null, "hospital_score": 52.28270556047579, "composite_score": 62.92638076919179, "partial_data": true, "_color_composite": "#e8c8b8", "_color_school": "#e8c8b8", "_color_gp": "#9a9a9a", "_color_hospital": "#d99080", "_display_color": "#e8c8b8"}, "geometry": {"type": "MultiPolygon", "coordinates": [[[[21.6111474, 45.928564], [21.6119054, 45.9278563], [21.6130528, 45.9256059], [21.6132868, 45.9250788], [21.6135743, 45.923149], [21.6135646, 45.9221948], [21.6123657, 45.920843], [21.6118587, 45.9196867], [21.6127725, 45.9172638], [21.6122741, 45.9150796], [21.6125102, 45.9133661], [21.6136567, 45.912265], [21.6146815, 45.911766], [21.6158635, 45.910867], [21.6169269, 45.9083608], [21.6168794, 45.907406], [21.6156372, 45.90528], [21.615312, 45.9041936], [21.6152858, 45.9024569], [21.6158978, 45.9001402], [21.6161063, 45.8997781], [21.6174929, 45.8983736], [21.6193349, 45.8973578], [21.6204608, 45.8958718], [21.6215311, 45.8941375], [21.6220518, 45.8902561], [21.6230339, 45.8870598], [21.6230529, 45.8865352], [21.623724, 45.884558], [21.6246477, 45.8832718], [21.6255192, 45.8815827], [21.6256691, 45.8793198], [21.6286257, 45.8755176], [21.6297026, 45.8751226], [21.6312206, 45.8748195], [21.63163, 45.8738193], [21.6329758, 45.8721652], [21.6342019, 45.8701307], [21.6350214, 45.8690666], [21.6370717, 45.8674212], [21.6374532, 45.8671978], [21.6389391, 45.8667567], [21.6395938, 45.8663187], [21.6391071, 45.8660049], [21.636473, 45.8649176], [21.6346741, 45.8640265], [21.6326432, 45.8632745], [21.6271556, 45.8608166], [21.625247, 45.8601329], [21.6246105, 45.8597588], [21.6257606, 45.8564691], [21.6264504, 45.8549126], [21.6277037, 45.85066], [21.6278439, 45.8505027], [21.6282789, 45.8500535], [21.6302844, 45.8484686], [21.6310576, 45.8475638], [21.6315862, 45.8466854], [21.6326684, 45.8455788], [21.6355023, 45.8437311], [21.6371286, 45.843268], [21.6382331, 45.8432446], [21.6384376, 45.8431506], [21.6402232, 45.8416554], [21.640927, 45.8406403], [21.6417883, 45.8386618], [21.6435873, 45.8358167], [21.6474074, 45.8343881], [21.6501077, 45.8335737], [21.6499039, 45.8334927], [21.6505118, 45.8323835], [21.6558525, 45.8234046], [21.6556534, 45.8231779], [21.6557941, 45.8230848], [21.6561378, 45.820106], [21.656583, 45.8139193], [21.657478, 45.8143025], [21.6580173, 45.8146637], [21.6584337, 45.8152092], [21.6586309, 45.8156384], [21.6584102, 45.816336], [21.6583531, 45.8171564], [21.6585412, 45.8171689], [21.6591089, 45.8169632], [21.6609241, 45.817], [21.6693868, 45.8168632], [21.6707494, 45.816956], [21.6734505, 45.8176075], [21.6751258, 45.8182235], [21.6760759, 45.8184715], [21.6764537, 45.8186353], [21.6761587, 45.8191874], [21.6762952, 45.8192969], [21.6772477, 45.8196046], [21.6788367, 45.8204031], [21.6801465, 45.8209009], [21.6803728, 45.8207714], [21.6820978, 45.8205965], [21.6827346, 45.8204438], [21.6833084, 45.8205535], [21.6835849, 45.8204144], [21.6850274, 45.820204], [21.6852724, 45.8199611], [21.685655, 45.8198084], [21.6853782, 45.8193504], [21.6855274, 45.8192478], [21.6859644, 45.8192054], [21.6862931, 45.8189566], [21.687674, 45.8186472], [21.6895372, 45.8176042], [21.6897146, 45.8173978], [21.6895856, 45.8171941], [21.6895465, 45.8171165], [21.6919614, 45.8163982], [21.69222, 45.8160329], [21.6936244, 45.815495], [21.6964021, 45.8150556], [21.6966472, 45.8148419], [21.6966585, 45.8146506], [21.6969226, 45.8145208], [21.6980197, 45.8146091], [21.7002131, 45.814196], [21.7004478, 45.8148379], [21.7001036, 45.8154177], [21.7004405, 45.8161089], [21.7016332, 45.8175982], [21.7047579, 45.8209823], [21.706829, 45.8236403], [21.7071428, 45.8239133], [21.7075936, 45.8239527], [21.7080308, 45.8241542], [21.7080803, 45.8242917], [21.7078508, 45.8244708], [21.7068046, 45.8247544], [21.7084949, 45.8270828], [21.7088159, 45.8272337], [21.7089418, 45.8277943], [21.7086393, 45.8282684], [21.708149, 45.8282917], [21.708521, 45.8286716], [21.70797, 45.8289488], [21.7081465, 45.829358], [21.7080453, 45.8295912], [21.7078628, 45.8296192], [21.7072817, 45.8293636], [21.707501, 45.8290491], [21.7074028, 45.8289615], [21.7066013, 45.8290037], [21.706303, 45.8291089], [21.7062675, 45.8292282], [21.7068856, 45.8294641], [21.7068943, 45.8296199], [21.7061888, 45.8296856], [21.7059098, 45.8299331], [21.7063762, 45.8300451], [21.706567, 45.8305101], [21.7064252, 45.8305894], [21.7058784, 45.830593], [21.7054222, 45.8303076], [21.7050748, 45.8304351], [21.7048752, 45.8306515], [21.7053252, 45.8307381], [21.7054928, 45.8309957], [21.7048666, 45.8317965], [21.7045215, 45.8317157], [21.704646, 45.8312387], [21.7045552, 45.8311944], [21.7043855, 45.8312075], [21.7041464, 45.83162], [21.7037594, 45.8316769], [21.7034915, 45.8312331], [21.7029658, 45.8311165], [21.7029153, 45.831197], [21.7032763, 45.831548], [21.7032798, 45.8317564], [21.7031376, 45.8319151], [21.7029367, 45.8319176], [21.7028616, 45.8316085], [21.7024314, 45.8313544], [21.702344, 45.8314533], [21.7025492, 45.8317814], [21.7024211, 45.8318638], [21.7019952, 45.8317057], [21.7015834, 45.8321146], [21.7014046, 45.8320469], [21.7011332, 45.831696], [21.7005662, 45.8320188], [21.7000441, 45.8318398], [21.6998164, 45.8321957], [21.6992459, 45.8323499], [21.6992399, 45.8324511], [21.6998677, 45.8324901], [21.7001635, 45.8326972], [21.7000852, 45.8328116], [21.6995483, 45.8328155], [21.6992442, 45.8329831], [21.6998389, 45.8331431], [21.6997275, 45.8334468], [21.698913, 45.8334732], [21.6985969, 45.8335752], [21.6986394, 45.8337972], [21.6992082, 45.8338248], [21.6994193, 45.8340198], [21.6993314, 45.8342545], [21.6990311, 45.8341556], [21.6987276, 45.8342121], [21.6986098, 45.8343225], [21.6991905, 45.8349546], [21.6983368, 45.8348035], [21.6981303, 45.834867], [21.6986936, 45.8354247], [21.6986845, 45.8355772], [21.6983583, 45.8357497], [21.6979457, 45.8357683], [21.6979105, 45.8359877], [21.697684, 45.8361215], [21.6979439, 45.8364317], [21.6977103, 45.8364819], [21.6974857, 45.8366837], [21.6975594, 45.8367817], [21.6981844, 45.8368427], [21.6979885, 45.8373647], [21.6984037, 45.8377045], [21.6982917, 45.8377832], [21.6979865, 45.8376073], [21.6977705, 45.8376288], [21.6978112, 45.837948], [21.6975993, 45.8380696], [21.6969421, 45.8378215], [21.6967547, 45.8378313], [21.6966467, 45.8379087], [21.6968199, 45.8379387], [21.696858, 45.8382343], [21.6966485, 45.8383476], [21.6962515, 45.8380362], [21.6958678, 45.8380709], [21.6961354, 45.8382522], [21.6962315, 45.8385922], [21.6960927, 45.8386881], [21.6954797, 45.8386329], [21.6952796, 45.8389909], [21.6950153, 45.8390902], [21.6950957, 45.839318], [21.6954811, 45.8391875], [21.69581, 45.8392734], [21.6962515, 45.8391682], [21.6965387, 45.8392195], [21.6967082, 45.8393786], [21.696724, 45.8399157], [21.6963028, 45.8399799], [21.6961306, 45.8397666], [21.6956088, 45.8398153], [21.6954522, 45.8399761], [21.6951475, 45.8399853], [21.6951319, 45.8401082], [21.6956372, 45.8401354], [21.6956484, 45.8403162], [21.6958521, 45.8405013], [21.6957877, 45.8408161], [21.6955614, 45.8408776], [21.6952205, 45.8407594], [21.6948718, 45.8411226], [21.6945705, 45.8411749], [21.6943587, 45.8413938], [21.6937387, 45.8412564], [21.6934393, 45.8413088], [21.6935678, 45.8418464], [21.6934375, 45.8421662], [21.6931876, 45.8422895], [21.6928848, 45.8423002], [21.6925082, 45.8419129], [21.6922916, 45.8419176], [21.6921683, 45.8421529], [21.691939, 45.8421976], [21.6916218, 45.8420148], [21.6914302, 45.8417274], [21.6904174, 45.841541], [21.690164, 45.8416163], [21.6902001, 45.8417451], [21.6908186, 45.8421089], [21.6910214, 45.8423759], [21.6908101, 45.8424864], [21.6897353, 45.8421066], [21.6895397, 45.8421537], [21.689623, 45.8423908], [21.6894631, 45.8427064], [21.6895279, 45.8428541], [21.6901566, 45.842946], [21.6902537, 45.8432863], [21.6899243, 45.8434639], [21.6892562, 45.8434667], [21.6891592, 45.8437264], [21.68937, 45.8439936], [21.6888015, 45.844059], [21.6887246, 45.8441428], [21.6894886, 45.8443997], [21.689651, 45.8447113], [21.6895671, 45.8449519], [21.6886553, 45.845123], [21.6885005, 45.8447505], [21.6882687, 45.8446368], [21.6881973, 45.8449347], [21.6879105, 45.8450444], [21.6874317, 45.8451055], [21.6870571, 45.8449849], [21.6866535, 45.8450538], [21.6866939, 45.8454061], [21.6873995, 45.8455433], [21.688023, 45.8458238], [21.6880996, 45.8459733], [21.6879607, 45.8460679], [21.6874438, 45.8459015], [21.6872143, 45.845949], [21.687143, 45.846373], [21.6874371, 45.846776], [21.6873278, 45.8470089], [21.6870709, 45.8469366], [21.686939, 45.8466814], [21.6867, 45.846655], [21.6859908, 45.8469135], [21.6855774, 45.8473395], [21.685123, 45.8474582], [21.6851014, 45.8475868], [21.6855321, 45.8477345], [21.6858345, 45.8484693], [21.6857919, 45.848618], [21.6847413, 45.8489985], [21.684578, 45.8492562], [21.6841389, 45.8495531], [21.6839474, 45.8499975], [21.6833047, 45.8499117], [21.682703, 45.850065], [21.6824716, 45.8499124], [21.6822653, 45.8499037], [21.6819636, 45.8504263], [21.6820305, 45.8507046], [21.6824357, 45.8511455], [21.6822711, 45.851338], [21.6820007, 45.8513384], [21.6817091, 45.8508212], [21.6814401, 45.8506648], [21.6812726, 45.8508637], [21.6816634, 45.8511778], [21.6815746, 45.8513002], [21.6803444, 45.8512575], [21.6803776, 45.8513327], [21.6808538, 45.8514493], [21.6809593, 45.8516149], [21.6808652, 45.8517593], [21.6802713, 45.8518823], [21.6805974, 45.8521821], [21.6805441, 45.8523344], [21.6801384, 45.8525684], [21.6803922, 45.8529147], [21.6802903, 45.85326], [21.6805619, 45.8533402], [21.680603, 45.8535511], [21.6802395, 45.853778], [21.6795976, 45.8531978], [21.6786509, 45.8531441], [21.6786216, 45.8532363], [21.6789807, 45.8534828], [21.6790168, 45.8536436], [21.6787214, 45.8537627], [21.6783104, 45.8536855], [21.6781541, 45.8537726], [21.6781895, 45.8545814], [21.6783908, 45.8548733], [21.6784278, 45.8552202], [21.6777211, 45.8551344], [21.6778408, 45.8555614], [21.6775605, 45.8558518], [21.6776069, 45.8561392], [21.6774955, 45.8563068], [21.6769758, 45.8567344], [21.6762723, 45.8569611], [21.6762387, 45.8572573], [21.6760943, 45.8574126], [21.6760765, 45.8576121], [21.6764223, 45.8578486], [21.6765468, 45.8582948], [21.6759648, 45.8588181], [21.6759746, 45.8594526], [21.6757548, 45.8595378], [21.6756669, 45.8597099], [21.6757857, 45.8606521], [21.6866805, 45.8610299], [21.6862759, 45.8637484], [21.6798263, 45.8634019], [21.6796462, 45.8635869], [21.6796072, 45.8649091], [21.6797473, 45.865076], [21.6801473, 45.865239], [21.6817558, 45.8655029], [21.6825776, 45.8657296], [21.6836994, 45.8658514], [21.6844379, 45.8661944], [21.6867486, 45.8682013], [21.687954, 45.8690513], [21.6885866, 45.8696972], [21.6893389, 45.8702245], [21.6901683, 45.8711037], [21.6952183, 45.8779847], [21.6976365, 45.8835947], [21.6984136, 45.8850705], [21.6985039, 45.8856018], [21.6989795, 45.886682], [21.6996359, 45.8877632], [21.6998455, 45.8883301], [21.7003323, 45.8888463], [21.7013429, 45.8906414], [21.7016036, 45.8913498], [21.7024254, 45.8926691], [21.7031212, 45.8940733], [21.7038302, 45.8949488], [21.7048151, 45.8957045], [21.7055263, 45.8965319], [21.7084307, 45.8954049], [21.7096556, 45.8947364], [21.7100958, 45.8946616], [21.7118338, 45.8939345], [21.7122397, 45.8939351], [21.7126546, 45.8941193], [21.7135532, 45.8940915], [21.7165686, 45.8950191], [21.7184979, 45.8955073], [21.7198929, 45.8957243], [21.7199906, 45.8958896], [21.7217999, 45.8961336], [21.7219179, 45.8962592], [21.7224387, 45.8963291], [21.7223738, 45.8965869], [21.7228498, 45.8967145], [21.7247253, 45.8969298], [21.7252527, 45.897063], [21.7254834, 45.8972682], [21.7260911, 45.8973111], [21.7278284, 45.8977428], [21.7278981, 45.8977406], [21.7279986, 45.8977574], [21.728609, 45.8979693], [21.7301041, 45.8982838], [21.7303112, 45.8982133], [21.7304725, 45.8990644], [21.7304561, 45.9001626], [21.7306691, 45.9007712], [21.73054, 45.901306], [21.730677, 45.9023276], [21.7306387, 45.9042327], [21.7311221, 45.9092619], [21.7364345, 45.9131742], [21.7376627, 45.9136218], [21.738996, 45.9137901], [21.7408711, 45.9148985], [21.7435648, 45.9159532], [21.7440257, 45.9160025], [21.7449714, 45.9163142], [21.7456488, 45.9154995], [21.747188, 45.9132415], [21.748228, 45.913068], [21.7507283, 45.9124455], [21.7508244, 45.9123676], [21.7504779, 45.9123022], [21.7505541, 45.9121572], [21.751239, 45.9119791], [21.7519619, 45.9116664], [21.7521925, 45.9116702], [21.7521708, 45.9119057], [21.7523328, 45.9119269], [21.7531187, 45.9116938], [21.7533135, 45.9114938], [21.753717, 45.9115744], [21.7542899, 45.9113074], [21.7544632, 45.9111346], [21.7547011, 45.911083], [21.7555201, 45.9117146], [21.7563417, 45.9118935], [21.7576497, 45.9119223], [21.7587935, 45.9113455], [21.7593044, 45.9112545], [21.7599622, 45.9109246], [21.7620975, 45.9101437], [21.7637906, 45.9093348], [21.765072, 45.9094795], [21.766728, 45.9095306], [21.7673381, 45.9097173], [21.7688297, 45.9110587], [21.769034, 45.9114478], [21.7698985, 45.9144647], [21.7704276, 45.915774], [21.769714, 45.9168952], [21.7695372, 45.9169902], [21.7686295, 45.9180694], [21.7681363, 45.9192247], [21.7680444, 45.9200524], [21.7683882, 45.9211231], [21.7698492, 45.9234668], [21.7701326, 45.9243578], [21.7707863, 45.9253734], [21.7718232, 45.9278375], [21.7702317, 45.9328807], [21.7699857, 45.9343698], [21.7693446, 45.9358066], [21.7686012, 45.9393429], [21.7687253, 45.9396075], [21.769983, 45.9403069], [21.7704328, 45.9406774], [21.7707214, 45.9410577], [21.7709509, 45.9417002], [21.7715583, 45.94243], [21.7721324, 45.9428323], [21.7743805, 45.9450301], [21.7748006, 45.9458891], [21.7751394, 45.9471947], [21.7754331, 45.9474196], [21.7755192, 45.9482692], [21.7753771, 45.9486564], [21.7749974, 45.9490901], [21.7745996, 45.9490122], [21.773642, 45.9511274], [21.7698327, 45.9530243], [21.7682113, 45.9537089], [21.7648619, 45.9554298], [21.7625688, 45.9564552], [21.7619281, 45.9574529], [21.761881, 45.9580092], [21.7610228, 45.9593764], [21.7591444, 45.9610891], [21.7577882, 45.9629363], [21.7564945, 45.9641824], [21.7550003, 45.9663581], [21.752584, 45.9688127], [21.7502941, 45.9722228], [21.7493025, 45.9732049], [21.7478098, 45.9741112], [21.7472592, 45.9750065], [21.7468001, 45.9754727], [21.7435637, 45.9774135], [21.7423243, 45.9784975], [21.7414585, 45.9799194], [21.7411332, 45.9807685], [21.7400995, 45.9817321], [21.7395859, 45.9824007], [21.7393932, 45.9858101], [21.7384392, 45.9877708], [21.7380179, 45.9883441], [21.7370294, 45.9892935], [21.7366485, 45.9900075], [21.7341297, 45.9893102], [21.7335723, 45.9890943], [21.7329712, 45.9886563], [21.7326599, 45.9875712], [21.7328449, 45.9857166], [21.7327447, 45.9853888], [21.7316009, 45.9840707], [21.7302549, 45.9832378], [21.7286953, 45.9818164], [21.7270075, 45.9807277], [21.7252677, 45.9789026], [21.7241859, 45.9779856], [21.7226859, 45.9770412], [21.7215784, 45.9757989], [21.7213745, 45.9750681], [21.7219968, 45.9717567], [21.7246614, 45.9684326], [21.723238, 45.9675374], [21.7203132, 45.9652127], [21.7150097, 45.9620485], [21.7139264, 45.9612128], [21.7134953, 45.9603505], [21.7134757, 45.9599416], [21.7137093, 45.9592297], [21.714265, 45.9585236], [21.7146761, 45.9562985], [21.7140896, 45.9548075], [21.713457, 45.9542561], [21.7092064, 45.9513667], [21.7077989, 45.9494881], [21.7074365, 45.9484642], [21.7061885, 45.9462458], [21.7038455, 45.9448269], [21.7030862, 45.9439968], [21.6992958, 45.9373948], [21.6932225, 45.925991], [21.6931375, 45.9255056], [21.6932461, 45.925091], [21.692964, 45.9234698], [21.6928396, 45.920302], [21.6924245, 45.9163431], [21.6889528, 45.914868], [21.6830012, 45.9125755], [21.6784158, 45.9105793], [21.6748478, 45.9095244], [21.6681009, 45.9063397], [21.667721, 45.9062355], [21.6675001, 45.9063013], [21.6668781, 45.9071797], [21.6659577, 45.9081429], [21.6658984, 45.9087964], [21.6655613, 45.909604], [21.6655788, 45.9098433], [21.6660931, 45.9105078], [21.6662696, 45.9122788], [21.6631861, 45.9142319], [21.6629683, 45.9146758], [21.662971, 45.9152736], [21.6630272, 45.9158815], [21.6644875, 45.9177122], [21.6649689, 45.9189308], [21.6658211, 45.9197592], [21.6662393, 45.9212662], [21.6670597, 45.9227161], [21.6676804, 45.9258573], [21.6676059, 45.9262734], [21.6671116, 45.9273383], [21.6661281, 45.9280244], [21.6640813, 45.9298644], [21.6639722, 45.9301584], [21.6644718, 45.9322575], [21.6633209, 45.9333473], [21.6619941, 45.9354278], [21.6579066, 45.9369626], [21.6569644, 45.9371762], [21.6552863, 45.9379025], [21.6549298, 45.9382079], [21.6543683, 45.9394559], [21.6544491, 45.9401711], [21.6547277, 45.9406593], [21.6549362, 45.9417595], [21.6542502, 45.942263], [21.6516593, 45.9446853], [21.6507009, 45.9452087], [21.6483807, 45.9475217], [21.6457185, 45.9469572], [21.6422216, 45.9450055], [21.6394356, 45.9442068], [21.6371041, 45.9431453], [21.6359329, 45.942944], [21.6335968, 45.9429599], [21.6300202, 45.9427725], [21.6296029, 45.9427305], [21.6281059, 45.9427685], [21.6260452, 45.9431178], [21.6236936, 45.9433711], [21.6214645, 45.9431902], [21.6211539, 45.9428841], [21.6200678, 45.9421521], [21.6195138, 45.9416313], [21.6192993, 45.9412812], [21.6190772, 45.940275], [21.6184737, 45.9387147], [21.6172872, 45.9378523], [21.6160445, 45.9371738], [21.6159346, 45.9367689], [21.6156269, 45.9362861], [21.6150326, 45.9341328], [21.6150378, 45.932693], [21.6152878, 45.9316065], [21.6150518, 45.931081], [21.614537, 45.9305376], [21.6131355, 45.9297115], [21.6120279, 45.9292528], [21.6111474, 45.928564]]]]}}]}